--- mpg123 log initialized ---

--- mpg123 session started at Thu Jul 23 19:04:56 2026 ---
> VOLUME 80
> LOAD /home/piotek/Work/mp3-player/music/YT/Foo Fighters - The Sky Is A Neighborhood.mp3
> PAUSE
> PAUSE
> VOLUME 82
> VOLUME 85
> VOLUME 89
> VOLUME 95
> VOLUME 100
> VOLUME 99
> VOLUME 97
> VOLUME 96
> VOLUME 95
> VOLUME 94
> VOLUME 91
> VOLUME 89
> VOLUME 84
> VOLUME 79
> VOLUME 75
> VOLUME 67
> VOLUME 62
> VOLUME 55
> VOLUME 48
> VOLUME 37
> VOLUME 26
> VOLUME 16
> VOLUME 6
> VOLUME 0
> VOLUME 1
> VOLUME 4
> VOLUME 8
> VOLUME 11
> VOLUME 15
> VOLUME 16
> VOLUME 18
> VOLUME 20
> VOLUME 23
> VOLUME 24
> VOLUME 26
> VOLUME 27
> VOLUME 28
> VOLUME 30
> VOLUME 34
> VOLUME 38
> VOLUME 42
> VOLUME 44
> VOLUME 45
> VOLUME 46
> VOLUME 47
> VOLUME 48
> VOLUME 49
> VOLUME 50
> VOLUME 52
> VOLUME 54
> VOLUME 57
> VOLUME 60
> VOLUME 63
> VOLUME 65
> VOLUME 68
> VOLUME 70
> VOLUME 73
> VOLUME 74
> VOLUME 78
> VOLUME 80
> VOLUME 82
> VOLUME 84
> VOLUME 87
> VOLUME 89
> VOLUME 90
> VOLUME 91
> VOLUME 93
> VOLUME 94
> VOLUME 96
> VOLUME 97
> VOLUME 98
> VOLUME 99
> VOLUME 100
> LOAD /home/piotek/Work/mp3-player/music/YT/alice-merton-no-roots.mp3
> LOAD /home/piotek/Work/mp3-player/music/YT/macklemore-ryan-lewis-downtown-official-music-video.mp3
> STOP
> STOP
> STOP
> STOP
> STOP
> STOP
> STOP
> STOP
> STOP
> LOAD /home/piotek/Work/mp3-player/music/YT/ofenbach-vs-nick-waterhouse-katchi-official-video.mp3
> LOAD /home/piotek/Work/mp3-player/music/YT/portugal-the-man-feel-it-still-official-video.mp3
> STOP
> STOP
> STOP
> STOP
> STOP
> STOP
> LOAD /home/piotek/Work/mp3-player/music/YT/macklemore-ryan-lewis-downtown-official-music-video.mp3
> LOAD /home/piotek/Work/mp3-player/music/YT/ofenbach-vs-nick-waterhouse-katchi-official-video.mp3
> LOAD /home/piotek/Work/mp3-player/music/YT/portugal-the-man-feel-it-still-official-video.mp3
> STOP
> LOAD /home/piotek/Work/mp3-player/music/YT/Foo Fighters - The Sky Is A Neighborhood.mp3
> LOAD /home/piotek/Work/mp3-player/music/YT/alice-merton-no-roots.mp3
> LOAD /home/piotek/Work/mp3-player/music/YT/macklemore-ryan-lewis-downtown-official-music-video.mp3
> LOAD /home/piotek/Work/mp3-player/music/YT/Foo Fighters - The Sky Is A Neighborhood.mp3
> LOAD /home/piotek/Work/mp3-player/music/YT/alice-merton-no-roots.mp3
> LOAD /home/piotek/Work/mp3-player/music/YT/ofenbach-vs-nick-waterhouse-katchi-official-video.mp3
> LOAD /home/piotek/Work/mp3-player/music/YT/Foo Fighters - The Sky Is A Neighborhood.mp3
< @R MPG123 (ThOr) v11
< @V 80.000000%
< @I {
< @I ID3v2.title:The Sky Is A Neighborhood
< @I ID3v2.artist:Foo Fighters
< @I }
< @P 2
< @S 1.0 3 44100 Joint-Stereo 2 626 2 0 0 0 192 0 1
< @F 0 9493 0.00 247.96
< @F 0 9493 0.00 247.96
< @F 1 9492 0.00 247.95
< @F 2 9491 0.03 247.93
< @F 3 9490 0.05 247.90
< @F 4 9489 0.08 247.88
< @F 5 9488 0.11 247.85
< @F 6 9487 0.13 247.82
< @F 7 9486 0.16 247.80
< @F 8 9485 0.18 247.77
< @F 9 9484 0.21 247.75
< @F 10 9483 0.24 247.72
< @F 11 9482 0.26 247.69
< @F 12 9481 0.29 247.67
< @F 13 9480 0.31 247.64
< @F 14 9479 0.34 247.61
< @F 15 9478 0.37 247.59
< @F 16 9477 0.39 247.56
< @F 17 9476 0.42 247.54
< @F 18 9475 0.45 247.51
< @F 19 9474 0.47 247.48
< @F 20 9473 0.50 247.46
< @F 21 9472 0.52 247.43
< @F 22 9471 0.55 247.41
< @F 23 9470 0.58 247.38
< @F 24 9469 0.60 247.35
< @F 25 9468 0.63 247.33
< @F 26 9467 0.65 247.30
< @F 27 9466 0.68 247.28
< @F 28 9465 0.71 247.25
< @F 29 9464 0.73 247.22
< @F 30 9463 0.76 247.20
< @F 31 9462 0.78 247.17
< @F 32 9461 0.81 247.14
< @F 33 9460 0.84 247.12
< @F 34 9459 0.86 247.09
< @F 35 9458 0.89 247.07
< @F 36 9457 0.92 247.04
< @F 37 9456 0.94 247.01
< @F 38 9455 0.97 246.99
< @F 39 9454 0.99 246.96
< @F 40 9453 1.02 246.94
< @F 41 9452 1.05 246.91
< @F 42 9451 1.07 246.88
< @F 43 9450 1.10 246.86
< @F 44 9449 1.12 246.83
< @F 45 9448 1.15 246.80
< @F 46 9447 1.18 246.78
< @F 47 9446 1.20 246.75
< @F 48 9445 1.23 246.73
< @F 49 9444 1.25 246.70
< @F 50 9443 1.28 246.67
< @F 51 9442 1.31 246.65
< @F 52 9441 1.33 246.62
< @F 53 9440 1.36 246.60
< @F 54 9439 1.39 246.57
< @F 55 9438 1.41 246.54
< @F 56 9437 1.44 246.52
< @F 57 9436 1.46 246.49
< @F 58 9435 1.49 246.47
< @F 59 9434 1.52 246.44
< @F 60 9433 1.54 246.41
< @F 61 9432 1.57 246.39
< @F 62 9431 1.59 246.36
< @F 63 9430 1.62 246.33
< @F 64 9429 1.65 246.31
< @F 65 9428 1.67 246.28
< @F 66 9427 1.70 246.26
< @F 67 9426 1.73 246.23
< @F 68 9425 1.75 246.20
< @F 69 9424 1.78 246.18
< @F 70 9423 1.80 246.15
< @F 71 9422 1.83 246.13
< @F 72 9421 1.86 246.10
< @F 73 9420 1.88 246.07
< @F 74 9419 1.91 246.05
< @F 75 9418 1.93 246.02
< @F 76 9417 1.96 246.00
< @F 77 9416 1.99 245.97
< @F 78 9415 2.01 245.94
< @F 79 9414 2.04 245.92
< @F 80 9413 2.06 245.89
< @F 81 9412 2.09 245.86
< @F 82 9411 2.12 245.84
< @F 83 9410 2.14 245.81
< @F 84 9409 2.17 245.79
< @F 85 9408 2.20 245.76
< @F 86 9407 2.22 245.73
< @F 87 9406 2.25 245.71
< @F 88 9405 2.27 245.68
< @F 89 9404 2.30 245.66
< @F 90 9403 2.33 245.63
< @F 91 9402 2.35 245.60
< @F 92 9401 2.38 245.58
< @F 93 9400 2.40 245.55
< @F 94 9399 2.43 245.52
< @F 95 9398 2.46 245.50
< @F 96 9397 2.48 245.47
< @F 97 9396 2.51 245.45
< @F 98 9395 2.53 245.42
< @F 99 9394 2.56 245.39
< @F 100 9393 2.59 245.37
< @F 101 9392 2.61 245.34
< @F 102 9391 2.64 245.32
< @F 103 9390 2.67 245.29
< @F 104 9389 2.69 245.26
< @F 105 9388 2.72 245.24
< @F 106 9387 2.74 245.21
< @F 107 9386 2.77 245.19
< @F 108 9385 2.80 245.16
< @F 109 9384 2.82 245.13
< @F 110 9383 2.85 245.11
< @F 111 9382 2.87 245.08
< @F 112 9381 2.90 245.05
< @F 113 9380 2.93 245.03
< @F 114 9379 2.95 245.00
< @F 115 9378 2.98 244.98
< @F 116 9377 3.01 244.95
< @F 117 9376 3.03 244.92
< @F 118 9375 3.06 244.90
< @F 119 9374 3.08 244.87
< @F 120 9373 3.11 244.85
< @F 121 9372 3.14 244.82
< @F 122 9371 3.16 244.79
< @F 123 9370 3.19 244.77
< @F 124 9369 3.21 244.74
< @F 125 9368 3.24 244.72
< @F 126 9367 3.27 244.69
< @F 127 9366 3.29 244.66
< @F 128 9365 3.32 244.64
< @F 129 9364 3.34 244.61
< @F 130 9363 3.37 244.58
< @F 131 9362 3.40 244.56
< @F 132 9361 3.42 244.53
< @F 133 9360 3.45 244.51
< @F 134 9359 3.48 244.48
< @F 135 9358 3.50 244.45
< @F 136 9357 3.53 244.43
< @F 137 9356 3.55 244.40
< @F 138 9355 3.58 244.38
< @F 139 9354 3.61 244.35
< @F 140 9353 3.63 244.32
< @F 141 9352 3.66 244.30
< @F 142 9351 3.68 244.27
< @F 143 9350 3.71 244.24
< @F 144 9349 3.74 244.22
< @F 145 9348 3.76 244.19
< @F 146 9347 3.79 244.17
< @F 147 9346 3.81 244.14
< @F 148 9345 3.84 244.11
< @F 149 9344 3.87 244.09
< @F 150 9343 3.89 244.06
< @F 151 9342 3.92 244.04
< @F 152 9341 3.95 244.01
< @F 153 9340 3.97 243.98
< @F 154 9339 4.00 243.96
< @F 155 9338 4.02 243.93
< @F 156 9337 4.05 243.91
< @F 157 9336 4.08 243.88
< @F 158 9335 4.10 243.85
< @F 159 9334 4.13 243.83
< @F 160 9333 4.15 243.80
< @F 161 9332 4.18 243.77
< @F 162 9331 4.21 243.75
< @F 163 9330 4.23 243.72
< @F 164 9329 4.26 243.70
< @F 165 9328 4.29 243.67
< @F 166 9327 4.31 243.64
< @F 167 9326 4.34 243.62
< @F 168 9325 4.36 243.59
< @F 169 9324 4.39 243.57
< @F 170 9323 4.42 243.54
< @F 171 9322 4.44 243.51
< @F 172 9321 4.47 243.49
< @F 173 9320 4.49 243.46
< @F 174 9319 4.52 243.44
< @F 175 9318 4.55 243.41
< @F 176 9317 4.57 243.38
< @F 177 9316 4.60 243.36
< @F 178 9315 4.62 243.33
< @F 179 9314 4.65 243.30
< @F 180 9313 4.68 243.28
< @F 181 9312 4.70 243.25
< @F 182 9311 4.73 243.23
< @F 183 9310 4.76 243.20
< @F 184 9309 4.78 243.17
< @F 185 9308 4.81 243.15
< @F 186 9307 4.83 243.12
< @F 187 9306 4.86 243.10
< @F 188 9305 4.89 243.07
< @F 189 9304 4.91 243.04
< @F 190 9303 4.94 243.02
< @F 191 9302 4.96 242.99
< @F 192 9301 4.99 242.96
< @F 193 9300 5.02 242.94
< @F 194 9299 5.04 242.91
< @F 195 9298 5.07 242.89
< @F 196 9297 5.09 242.86
< @F 197 9296 5.12 242.83
< @F 198 9295 5.15 242.81
< @F 199 9294 5.17 242.78
< @F 200 9293 5.20 242.76
< @F 201 9292 5.23 242.73
< @F 202 9291 5.25 242.70
< @F 203 9290 5.28 242.68
< @F 204 9289 5.30 242.65
< @F 205 9288 5.33 242.63
< @F 206 9287 5.36 242.60
< @F 207 9286 5.38 242.57
< @F 208 9285 5.41 242.55
< @F 209 9284 5.43 242.52
< @F 210 9283 5.46 242.49
< @F 211 9282 5.49 242.47
< @F 212 9281 5.51 242.44
< @F 213 9280 5.54 242.42
< @F 214 9279 5.57 242.39
< @F 215 9278 5.59 242.36
< @F 216 9277 5.62 242.34
< @F 217 9276 5.64 242.31
< @F 218 9275 5.67 242.29
< @F 219 9274 5.70 242.26
< @F 220 9273 5.72 242.23
< @F 221 9272 5.75 242.21
< @F 222 9271 5.77 242.18
< @F 223 9270 5.80 242.16
< @F 224 9269 5.83 242.13
< @F 225 9268 5.85 242.10
< @F 226 9267 5.88 242.08
< @F 227 9266 5.90 242.05
< @F 228 9265 5.93 242.02
< @F 229 9264 5.96 242.00
< @F 230 9263 5.98 241.97
< @F 231 9262 6.01 241.95
< @F 232 9261 6.04 241.92
< @F 233 9260 6.06 241.89
< @F 234 9259 6.09 241.87
< @F 235 9258 6.11 241.84
< @F 236 9257 6.14 241.82
< @F 237 9256 6.17 241.79
< @F 238 9255 6.19 241.76
< @F 239 9254 6.22 241.74
< @F 240 9253 6.24 241.71
< @F 241 9252 6.27 241.68
< @F 242 9251 6.30 241.66
< @F 243 9250 6.32 241.63
< @F 244 9249 6.35 241.61
< @F 245 9248 6.37 241.58
< @F 246 9247 6.40 241.55
< @F 247 9246 6.43 241.53
< @F 248 9245 6.45 241.50
< @F 249 9244 6.48 241.48
< @F 250 9243 6.51 241.45
< @F 251 9242 6.53 241.42
< @F 252 9241 6.56 241.40
< @F 253 9240 6.58 241.37
< @F 254 9239 6.61 241.35
< @F 255 9238 6.64 241.32
< @F 256 9237 6.66 241.29
< @F 257 9236 6.69 241.27
< @F 258 9235 6.71 241.24
< @F 259 9234 6.74 241.21
< @F 260 9233 6.77 241.19
< @F 261 9232 6.79 241.16
< @F 262 9231 6.82 241.14
< @F 263 9230 6.85 241.11
< @F 264 9229 6.87 241.08
< @F 265 9228 6.90 241.06
< @F 266 9227 6.92 241.03
< @F 267 9226 6.95 241.01
< @F 268 9225 6.98 240.98
< @F 269 9224 7.00 240.95
< @F 270 9223 7.03 240.93
< @F 271 9222 7.05 240.90
< @F 272 9221 7.08 240.88
< @F 273 9220 7.11 240.85
< @F 274 9219 7.13 240.82
< @F 275 9218 7.16 240.80
< @F 276 9217 7.18 240.77
< @F 277 9216 7.21 240.74
< @F 278 9215 7.24 240.72
< @F 279 9214 7.26 240.69
< @F 280 9213 7.29 240.67
< @F 281 9212 7.32 240.64
< @F 282 9211 7.34 240.61
< @F 283 9210 7.37 240.59
< @F 284 9209 7.39 240.56
< @F 285 9208 7.42 240.54
< @F 286 9207 7.45 240.51
< @F 287 9206 7.47 240.48
< @F 288 9205 7.50 240.46
< @F 289 9204 7.52 240.43
< @F 290 9203 7.55 240.40
< @F 291 9202 7.58 240.38
< @F 292 9201 7.60 240.35
< @F 293 9200 7.63 240.33
< @F 294 9199 7.65 240.30
< @F 295 9198 7.68 240.27
< @F 296 9197 7.71 240.25
< @F 297 9196 7.73 240.22
< @F 298 9195 7.76 240.20
< @F 299 9194 7.79 240.17
< @F 300 9193 7.81 240.14
< @F 301 9192 7.84 240.12
< @F 302 9191 7.86 240.09
< @F 303 9190 7.89 240.07
< @F 304 9189 7.92 240.04
< @F 305 9188 7.94 240.01
< @F 306 9187 7.97 239.99
< @F 307 9186 7.99 239.96
< @F 308 9185 8.02 239.93
< @F 309 9184 8.05 239.91
< @F 310 9183 8.07 239.88
< @F 311 9182 8.10 239.86
< @F 312 9181 8.13 239.83
< @F 313 9180 8.15 239.80
< @F 314 9179 8.18 239.78
< @F 315 9178 8.20 239.75
< @F 316 9177 8.23 239.73
< @F 317 9176 8.26 239.70
< @F 318 9175 8.28 239.67
< @F 319 9174 8.31 239.65
< @F 320 9173 8.33 239.62
< @F 321 9172 8.36 239.60
< @F 322 9171 8.39 239.57
< @F 323 9170 8.41 239.54
< @F 324 9169 8.44 239.52
< @F 325 9168 8.46 239.49
< @F 326 9167 8.49 239.46
< @F 327 9166 8.52 239.44
< @F 328 9165 8.54 239.41
< @F 329 9164 8.57 239.39
< @F 330 9163 8.60 239.36
< @F 331 9162 8.62 239.33
< @F 332 9161 8.65 239.31
< @F 333 9160 8.67 239.28
< @F 334 9159 8.70 239.26
< @F 335 9158 8.73 239.23
< @F 336 9157 8.75 239.20
< @F 337 9156 8.78 239.18
< @F 338 9155 8.80 239.15
< @F 339 9154 8.83 239.12
< @F 340 9153 8.86 239.10
< @F 341 9152 8.88 239.07
< @F 342 9151 8.91 239.05
< @F 343 9150 8.93 239.02
< @F 344 9149 8.96 238.99
< @F 345 9148 8.99 238.97
< @F 346 9147 9.01 238.94
< @F 347 9146 9.04 238.92
< @F 348 9145 9.07 238.89
< @F 349 9144 9.09 238.86
< @F 350 9143 9.12 238.84
< @F 351 9142 9.14 238.81
< @F 352 9141 9.17 238.79
< @F 353 9140 9.20 238.76
< @F 354 9139 9.22 238.73
< @F 355 9138 9.25 238.71
< @F 356 9137 9.27 238.68
< @F 357 9136 9.30 238.65
< @F 358 9135 9.33 238.63
< @F 359 9134 9.35 238.60
< @F 360 9133 9.38 238.58
< @F 361 9132 9.41 238.55
< @F 362 9131 9.43 238.52
< @F 363 9130 9.46 238.50
< @F 364 9129 9.48 238.47
< @F 365 9128 9.51 238.45
< @F 366 9127 9.54 238.42
< @F 367 9126 9.56 238.39
< @F 368 9125 9.59 238.37
< @F 369 9124 9.61 238.34
< @F 370 9123 9.64 238.32
< @F 371 9122 9.67 238.29
< @F 372 9121 9.69 238.26
< @F 373 9120 9.72 238.24
< @F 374 9119 9.74 238.21
< @F 375 9118 9.77 238.18
< @F 376 9117 9.80 238.16
< @F 377 9116 9.82 238.13
< @F 378 9115 9.85 238.11
< @F 379 9114 9.88 238.08
< @F 380 9113 9.90 238.05
< @F 381 9112 9.93 238.03
< @F 382 9111 9.95 238.00
< @F 383 9110 9.98 237.98
< @F 384 9109 10.01 237.95
< @F 385 9108 10.03 237.92
< @F 386 9107 10.06 237.90
< @F 387 9106 10.08 237.87
< @F 388 9105 10.11 237.84
< @F 389 9104 10.14 237.82
< @F 390 9103 10.16 237.79
< @F 391 9102 10.19 237.77
< @F 392 9101 10.21 237.74
< @F 393 9100 10.24 237.71
< @F 394 9099 10.27 237.69
< @F 395 9098 10.29 237.66
< @F 396 9097 10.32 237.64
< @F 397 9096 10.35 237.61
< @F 398 9095 10.37 237.58
< @F 399 9094 10.40 237.56
< @F 400 9093 10.42 237.53
< @F 401 9092 10.45 237.51
< @F 402 9091 10.48 237.48
< @F 403 9090 10.50 237.45
< @F 404 9089 10.53 237.43
< @F 405 9088 10.55 237.40
< @F 406 9087 10.58 237.37
< @F 407 9086 10.61 237.35
< @F 408 9085 10.63 237.32
< @F 409 9084 10.66 237.30
< @F 410 9083 10.69 237.27
< @F 411 9082 10.71 237.24
< @F 412 9081 10.74 237.22
< @F 413 9080 10.76 237.19
< @F 414 9079 10.79 237.17
< @F 415 9078 10.82 237.14
< @F 416 9077 10.84 237.11
< @F 417 9076 10.87 237.09
< @F 418 9075 10.89 237.06
< @F 419 9074 10.92 237.04
< @F 420 9073 10.95 237.01
< @F 421 9072 10.97 236.98
< @F 422 9071 11.00 236.96
< @F 423 9070 11.02 236.93
< @F 424 9069 11.05 236.90
< @F 425 9068 11.08 236.88
< @F 426 9067 11.10 236.85
< @F 427 9066 11.13 236.83
< @F 428 9065 11.16 236.80
< @F 429 9064 11.18 236.77
< @F 430 9063 11.21 236.75
< @F 431 9062 11.23 236.72
< @F 432 9061 11.26 236.70
< @F 433 9060 11.29 236.67
< @F 434 9059 11.31 236.64
< @F 435 9058 11.34 236.62
< @F 436 9057 11.36 236.59
< @F 437 9056 11.39 236.56
< @F 438 9055 11.42 236.54
< @F 439 9054 11.44 236.51
< @F 440 9053 11.47 236.49
< @F 441 9052 11.49 236.46
< @F 442 9051 11.52 236.43
< @F 443 9050 11.55 236.41
< @F 444 9049 11.57 236.38
< @F 445 9048 11.60 236.36
< @F 446 9047 11.63 236.33
< @F 447 9046 11.65 236.30
< @F 448 9045 11.68 236.28
< @F 449 9044 11.70 236.25
< @F 450 9043 11.73 236.23
< @F 451 9042 11.76 236.20
< @F 452 9041 11.78 236.17
< @F 453 9040 11.81 236.15
< @F 454 9039 11.83 236.12
< @F 455 9038 11.86 236.09
< @F 456 9037 11.89 236.07
< @F 457 9036 11.91 236.04
< @F 458 9035 11.94 236.02
< @F 459 9034 11.97 235.99
< @F 460 9033 11.99 235.96
< @F 461 9032 12.02 235.94
< @F 462 9031 12.04 235.91
< @F 463 9030 12.07 235.89
< @F 464 9029 12.10 235.86
< @F 465 9028 12.12 235.83
< @F 466 9027 12.15 235.81
< @F 467 9026 12.17 235.78
< @F 468 9025 12.20 235.76
< @F 469 9024 12.23 235.73
< @F 470 9023 12.25 235.70
< @F 471 9022 12.28 235.68
< @F 472 9021 12.30 235.65
< @F 473 9020 12.33 235.62
< @F 474 9019 12.36 235.60
< @F 475 9018 12.38 235.57
< @F 476 9017 12.41 235.55
< @F 477 9016 12.44 235.52
< @F 478 9015 12.46 235.49
< @F 479 9014 12.49 235.47
< @F 480 9013 12.51 235.44
< @F 481 9012 12.54 235.42
< @F 482 9011 12.57 235.39
< @F 483 9010 12.59 235.36
< @F 484 9009 12.62 235.34
< @F 485 9008 12.64 235.31
< @P 1
< @P 2
< @F 486 9007 12.67 235.28
< @F 487 9006 12.70 235.26
< @F 488 9005 12.72 235.23
< @F 489 9004 12.75 235.21
< @F 490 9003 12.77 235.18
< @F 491 9002 12.80 235.15
< @F 492 9001 12.83 235.13
< @F 493 9000 12.85 235.10
< @F 494 8999 12.88 235.08
< @F 495 8998 12.91 235.05
< @F 496 8997 12.93 235.02
< @F 497 8996 12.96 235.00
< @F 498 8995 12.98 234.97
< @F 499 8994 13.01 234.95
< @F 500 8993 13.04 234.92
< @F 501 8992 13.06 234.89
< @F 502 8991 13.09 234.87
< @F 503 8990 13.11 234.84
< @F 504 8989 13.14 234.81
< @F 505 8988 13.17 234.79
< @F 506 8987 13.19 234.76
< @F 507 8986 13.22 234.74
< @F 508 8985 13.25 234.71
< @F 509 8984 13.27 234.68
< @F 510 8983 13.30 234.66
< @F 511 8982 13.32 234.63
< @F 512 8981 13.35 234.61
< @F 513 8980 13.38 234.58
< @F 514 8979 13.40 234.55
< @F 515 8978 13.43 234.53
< @F 516 8977 13.45 234.50
< @F 517 8976 13.48 234.48
< @F 518 8975 13.51 234.45
< @F 519 8974 13.53 234.42
< @F 520 8973 13.56 234.40
< @F 521 8972 13.58 234.37
< @F 522 8971 13.61 234.34
< @F 523 8970 13.64 234.32
< @F 524 8969 13.66 234.29
< @F 525 8968 13.69 234.27
< @F 526 8967 13.72 234.24
< @F 527 8966 13.74 234.21
< @F 528 8965 13.77 234.19
< @F 529 8964 13.79 234.16
< @F 530 8963 13.82 234.14
< @F 531 8962 13.85 234.11
< @F 532 8961 13.87 234.08
< @F 533 8960 13.90 234.06
< @F 534 8959 13.92 234.03
< @F 535 8958 13.95 234.00
< @F 536 8957 13.98 233.98
< @F 537 8956 14.00 233.95
< @F 538 8955 14.03 233.93
< @F 539 8954 14.05 233.90
< @F 540 8953 14.08 233.87
< @F 541 8952 14.11 233.85
< @F 542 8951 14.13 233.82
< @F 543 8950 14.16 233.80
< @F 544 8949 14.19 233.77
< @F 545 8948 14.21 233.74
< @F 546 8947 14.24 233.72
< @F 547 8946 14.26 233.69
< @F 548 8945 14.29 233.67
< @F 549 8944 14.32 233.64
< @F 550 8943 14.34 233.61
< @F 551 8942 14.37 233.59
< @F 552 8941 14.39 233.56
< @F 553 8940 14.42 233.53
< @F 554 8939 14.45 233.51
< @F 555 8938 14.47 233.48
< @F 556 8937 14.50 233.46
< @F 557 8936 14.53 233.43
< @F 558 8935 14.55 233.40
< @F 559 8934 14.58 233.38
< @F 560 8933 14.60 233.35
< @F 561 8932 14.63 233.33
< @F 562 8931 14.66 233.30
< @F 563 8930 14.68 233.27
< @F 564 8929 14.71 233.25
< @F 565 8928 14.73 233.22
< @F 566 8927 14.76 233.20
< @F 567 8926 14.79 233.17
< @F 568 8925 14.81 233.14
< @F 569 8924 14.84 233.12
< @F 570 8923 14.86 233.09
< @F 571 8922 14.89 233.06
< @F 572 8921 14.92 233.04
< @F 573 8920 14.94 233.01
< @F 574 8919 14.97 232.99
< @F 575 8918 15.00 232.96
< @F 576 8917 15.02 232.93
< @F 577 8916 15.05 232.91
< @F 578 8915 15.07 232.88
< @F 579 8914 15.10 232.86
< @F 580 8913 15.13 232.83
< @F 581 8912 15.15 232.80
< @F 582 8911 15.18 232.78
< @F 583 8910 15.20 232.75
< @F 584 8909 15.23 232.72
< @F 585 8908 15.26 232.70
< @F 586 8907 15.28 232.67
< @F 587 8906 15.31 232.65
< @F 588 8905 15.33 232.62
< @F 589 8904 15.36 232.59
< @F 590 8903 15.39 232.57
< @F 591 8902 15.41 232.54
< @F 592 8901 15.44 232.52
< @F 593 8900 15.47 232.49
< @F 594 8899 15.49 232.46
< @F 595 8898 15.52 232.44
< @F 596 8897 15.54 232.41
< @F 597 8896 15.57 232.39
< @F 598 8895 15.60 232.36
< @F 599 8894 15.62 232.33
< @F 600 8893 15.65 232.31
< @F 601 8892 15.67 232.28
< @F 602 8891 15.70 232.25
< @F 603 8890 15.73 232.23
< @F 604 8889 15.75 232.20
< @F 605 8888 15.78 232.18
< @F 606 8887 15.81 232.15
< @F 607 8886 15.83 232.12
< @F 608 8885 15.86 232.10
< @F 609 8884 15.88 232.07
< @F 610 8883 15.91 232.05
< @F 611 8882 15.94 232.02
< @F 612 8881 15.96 231.99
< @F 613 8880 15.99 231.97
< @F 614 8879 16.01 231.94
< @F 615 8878 16.04 231.92
< @F 616 8877 16.07 231.89
< @F 617 8876 16.09 231.86
< @F 618 8875 16.12 231.84
< @F 619 8874 16.14 231.81
< @F 620 8873 16.17 231.78
< @F 621 8872 16.20 231.76
< @F 622 8871 16.22 231.73
< @F 623 8870 16.25 231.71
< @F 624 8869 16.28 231.68
< @F 625 8868 16.30 231.65
< @F 626 8867 16.33 231.63
< @F 627 8866 16.35 231.60
< @F 628 8865 16.38 231.58
< @F 629 8864 16.41 231.55
< @F 630 8863 16.43 231.52
< @F 631 8862 16.46 231.50
< @F 632 8861 16.48 231.47
< @F 633 8860 16.51 231.44
< @F 634 8859 16.54 231.42
< @F 635 8858 16.56 231.39
< @F 636 8857 16.59 231.37
< @F 637 8856 16.61 231.34
< @F 638 8855 16.64 231.31
< @F 639 8854 16.67 231.29
< @F 640 8853 16.69 231.26
< @F 641 8852 16.72 231.24
< @F 642 8851 16.75 231.21
< @F 643 8850 16.77 231.18
< @F 644 8849 16.80 231.16
< @F 645 8848 16.82 231.13
< @F 646 8847 16.85 231.11
< @F 647 8846 16.88 231.08
< @F 648 8845 16.90 231.05
< @V 82.000000%
< @V 85.000000%
< @V 89.000000%
< @V 95.000000%
< @V 100.000000%
< @F 649 8844 16.93 231.03
< @F 650 8843 16.95 231.00
< @F 651 8842 16.98 230.97
< @F 652 8841 17.01 230.95
< @F 653 8840 17.03 230.92
< @F 654 8839 17.06 230.90
< @F 655 8838 17.09 230.87
< @F 656 8837 17.11 230.84
< @F 657 8836 17.14 230.82
< @F 658 8835 17.16 230.79
< @F 659 8834 17.19 230.77
< @F 660 8833 17.22 230.74
< @F 661 8832 17.24 230.71
< @F 662 8831 17.27 230.69
< @F 663 8830 17.29 230.66
< @F 664 8829 17.32 230.64
< @F 665 8828 17.35 230.61
< @F 666 8827 17.37 230.58
< @F 667 8826 17.40 230.56
< @F 668 8825 17.42 230.53
< @F 669 8824 17.45 230.50
< @F 670 8823 17.48 230.48
< @F 671 8822 17.50 230.45
< @F 672 8821 17.53 230.43
< @F 673 8820 17.56 230.40
< @F 674 8819 17.58 230.37
< @F 675 8818 17.61 230.35
< @F 676 8817 17.63 230.32
< @F 677 8816 17.66 230.30
< @F 678 8815 17.69 230.27
< @F 679 8814 17.71 230.24
< @F 680 8813 17.74 230.22
< @F 681 8812 17.76 230.19
< @F 682 8811 17.79 230.16
< @F 683 8810 17.82 230.14
< @F 684 8809 17.84 230.11
< @F 685 8808 17.87 230.09
< @F 686 8807 17.89 230.06
< @F 687 8806 17.92 230.03
< @F 688 8805 17.95 230.01
< @F 689 8804 17.97 229.98
< @F 690 8803 18.00 229.96
< @F 691 8802 18.03 229.93
< @F 692 8801 18.05 229.90
< @F 693 8800 18.08 229.88
< @F 694 8799 18.10 229.85
< @F 695 8798 18.13 229.83
< @F 696 8797 18.16 229.80
< @F 697 8796 18.18 229.77
< @F 698 8795 18.21 229.75
< @F 699 8794 18.23 229.72
< @F 700 8793 18.26 229.69
< @F 701 8792 18.29 229.67
< @F 702 8791 18.31 229.64
< @F 703 8790 18.34 229.62
< @F 704 8789 18.37 229.59
< @F 705 8788 18.39 229.56
< @F 706 8787 18.42 229.54
< @F 707 8786 18.44 229.51
< @V 99.000000%
< @V 97.000000%
< @F 708 8785 18.47 229.49
< @F 709 8784 18.50 229.46
< @F 710 8783 18.52 229.43
< @V 96.000000%
< @V 95.000000%
< @V 94.000000%
< @V 91.000000%
< @V 89.000000%
< @F 711 8782 18.55 229.41
< @F 712 8781 18.57 229.38
< @F 713 8780 18.60 229.36
< @F 714 8779 18.63 229.33
< @V 84.000000%
< @V 79.000000%
< @V 75.000000%
< @V 67.000000%
< @V 62.000000%
< @F 715 8778 18.65 229.30
< @F 716 8777 18.68 229.28
< @F 717 8776 18.70 229.25
< @V 55.000000%
< @V 48.000000%
< @V 37.000000%
< @V 26.000000%
< @V 16.000000%
< @F 718 8775 18.73 229.22
< @F 719 8774 18.76 229.20
< @F 720 8773 18.78 229.17
< @V 6.000000%
< @V 0.000000%
< @F 721 8772 18.81 229.15
< @F 722 8771 18.84 229.12
< @F 723 8770 18.86 229.09
< @F 724 8769 18.89 229.07
< @F 725 8768 18.91 229.04
< @F 726 8767 18.94 229.02
< @F 727 8766 18.97 228.99
< @F 728 8765 18.99 228.96
< @F 729 8764 19.02 228.94
< @F 730 8763 19.04 228.91
< @F 731 8762 19.07 228.88
< @F 732 8761 19.10 228.86
< @F 733 8760 19.12 228.83
< @F 734 8759 19.15 228.81
< @F 735 8758 19.17 228.78
< @F 736 8757 19.20 228.75
< @F 737 8756 19.23 228.73
< @F 738 8755 19.25 228.70
< @F 739 8754 19.28 228.68
< @F 740 8753 19.31 228.65
< @F 741 8752 19.33 228.62
< @F 742 8751 19.36 228.60
< @F 743 8750 19.38 228.57
< @F 744 8749 19.41 228.55
< @F 745 8748 19.44 228.52
< @F 746 8747 19.46 228.49
< @F 747 8746 19.49 228.47
< @F 748 8745 19.51 228.44
< @F 749 8744 19.54 228.41
< @F 750 8743 19.57 228.39
< @F 751 8742 19.59 228.36
< @F 752 8741 19.62 228.34
< @F 753 8740 19.65 228.31
< @F 754 8739 19.67 228.28
< @F 755 8738 19.70 228.26
< @F 756 8737 19.72 228.23
< @F 757 8736 19.75 228.21
< @F 758 8735 19.78 228.18
< @F 759 8734 19.80 228.15
< @F 760 8733 19.83 228.13
< @F 761 8732 19.85 228.10
< @F 762 8731 19.88 228.08
< @F 763 8730 19.91 228.05
< @F 764 8729 19.93 228.02
< @F 765 8728 19.96 228.00
< @F 766 8727 19.98 227.97
< @V 1.000000%
< @F 767 8726 20.01 227.94
< @F 768 8725 20.04 227.92
< @F 769 8724 20.06 227.89
< @V 4.000000%
< @V 8.000000%
< @V 11.000000%
< @V 15.000000%
< @V 16.000000%
< @F 770 8723 20.09 227.87
< @F 771 8722 20.12 227.84
< @F 772 8721 20.14 227.81
< @F 773 8720 20.17 227.79
< @F 774 8719 20.19 227.76
< @F 775 8718 20.22 227.74
< @F 776 8717 20.25 227.71
< @F 777 8716 20.27 227.68
< @F 778 8715 20.30 227.66
< @F 779 8714 20.32 227.63
< @F 780 8713 20.35 227.60
< @F 781 8712 20.38 227.58
< @F 782 8711 20.40 227.55
< @F 783 8710 20.43 227.53
< @F 784 8709 20.45 227.50
< @F 785 8708 20.48 227.47
< @F 786 8707 20.51 227.45
< @F 787 8706 20.53 227.42
< @F 788 8705 20.56 227.40
< @F 789 8704 20.59 227.37
< @F 790 8703 20.61 227.34
< @F 791 8702 20.64 227.32
< @F 792 8701 20.66 227.29
< @F 793 8700 20.69 227.27
< @F 794 8699 20.72 227.24
< @F 795 8698 20.74 227.21
< @V 18.000000%
< @V 20.000000%
< @F 796 8697 20.77 227.19
< @F 797 8696 20.79 227.16
< @F 798 8695 20.82 227.13
< @F 799 8694 20.85 227.11
< @V 23.000000%
< @V 24.000000%
< @V 26.000000%
< @V 27.000000%
< @F 800 8693 20.87 227.08
< @F 801 8692 20.90 227.06
< @F 802 8691 20.93 227.03
< @F 803 8690 20.95 227.00
< @F 804 8689 20.98 226.98
< @F 805 8688 21.00 226.95
< @F 806 8687 21.03 226.93
< @F 807 8686 21.06 226.90
< @F 808 8685 21.08 226.87
< @F 809 8684 21.11 226.85
< @F 810 8683 21.13 226.82
< @F 811 8682 21.16 226.80
< @F 812 8681 21.19 226.77
< @F 813 8680 21.21 226.74
< @F 814 8679 21.24 226.72
< @F 815 8678 21.26 226.69
< @F 816 8677 21.29 226.66
< @F 817 8676 21.32 226.64
< @F 818 8675 21.34 226.61
< @V 28.000000%
< @V 30.000000%
< @V 34.000000%
< @F 819 8674 21.37 226.59
< @F 820 8673 21.40 226.56
< @F 821 8672 21.42 226.53
< @V 38.000000%
< @V 42.000000%
< @V 44.000000%
< @F 822 8671 21.45 226.51
< @F 823 8670 21.47 226.48
< @V 45.000000%
< @V 46.000000%
< @V 47.000000%
< @V 48.000000%
< @F 824 8669 21.50 226.46
< @F 825 8668 21.53 226.43
< @F 826 8667 21.55 226.40
< @V 49.000000%
< @V 50.000000%
< @V 52.000000%
< @V 54.000000%
< @V 57.000000%
< @F 827 8666 21.58 226.38
< @F 828 8665 21.60 226.35
< @F 829 8664 21.63 226.32
< @F 830 8663 21.66 226.30
< @V 60.000000%
< @V 63.000000%
< @V 65.000000%
< @V 68.000000%
< @V 70.000000%
< @F 831 8662 21.68 226.27
< @F 832 8661 21.71 226.25
< @F 833 8660 21.73 226.22
< @V 73.000000%
< @V 74.000000%
< @V 78.000000%
< @V 80.000000%
< @V 82.000000%
< @F 834 8659 21.76 226.19
< @F 835 8658 21.79 226.17
< @F 836 8657 21.81 226.14
< @V 84.000000%
< @V 87.000000%
< @V 89.000000%
< @V 90.000000%
< @V 91.000000%
< @F 837 8656 21.84 226.12
< @F 838 8655 21.87 226.09
< @F 839 8654 21.89 226.06
< @V 93.000000%
< @V 94.000000%
< @V 96.000000%
< @F 840 8653 21.92 226.04
< @F 841 8652 21.94 226.01
< @V 97.000000%
< @V 98.000000%
< @V 99.000000%
< @V 100.000000%
< @F 842 8651 21.97 225.99
< @F 843 8650 22.00 225.96
< @F 844 8649 22.02 225.93
< @F 845 8648 22.05 225.91
< @F 846 8647 22.07 225.88
< @F 847 8646 22.10 225.85
< @F 848 8645 22.13 225.83
< @F 849 8644 22.15 225.80
< @F 850 8643 22.18 225.78
< @F 851 8642 22.21 225.75
< @F 852 8641 22.23 225.72
< @F 853 8640 22.26 225.70
< @F 854 8639 22.28 225.67
< @F 855 8638 22.31 225.65
< @F 856 8637 22.34 225.62
< @F 857 8636 22.36 225.59
< @F 858 8635 22.39 225.57
< @F 859 8634 22.41 225.54
< @F 860 8633 22.44 225.52
< @F 861 8632 22.47 225.49
< @F 862 8631 22.49 225.46
< @F 863 8630 22.52 225.44
< @F 864 8629 22.54 225.41
< @F 865 8628 22.57 225.38
< @F 866 8627 22.60 225.36
< @F 867 8626 22.62 225.33
< @F 868 8625 22.65 225.31
< @F 869 8624 22.68 225.28
< @F 870 8623 22.70 225.25
< @F 871 8622 22.73 225.23
< @F 872 8621 22.75 225.20
< @F 873 8620 22.78 225.18
< @F 874 8619 22.81 225.15
< @F 875 8618 22.83 225.12
< @F 876 8617 22.86 225.10
< @F 877 8616 22.88 225.07
< @F 878 8615 22.91 225.04
< @F 879 8614 22.94 225.02
< @F 880 8613 22.96 224.99
< @F 881 8612 22.99 224.97
< @F 882 8611 23.01 224.94
< @F 883 8610 23.04 224.91
< @F 884 8609 23.07 224.89
< @F 885 8608 23.09 224.86
< @F 886 8607 23.12 224.84
< @F 887 8606 23.15 224.81
< @F 888 8605 23.17 224.78
< @F 889 8604 23.20 224.76
< @F 890 8603 23.22 224.73
< @F 891 8602 23.25 224.71
< @F 892 8601 23.28 224.68
< @F 893 8600 23.30 224.65
< @F 894 8599 23.33 224.63
< @F 895 8598 23.35 224.60
< @F 896 8597 23.38 224.57
< @F 897 8596 23.41 224.55
< @F 898 8595 23.43 224.52
< @F 899 8594 23.46 224.50
< @F 900 8593 23.49 224.47
< @F 901 8592 23.51 224.44
< @F 902 8591 23.54 224.42
< @F 903 8590 23.56 224.39
< @F 904 8589 23.59 224.37
< @F 905 8588 23.62 224.34
< @F 906 8587 23.64 224.31
< @F 907 8586 23.67 224.29
< @F 908 8585 23.69 224.26
< @F 909 8584 23.72 224.24
< @F 910 8583 23.75 224.21
< @F 911 8582 23.77 224.18
< @F 912 8581 23.80 224.16
< @F 913 8580 23.82 224.13
< @F 914 8579 23.85 224.10
< @F 915 8578 23.88 224.08
< @F 916 8577 23.90 224.05
< @F 917 8576 23.93 224.03
< @F 918 8575 23.96 224.00
< @F 919 8574 23.98 223.97
< @F 920 8573 24.01 223.95
< @F 921 8572 24.03 223.92
< @F 922 8571 24.06 223.90
< @F 923 8570 24.09 223.87
< @F 924 8569 24.11 223.84
< @F 925 8568 24.14 223.82
< @F 926 8567 24.16 223.79
< @F 927 8566 24.19 223.76
< @F 928 8565 24.22 223.74
< @I {
< @I ID3v2.title:No Roots
< @I ID3v2.artist:Alice Merton
< @I ID3v2.album:MINT
< @I }
< @P 2
< @S 1.0 3 48000 Joint-Stereo 2 96 2 0 0 0 32 0 1
< @F 0 9837 0.00 236.06
< @F 0 9837 0.00 236.06
< @F 1 9836 0.00 236.06
< @F 2 9835 0.02 236.04
< @F 3 9834 0.05 236.01
< @F 4 9833 0.07 235.99
< @F 5 9832 0.10 235.96
< @F 6 9831 0.12 235.94
< @F 7 9830 0.14 235.92
< @F 8 9829 0.17 235.89
< @F 9 9828 0.19 235.87
< @F 10 9827 0.22 235.84
< @F 11 9826 0.24 235.82
< @F 12 9825 0.26 235.80
< @F 13 9824 0.29 235.77
< @F 14 9823 0.31 235.75
< @F 15 9822 0.34 235.72
< @F 16 9821 0.36 235.70
< @F 17 9820 0.38 235.68
< @F 18 9819 0.41 235.65
< @F 19 9818 0.43 235.63
< @F 20 9817 0.46 235.60
< @F 21 9816 0.48 235.58
< @F 22 9815 0.50 235.56
< @F 23 9814 0.53 235.53
< @F 24 9813 0.55 235.51
< @F 25 9812 0.58 235.48
< @F 26 9811 0.60 235.46
< @F 27 9810 0.62 235.44
< @F 28 9809 0.65 235.41
< @F 29 9808 0.67 235.39
< @F 30 9807 0.70 235.36
< @F 31 9806 0.72 235.34
< @F 32 9805 0.74 235.32
< @F 33 9804 0.77 235.29
< @F 34 9803 0.79 235.27
< @F 35 9802 0.82 235.24
< @F 36 9801 0.84 235.22
< @F 37 9800 0.86 235.20
< @F 38 9799 0.89 235.17
< @F 39 9798 0.91 235.15
< @F 40 9797 0.94 235.12
< @F 41 9796 0.96 235.10
< @F 42 9795 0.98 235.08
< @F 43 9794 1.01 235.05
< @F 44 9793 1.03 235.03
< @F 45 9792 1.06 235.00
< @F 46 9791 1.08 234.98
< @F 47 9790 1.10 234.96
< @F 48 9789 1.13 234.93
< @I {
< @I ID3v2.title:Downtown (feat. Melle Mel, Grandmaster Caz, Kool Moe Dee & Eric
< @I ID3v2.artist:Macklemore & Ryan Lewis
< @I ID3v2.album:Downtown (feat. Melle Mel, Grandmaster Caz, Kool Moe Dee & Eric
< @I }
< @P 2
< @S 1.0 3 48000 Joint-Stereo 2 96 2 0 0 0 32 0 1
< @F 0 13443 0.00 322.59
< @F 1 13442 0.00 322.59
< @F 2 13441 0.02 322.56
< @F 3 13440 0.05 322.54
< @F 4 13439 0.07 322.52
< @F 5 13438 0.10 322.49
< @F 6 13437 0.12 322.47
< @F 7 13436 0.14 322.44
< @F 8 13435 0.17 322.42
< @F 9 13434 0.19 322.40
< @F 10 13433 0.22 322.37
< @F 11 13432 0.24 322.35
< @F 12 13431 0.26 322.32
< @F 13 13430 0.29 322.30
< @F 14 13429 0.31 322.28
< @F 15 13428 0.34 322.25
< @F 16 13427 0.36 322.23
< @F 17 13426 0.38 322.20
< @F 18 13425 0.41 322.18
< @F 19 13424 0.43 322.16
< @F 20 13423 0.46 322.13
< @F 21 13422 0.48 322.11
< @F 22 13421 0.50 322.08
< @F 23 13420 0.53 322.06
< @F 24 13419 0.55 322.04
< @F 25 13418 0.58 322.01
< @F 26 13417 0.60 321.99
< @F 27 13416 0.62 321.96
< @F 28 13415 0.65 321.94
< @F 29 13414 0.67 321.92
< @F 30 13413 0.70 321.89
< @F 31 13412 0.72 321.87
< @F 32 13411 0.74 321.84
< @F 33 13410 0.77 321.82
< @F 34 13409 0.79 321.80
< @F 35 13408 0.82 321.77
< @F 36 13407 0.84 321.75
< @F 37 13406 0.86 321.72
< @F 38 13405 0.89 321.70
< @F 39 13404 0.91 321.68
< @F 40 13403 0.94 321.65
< @F 41 13402 0.96 321.63
< @F 42 13401 0.98 321.60
< @F 43 13400 1.01 321.58
< @F 44 13399 1.03 321.56
< @P 0
< @P 0
< @P 0
< @P 0
< @P 0
< @P 0
< @P 0
< @P 0
< @P 0
< @I {
< @I ID3v2.title:Katchi (Ofenbach vs. Nick Waterhouse)
< @I ID3v2.artist:Ofenbach, Nick Waterhouse
< @I }
< @P 2
< @S 1.0 3 48000 Joint-Stereo 2 96 2 0 0 0 32 0 1
< @F 0 6974 0.00 167.34
< @F 1 6973 0.00 167.34
< @F 2 6972 0.02 167.32
< @F 3 6971 0.05 167.29
< @F 4 6970 0.07 167.27
< @F 5 6969 0.10 167.24
< @F 6 6968 0.12 167.22
< @F 7 6967 0.14 167.20
< @F 8 6966 0.17 167.17
< @F 9 6965 0.19 167.15
< @F 10 6964 0.22 167.12
< @F 11 6963 0.24 167.10
< @F 12 6962 0.26 167.08
< @F 13 6961 0.29 167.05
< @F 14 6960 0.31 167.03
< @F 15 6959 0.34 167.00
< @F 16 6958 0.36 166.98
< @F 17 6957 0.38 166.96
< @F 18 6956 0.41 166.93
< @F 19 6955 0.43 166.91
< @F 20 6954 0.46 166.88
< @F 21 6953 0.48 166.86
< @F 22 6952 0.50 166.84
< @F 23 6951 0.53 166.81
< @F 24 6950 0.55 166.79
< @F 25 6949 0.58 166.76
< @F 26 6948 0.60 166.74
< @F 27 6947 0.62 166.72
< @F 28 6946 0.65 166.69
< @F 29 6945 0.67 166.67
< @F 30 6944 0.70 166.64
< @F 31 6943 0.72 166.62
< @F 32 6942 0.74 166.60
< @F 33 6941 0.77 166.57
< @F 34 6940 0.79 166.55
< @F 35 6939 0.82 166.52
< @F 36 6938 0.84 166.50
< @F 37 6937 0.86 166.48
< @F 38 6936 0.89 166.45
< @F 39 6935 0.91 166.43
< @F 40 6934 0.94 166.40
< @F 41 6933 0.96 166.38
< @F 42 6932 0.98 166.36
< @F 43 6931 1.01 166.33
< @F 44 6930 1.03 166.31
< @F 45 6929 1.06 166.28
< @F 46 6928 1.08 166.26
< @F 47 6927 1.10 166.24
< @F 48 6926 1.13 166.21
< @F 49 6925 1.15 166.19
< @F 50 6924 1.18 166.16
< @F 51 6923 1.20 166.14
< @F 52 6922 1.22 166.12
< @F 53 6921 1.25 166.09
< @F 54 6920 1.27 166.07
< @F 55 6919 1.30 166.04
< @F 56 6918 1.32 166.02
< @F 57 6917 1.34 166.00
< @F 58 6916 1.37 165.97
< @F 59 6915 1.39 165.95
< @F 60 6914 1.42 165.92
< @F 61 6913 1.44 165.90
< @F 62 6912 1.46 165.88
< @F 63 6911 1.49 165.85
< @F 64 6910 1.51 165.83
< @F 65 6909 1.54 165.80
< @F 66 6908 1.56 165.78
< @F 67 6907 1.58 165.76
< @F 68 6906 1.61 165.73
< @F 69 6905 1.63 165.71
< @F 70 6904 1.66 165.68
< @F 71 6903 1.68 165.66
< @F 72 6902 1.70 165.64
< @F 73 6901 1.73 165.61
< @F 74 6900 1.75 165.59
< @F 75 6899 1.78 165.56
< @F 76 6898 1.80 165.54
< @F 77 6897 1.82 165.52
< @F 78 6896 1.85 165.49
< @F 79 6895 1.87 165.47
< @F 80 6894 1.90 165.44
< @F 81 6893 1.92 165.42
< @F 82 6892 1.94 165.40
< @F 83 6891 1.97 165.37
< @F 84 6890 1.99 165.35
< @F 85 6889 2.02 165.32
< @F 86 6888 2.04 165.30
< @F 87 6887 2.06 165.28
< @F 88 6886 2.09 165.25
< @F 89 6885 2.11 165.23
< @F 90 6884 2.14 165.20
< @F 91 6883 2.16 165.18
< @I {
< @I ID3v2.title:Feel It Still
< @I ID3v2.artist:Portugal. The Man
< @I }
< @P 2
< @S 1.0 3 48000 Joint-Stereo 2 96 2 0 0 0 32 0 1
< @F 0 7093 0.00 170.19
< @F 1 7092 0.00 170.18
< @F 2 7091 0.02 170.16
< @F 3 7090 0.05 170.14
< @F 4 7089 0.07 170.11
< @F 5 7088 0.10 170.09
< @F 6 7087 0.12 170.06
< @F 7 7086 0.14 170.04
< @F 8 7085 0.17 170.02
< @F 9 7084 0.19 169.99
< @F 10 7083 0.22 169.97
< @F 11 7082 0.24 169.94
< @F 12 7081 0.26 169.92
< @F 13 7080 0.29 169.90
< @F 14 7079 0.31 169.87
< @F 15 7078 0.34 169.85
< @F 16 7077 0.36 169.82
< @F 17 7076 0.38 169.80
< @F 18 7075 0.41 169.78
< @F 19 7074 0.43 169.75
< @F 20 7073 0.46 169.73
< @F 21 7072 0.48 169.70
< @F 22 7071 0.50 169.68
< @F 23 7070 0.53 169.66
< @F 24 7069 0.55 169.63
< @F 25 7068 0.58 169.61
< @F 26 7067 0.60 169.58
< @F 27 7066 0.62 169.56
< @F 28 7065 0.65 169.54
< @F 29 7064 0.67 169.51
< @F 30 7063 0.70 169.49
< @F 31 7062 0.72 169.46
< @F 32 7061 0.74 169.44
< @F 33 7060 0.77 169.42
< @F 34 7059 0.79 169.39
< @P 0
< @P 0
< @P 0
< @P 0
< @P 0
< @P 0
< @I {
< @I ID3v2.title:Downtown (feat. Melle Mel, Grandmaster Caz, Kool Moe Dee & Eric
< @I ID3v2.artist:Macklemore & Ryan Lewis
< @I ID3v2.album:Downtown (feat. Melle Mel, Grandmaster Caz, Kool Moe Dee & Eric
< @I }
< @P 2
< @S 1.0 3 48000 Joint-Stereo 2 96 2 0 0 0 32 0 1
< @F 0 13443 0.00 322.59
< @F 1 13442 0.00 322.59
< @F 2 13441 0.02 322.56
< @F 3 13440 0.05 322.54
< @F 4 13439 0.07 322.52
< @F 5 13438 0.10 322.49
< @F 6 13437 0.12 322.47
< @F 7 13436 0.14 322.44
< @F 8 13435 0.17 322.42
< @F 9 13434 0.19 322.40
< @F 10 13433 0.22 322.37
< @F 11 13432 0.24 322.35
< @F 12 13431 0.26 322.32
< @F 13 13430 0.29 322.30
< @F 14 13429 0.31 322.28
< @F 15 13428 0.34 322.25
< @F 16 13427 0.36 322.23
< @F 17 13426 0.38 322.20
< @F 18 13425 0.41 322.18
< @F 19 13424 0.43 322.16
< @F 20 13423 0.46 322.13
< @F 21 13422 0.48 322.11
< @F 22 13421 0.50 322.08
< @F 23 13420 0.53 322.06
< @F 24 13419 0.55 322.04
< @F 25 13418 0.58 322.01
< @F 26 13417 0.60 321.99
< @F 27 13416 0.62 321.96
< @F 28 13415 0.65 321.94
< @F 29 13414 0.67 321.92
< @F 30 13413 0.70 321.89
< @F 31 13412 0.72 321.87
< @F 32 13411 0.74 321.84
< @F 33 13410 0.77 321.82
< @F 34 13409 0.79 321.80
< @F 35 13408 0.82 321.77
< @F 36 13407 0.84 321.75
< @F 37 13406 0.86 321.72
< @F 38 13405 0.89 321.70
< @F 39 13404 0.91 321.68
< @F 40 13403 0.94 321.65
< @F 41 13402 0.96 321.63
< @F 42 13401 0.98 321.60
< @F 43 13400 1.01 321.58
< @F 44 13399 1.03 321.56
< @F 45 13398 1.06 321.53
< @F 46 13397 1.08 321.51
< @F 47 13396 1.10 321.48
< @F 48 13395 1.13 321.46
< @F 49 13394 1.15 321.44
< @F 50 13393 1.18 321.41
< @F 51 13392 1.20 321.39
< @F 52 13391 1.22 321.36
< @F 53 13390 1.25 321.34
< @F 54 13389 1.27 321.32
< @F 55 13388 1.30 321.29
< @F 56 13387 1.32 321.27
< @F 57 13386 1.34 321.24
< @F 58 13385 1.37 321.22
< @F 59 13384 1.39 321.20
< @F 60 13383 1.42 321.17
< @F 61 13382 1.44 321.15
< @F 62 13381 1.46 321.12
< @F 63 13380 1.49 321.10
< @F 64 13379 1.51 321.08
< @F 65 13378 1.54 321.05
< @F 66 13377 1.56 321.03
< @F 67 13376 1.58 321.00
< @F 68 13375 1.61 320.98
< @F 69 13374 1.63 320.96
< @F 70 13373 1.66 320.93
< @F 71 13372 1.68 320.91
< @F 72 13371 1.70 320.88
< @F 73 13370 1.73 320.86
< @F 74 13369 1.75 320.84
< @F 75 13368 1.78 320.81
< @F 76 13367 1.80 320.79
< @F 77 13366 1.82 320.76
< @F 78 13365 1.85 320.74
< @F 79 13364 1.87 320.72
< @F 80 13363 1.90 320.69
< @F 81 13362 1.92 320.67
< @F 82 13361 1.94 320.64
< @F 83 13360 1.97 320.62
< @F 84 13359 1.99 320.60
< @F 85 13358 2.02 320.57
< @F 86 13357 2.04 320.55
< @F 87 13356 2.06 320.52
< @F 88 13355 2.09 320.50
< @F 89 13354 2.11 320.48
< @F 90 13353 2.14 320.45
< @F 91 13352 2.16 320.43
< @F 92 13351 2.18 320.40
< @F 93 13350 2.21 320.38
< @F 94 13349 2.23 320.36
< @F 95 13348 2.26 320.33
< @F 96 13347 2.28 320.31
< @F 97 13346 2.30 320.28
< @F 98 13345 2.33 320.26
< @F 99 13344 2.35 320.24
< @F 100 13343 2.38 320.21
< @F 101 13342 2.40 320.19
< @F 102 13341 2.42 320.16
< @F 103 13340 2.45 320.14
< @F 104 13339 2.47 320.12
< @F 105 13338 2.50 320.09
< @F 106 13337 2.52 320.07
< @F 107 13336 2.54 320.04
< @F 108 13335 2.57 320.02
< @F 109 13334 2.59 320.00
< @F 110 13333 2.62 319.97
< @F 111 13332 2.64 319.95
< @F 112 13331 2.66 319.92
< @F 113 13330 2.69 319.90
< @F 114 13329 2.71 319.88
< @F 115 13328 2.74 319.85
< @F 116 13327 2.76 319.83
< @F 117 13326 2.78 319.80
< @F 118 13325 2.81 319.78
< @F 119 13324 2.83 319.76
< @F 120 13323 2.86 319.73
< @F 121 13322 2.88 319.71
< @F 122 13321 2.90 319.68
< @F 123 13320 2.93 319.66
< @F 124 13319 2.95 319.64
< @F 125 13318 2.98 319.61
< @F 126 13317 3.00 319.59
< @F 127 13316 3.02 319.56
< @F 128 13315 3.05 319.54
< @F 129 13314 3.07 319.52
< @F 130 13313 3.10 319.49
< @F 131 13312 3.12 319.47
< @F 132 13311 3.14 319.44
< @F 133 13310 3.17 319.42
< @F 134 13309 3.19 319.40
< @F 135 13308 3.22 319.37
< @F 136 13307 3.24 319.35
< @F 137 13306 3.26 319.32
< @F 138 13305 3.29 319.30
< @F 139 13304 3.31 319.28
< @F 140 13303 3.34 319.25
< @F 141 13302 3.36 319.23
< @F 142 13301 3.38 319.20
< @F 143 13300 3.41 319.18
< @F 144 13299 3.43 319.16
< @F 145 13298 3.46 319.13
< @F 146 13297 3.48 319.11
< @F 147 13296 3.50 319.08
< @F 148 13295 3.53 319.06
< @F 149 13294 3.55 319.04
< @F 150 13293 3.58 319.01
< @F 151 13292 3.60 318.99
< @F 152 13291 3.62 318.96
< @F 153 13290 3.65 318.94
< @F 154 13289 3.67 318.92
< @F 155 13288 3.70 318.89
< @F 156 13287 3.72 318.87
< @F 157 13286 3.74 318.84
< @F 158 13285 3.77 318.82
< @F 159 13284 3.79 318.80
< @F 160 13283 3.82 318.77
< @F 161 13282 3.84 318.75
< @F 162 13281 3.86 318.72
< @F 163 13280 3.89 318.70
< @F 164 13279 3.91 318.68
< @F 165 13278 3.94 318.65
< @F 166 13277 3.96 318.63
< @F 167 13276 3.98 318.60
< @F 168 13275 4.01 318.58
< @F 169 13274 4.03 318.56
< @F 170 13273 4.06 318.53
< @F 171 13272 4.08 318.51
< @F 172 13271 4.10 318.48
< @F 173 13270 4.13 318.46
< @F 174 13269 4.15 318.44
< @F 175 13268 4.18 318.41
< @F 176 13267 4.20 318.39
< @F 177 13266 4.22 318.36
< @F 178 13265 4.25 318.34
< @F 179 13264 4.27 318.32
< @F 180 13263 4.30 318.29
< @F 181 13262 4.32 318.27
< @F 182 13261 4.34 318.24
< @F 183 13260 4.37 318.22
< @F 184 13259 4.39 318.20
< @F 185 13258 4.42 318.17
< @F 186 13257 4.44 318.15
< @F 187 13256 4.46 318.12
< @F 188 13255 4.49 318.10
< @F 189 13254 4.51 318.08
< @F 190 13253 4.54 318.05
< @F 191 13252 4.56 318.03
< @F 192 13251 4.58 318.00
< @F 193 13250 4.61 317.98
< @F 194 13249 4.63 317.96
< @I {
< @I ID3v2.title:Katchi (Ofenbach vs. Nick Waterhouse)
< @I ID3v2.artist:Ofenbach, Nick Waterhouse
< @I }
< @P 2
< @S 1.0 3 48000 Joint-Stereo 2 96 2 0 0 0 32 0 1
< @F 0 6974 0.00 167.34
< @F 1 6973 0.00 167.34
< @F 2 6972 0.02 167.32
< @F 3 6971 0.05 167.29
< @F 4 6970 0.07 167.27
< @F 5 6969 0.10 167.24
< @F 6 6968 0.12 167.22
< @F 7 6967 0.14 167.20
< @F 8 6966 0.17 167.17
< @F 9 6965 0.19 167.15
< @F 10 6964 0.22 167.12
< @F 11 6963 0.24 167.10
< @F 12 6962 0.26 167.08
< @F 13 6961 0.29 167.05
< @F 14 6960 0.31 167.03
< @F 15 6959 0.34 167.00
< @F 16 6958 0.36 166.98
< @F 17 6957 0.38 166.96
< @F 18 6956 0.41 166.93
< @F 19 6955 0.43 166.91
< @F 20 6954 0.46 166.88
< @F 21 6953 0.48 166.86
< @F 22 6952 0.50 166.84
< @F 23 6951 0.53 166.81
< @F 24 6950 0.55 166.79
< @F 25 6949 0.58 166.76
< @F 26 6948 0.60 166.74
< @F 27 6947 0.62 166.72
< @F 28 6946 0.65 166.69
< @F 29 6945 0.67 166.67
< @F 30 6944 0.70 166.64
< @F 31 6943 0.72 166.62
< @F 32 6942 0.74 166.60
< @F 33 6941 0.77 166.57
< @F 34 6940 0.79 166.55
< @F 35 6939 0.82 166.52
< @F 36 6938 0.84 166.50
< @F 37 6937 0.86 166.48
< @F 38 6936 0.89 166.45
< @F 39 6935 0.91 166.43
< @F 40 6934 0.94 166.40
< @F 41 6933 0.96 166.38
< @I {
< @I ID3v2.title:Feel It Still
< @I ID3v2.artist:Portugal. The Man
< @I }
< @P 2
< @S 1.0 3 48000 Joint-Stereo 2 96 2 0 0 0 32 0 1
< @F 0 7093 0.00 170.19
< @F 1 7092 0.00 170.18
< @F 2 7091 0.02 170.16
< @F 3 7090 0.05 170.14
< @F 4 7089 0.07 170.11
< @F 5 7088 0.10 170.09
< @F 6 7087 0.12 170.06
< @F 7 7086 0.14 170.04
< @F 8 7085 0.17 170.02
< @F 9 7084 0.19 169.99
< @F 10 7083 0.22 169.97
< @F 11 7082 0.24 169.94
< @F 12 7081 0.26 169.92
< @F 13 7080 0.29 169.90
< @F 14 7079 0.31 169.87
< @F 15 7078 0.34 169.85
< @F 16 7077 0.36 169.82
< @F 17 7076 0.38 169.80
< @F 18 7075 0.41 169.78
< @F 19 7074 0.43 169.75
< @F 20 7073 0.46 169.73
< @F 21 7072 0.48 169.70
< @F 22 7071 0.50 169.68
< @F 23 7070 0.53 169.66
< @F 24 7069 0.55 169.63
< @F 25 7068 0.58 169.61
< @F 26 7067 0.60 169.58
< @F 27 7066 0.62 169.56
< @F 28 7065 0.65 169.54
< @F 29 7064 0.67 169.51
< @F 30 7063 0.70 169.49
< @F 31 7062 0.72 169.46
< @F 32 7061 0.74 169.44
< @F 33 7060 0.77 169.42
< @F 34 7059 0.79 169.39
< @F 35 7058 0.82 169.37
< @F 36 7057 0.84 169.34
< @F 37 7056 0.86 169.32
< @F 38 7055 0.89 169.30
< @F 39 7054 0.91 169.27
< @F 40 7053 0.94 169.25
< @F 41 7052 0.96 169.22
< @P 0
< @I {
< @I ID3v2.title:The Sky Is A Neighborhood
< @I ID3v2.artist:Foo Fighters
< @I }
< @P 2
< @S 1.0 3 44100 Joint-Stereo 2 626 2 0 0 0 192 0 1
< @F 0 9493 0.00 247.96
< @F 0 9493 0.00 247.96
< @F 1 9492 0.00 247.95
< @F 2 9491 0.03 247.93
< @F 3 9490 0.05 247.90
< @F 4 9489 0.08 247.88
< @F 5 9488 0.11 247.85
< @F 6 9487 0.13 247.82
< @F 7 9486 0.16 247.80
< @F 8 9485 0.18 247.77
< @F 9 9484 0.21 247.75
< @F 10 9483 0.24 247.72
< @F 11 9482 0.26 247.69
< @F 12 9481 0.29 247.67
< @F 13 9480 0.31 247.64
< @F 14 9479 0.34 247.61
< @F 15 9478 0.37 247.59
< @F 16 9477 0.39 247.56
< @F 17 9476 0.42 247.54
< @F 18 9475 0.45 247.51
< @F 19 9474 0.47 247.48
< @F 20 9473 0.50 247.46
< @F 21 9472 0.52 247.43
< @F 22 9471 0.55 247.41
< @F 23 9470 0.58 247.38
< @F 24 9469 0.60 247.35
< @F 25 9468 0.63 247.33
< @F 26 9467 0.65 247.30
< @F 27 9466 0.68 247.28
< @F 28 9465 0.71 247.25
< @F 29 9464 0.73 247.22
< @F 30 9463 0.76 247.20
< @F 31 9462 0.78 247.17
< @F 32 9461 0.81 247.14
< @F 33 9460 0.84 247.12
< @F 34 9459 0.86 247.09
< @F 35 9458 0.89 247.07
< @F 36 9457 0.92 247.04
< @F 37 9456 0.94 247.01
< @F 38 9455 0.97 246.99
< @F 39 9454 0.99 246.96
< @F 40 9453 1.02 246.94
< @F 41 9452 1.05 246.91
< @F 42 9451 1.07 246.88
< @F 43 9450 1.10 246.86
< @F 44 9449 1.12 246.83
< @F 45 9448 1.15 246.80
< @F 46 9447 1.18 246.78
< @F 47 9446 1.20 246.75
< @F 48 9445 1.23 246.73
< @F 49 9444 1.25 246.70
< @F 50 9443 1.28 246.67
< @F 51 9442 1.31 246.65
< @I {
< @I ID3v2.title:No Roots
< @I ID3v2.artist:Alice Merton
< @I ID3v2.album:MINT
< @I }
< @P 2
< @S 1.0 3 48000 Joint-Stereo 2 96 2 0 0 0 32 0 1
< @F 0 9837 0.00 236.06
< @F 0 9837 0.00 236.06
< @F 1 9836 0.00 236.06
< @F 2 9835 0.02 236.04
< @F 3 9834 0.05 236.01
< @F 4 9833 0.07 235.99
< @F 5 9832 0.10 235.96
< @F 6 9831 0.12 235.94
< @F 7 9830 0.14 235.92
< @F 8 9829 0.17 235.89
< @F 9 9828 0.19 235.87
< @F 10 9827 0.22 235.84
< @F 11 9826 0.24 235.82
< @F 12 9825 0.26 235.80
< @F 13 9824 0.29 235.77
< @F 14 9823 0.31 235.75
< @F 15 9822 0.34 235.72
< @F 16 9821 0.36 235.70
< @F 17 9820 0.38 235.68
< @F 18 9819 0.41 235.65
< @F 19 9818 0.43 235.63
< @F 20 9817 0.46 235.60
< @F 21 9816 0.48 235.58
< @F 22 9815 0.50 235.56
< @F 23 9814 0.53 235.53
< @F 24 9813 0.55 235.51
< @F 25 9812 0.58 235.48
< @F 26 9811 0.60 235.46
< @F 27 9810 0.62 235.44
< @F 28 9809 0.65 235.41
< @F 29 9808 0.67 235.39
< @F 30 9807 0.70 235.36
< @F 31 9806 0.72 235.34
< @F 32 9805 0.74 235.32
< @F 33 9804 0.77 235.29
< @F 34 9803 0.79 235.27
< @I {
< @I ID3v2.title:Downtown (feat. Melle Mel, Grandmaster Caz, Kool Moe Dee & Eric
< @I ID3v2.artist:Macklemore & Ryan Lewis
< @I ID3v2.album:Downtown (feat. Melle Mel, Grandmaster Caz, Kool Moe Dee & Eric
< @I }
< @P 2
< @S 1.0 3 48000 Joint-Stereo 2 96 2 0 0 0 32 0 1
< @F 0 13443 0.00 322.59
< @F 1 13442 0.00 322.59
< @F 2 13441 0.02 322.56
< @F 3 13440 0.05 322.54
< @F 4 13439 0.07 322.52
< @F 5 13438 0.10 322.49
< @F 6 13437 0.12 322.47
< @F 7 13436 0.14 322.44
< @F 8 13435 0.17 322.42
< @F 9 13434 0.19 322.40
< @F 10 13433 0.22 322.37
< @F 11 13432 0.24 322.35
< @F 12 13431 0.26 322.32
< @F 13 13430 0.29 322.30
< @F 14 13429 0.31 322.28
< @F 15 13428 0.34 322.25
< @F 16 13427 0.36 322.23
< @F 17 13426 0.38 322.20
< @F 18 13425 0.41 322.18
< @F 19 13424 0.43 322.16
< @F 20 13423 0.46 322.13
< @F 21 13422 0.48 322.11
< @F 22 13421 0.50 322.08
< @F 23 13420 0.53 322.06
< @F 24 13419 0.55 322.04
< @F 25 13418 0.58 322.01
< @F 26 13417 0.60 321.99
< @F 27 13416 0.62 321.96
< @F 28 13415 0.65 321.94
< @F 29 13414 0.67 321.92
< @F 30 13413 0.70 321.89
< @F 31 13412 0.72 321.87
< @F 32 13411 0.74 321.84
< @F 33 13410 0.77 321.82
< @F 34 13409 0.79 321.80
< @F 35 13408 0.82 321.77
< @F 36 13407 0.84 321.75
< @F 37 13406 0.86 321.72
< @F 38 13405 0.89 321.70
< @F 39 13404 0.91 321.68
< @F 40 13403 0.94 321.65
< @F 41 13402 0.96 321.63
< @F 42 13401 0.98 321.60
< @F 43 13400 1.01 321.58
< @F 44 13399 1.03 321.56
< @F 45 13398 1.06 321.53
< @F 46 13397 1.08 321.51
< @F 47 13396 1.10 321.48
< @F 48 13395 1.13 321.46
< @F 49 13394 1.15 321.44
< @F 50 13393 1.18 321.41
< @F 51 13392 1.20 321.39
< @F 52 13391 1.22 321.36
< @F 53 13390 1.25 321.34
< @F 54 13389 1.27 321.32
< @F 55 13388 1.30 321.29
< @F 56 13387 1.32 321.27
< @F 57 13386 1.34 321.24
< @F 58 13385 1.37 321.22
< @F 59 13384 1.39 321.20
< @F 60 13383 1.42 321.17
< @F 61 13382 1.44 321.15
< @F 62 13381 1.46 321.12
< @F 63 13380 1.49 321.10
< @F 64 13379 1.51 321.08
< @F 65 13378 1.54 321.05
< @F 66 13377 1.56 321.03
< @F 67 13376 1.58 321.00
< @F 68 13375 1.61 320.98
< @F 69 13374 1.63 320.96
< @F 70 13373 1.66 320.93
< @F 71 13372 1.68 320.91
< @F 72 13371 1.70 320.88
< @F 73 13370 1.73 320.86
< @F 74 13369 1.75 320.84
< @F 75 13368 1.78 320.81
< @F 76 13367 1.80 320.79
< @F 77 13366 1.82 320.76
< @F 78 13365 1.85 320.74
< @F 79 13364 1.87 320.72
< @F 80 13363 1.90 320.69
< @F 81 13362 1.92 320.67
< @F 82 13361 1.94 320.64
< @F 83 13360 1.97 320.62
< @F 84 13359 1.99 320.60
< @F 85 13358 2.02 320.57
< @F 86 13357 2.04 320.55
< @F 87 13356 2.06 320.52
< @F 88 13355 2.09 320.50
< @F 89 13354 2.11 320.48
< @F 90 13353 2.14 320.45
< @F 91 13352 2.16 320.43
< @F 92 13351 2.18 320.40
< @F 93 13350 2.21 320.38
< @F 94 13349 2.23 320.36
< @F 95 13348 2.26 320.33
< @F 96 13347 2.28 320.31
< @F 97 13346 2.30 320.28
< @F 98 13345 2.33 320.26
< @F 99 13344 2.35 320.24
< @F 100 13343 2.38 320.21
< @F 101 13342 2.40 320.19
< @I {
< @I ID3v2.title:The Sky Is A Neighborhood
< @I ID3v2.artist:Foo Fighters
< @I }
< @P 2
< @S 1.0 3 44100 Joint-Stereo 2 626 2 0 0 0 192 0 1
< @F 0 9493 0.00 247.96
< @F 0 9493 0.00 247.96
< @F 1 9492 0.00 247.95
< @F 2 9491 0.03 247.93
< @F 3 9490 0.05 247.90
< @F 4 9489 0.08 247.88
< @F 5 9488 0.11 247.85
< @F 6 9487 0.13 247.82
< @F 7 9486 0.16 247.80
< @F 8 9485 0.18 247.77
< @F 9 9484 0.21 247.75
< @F 10 9483 0.24 247.72
< @F 11 9482 0.26 247.69
< @F 12 9481 0.29 247.67
< @F 13 9480 0.31 247.64
< @F 14 9479 0.34 247.61
< @F 15 9478 0.37 247.59
< @F 16 9477 0.39 247.56
< @F 17 9476 0.42 247.54
< @F 18 9475 0.45 247.51
< @F 19 9474 0.47 247.48
< @F 20 9473 0.50 247.46
< @F 21 9472 0.52 247.43
< @F 22 9471 0.55 247.41
< @F 23 9470 0.58 247.38
< @F 24 9469 0.60 247.35
< @F 25 9468 0.63 247.33
< @F 26 9467 0.65 247.30
< @F 27 9466 0.68 247.28
< @F 28 9465 0.71 247.25
< @F 29 9464 0.73 247.22
< @F 30 9463 0.76 247.20
< @F 31 9462 0.78 247.17
< @F 32 9461 0.81 247.14
< @F 33 9460 0.84 247.12
< @F 34 9459 0.86 247.09
< @F 35 9458 0.89 247.07
< @F 36 9457 0.92 247.04
< @F 37 9456 0.94 247.01
< @F 38 9455 0.97 246.99
< @F 39 9454 0.99 246.96
< @F 40 9453 1.02 246.94
< @F 41 9452 1.05 246.91
< @F 42 9451 1.07 246.88
< @F 43 9450 1.10 246.86
< @F 44 9449 1.12 246.83
< @F 45 9448 1.15 246.80
< @F 46 9447 1.18 246.78
< @F 47 9446 1.20 246.75
< @F 48 9445 1.23 246.73
< @F 49 9444 1.25 246.70
< @F 50 9443 1.28 246.67
< @F 51 9442 1.31 246.65
< @F 52 9441 1.33 246.62
< @F 53 9440 1.36 246.60
< @F 54 9439 1.39 246.57
< @F 55 9438 1.41 246.54
< @F 56 9437 1.44 246.52
< @F 57 9436 1.46 246.49
< @F 58 9435 1.49 246.47
< @F 59 9434 1.52 246.44
< @F 60 9433 1.54 246.41
< @F 61 9432 1.57 246.39
< @F 62 9431 1.59 246.36
< @F 63 9430 1.62 246.33
< @F 64 9429 1.65 246.31
< @F 65 9428 1.67 246.28
< @F 66 9427 1.70 246.26
< @F 67 9426 1.73 246.23
< @F 68 9425 1.75 246.20
< @F 69 9424 1.78 246.18
< @F 70 9423 1.80 246.15
< @F 71 9422 1.83 246.13
< @F 72 9421 1.86 246.10
< @F 73 9420 1.88 246.07
< @F 74 9419 1.91 246.05
< @F 75 9418 1.93 246.02
< @F 76 9417 1.96 246.00
< @F 77 9416 1.99 245.97
< @F 78 9415 2.01 245.94
< @F 79 9414 2.04 245.92
< @F 80 9413 2.06 245.89
< @F 81 9412 2.09 245.86
< @F 82 9411 2.12 245.84
< @F 83 9410 2.14 245.81
< @F 84 9409 2.17 245.79
< @F 85 9408 2.20 245.76
< @F 86 9407 2.22 245.73
< @F 87 9406 2.25 245.71
< @F 88 9405 2.27 245.68
< @F 89 9404 2.30 245.66
< @F 90 9403 2.33 245.63
< @F 91 9402 2.35 245.60
< @F 92 9401 2.38 245.58
< @F 93 9400 2.40 245.55
< @F 94 9399 2.43 245.52
< @F 95 9398 2.46 245.50
< @F 96 9397 2.48 245.47
< @F 97 9396 2.51 245.45
< @F 98 9395 2.53 245.42
< @F 99 9394 2.56 245.39
< @F 100 9393 2.59 245.37
< @I {
< @I ID3v2.title:No Roots
< @I ID3v2.artist:Alice Merton
< @I ID3v2.album:MINT
< @I }
< @P 2
< @S 1.0 3 48000 Joint-Stereo 2 96 2 0 0 0 32 0 1
< @F 0 9837 0.00 236.06
< @F 0 9837 0.00 236.06
< @F 1 9836 0.00 236.06
< @F 2 9835 0.02 236.04
< @F 3 9834 0.05 236.01
< @F 4 9833 0.07 235.99
< @F 5 9832 0.10 235.96
< @F 6 9831 0.12 235.94
< @F 7 9830 0.14 235.92
< @F 8 9829 0.17 235.89
< @F 9 9828 0.19 235.87
< @F 10 9827 0.22 235.84
< @F 11 9826 0.24 235.82
< @F 12 9825 0.26 235.80
< @F 13 9824 0.29 235.77
< @F 14 9823 0.31 235.75
< @F 15 9822 0.34 235.72
< @F 16 9821 0.36 235.70
< @F 17 9820 0.38 235.68
< @F 18 9819 0.41 235.65
< @F 19 9818 0.43 235.63
< @F 20 9817 0.46 235.60
< @F 21 9816 0.48 235.58
< @F 22 9815 0.50 235.56
< @F 23 9814 0.53 235.53
< @F 24 9813 0.55 235.51
< @F 25 9812 0.58 235.48
< @F 26 9811 0.60 235.46
< @F 27 9810 0.62 235.44
< @F 28 9809 0.65 235.41
< @F 29 9808 0.67 235.39
< @F 30 9807 0.70 235.36
< @F 31 9806 0.72 235.34
< @F 32 9805 0.74 235.32
< @F 33 9804 0.77 235.29
< @F 34 9803 0.79 235.27
< @F 35 9802 0.82 235.24
< @F 36 9801 0.84 235.22
< @F 37 9800 0.86 235.20
< @F 38 9799 0.89 235.17
< @F 39 9798 0.91 235.15
< @F 40 9797 0.94 235.12
< @F 41 9796 0.96 235.10
< @F 42 9795 0.98 235.08
< @F 43 9794 1.01 235.05
< @F 44 9793 1.03 235.03
< @F 45 9792 1.06 235.00
< @F 46 9791 1.08 234.98
< @F 47 9790 1.10 234.96
< @F 48 9789 1.13 234.93
< @F 49 9788 1.15 234.91
< @F 50 9787 1.18 234.88
< @F 51 9786 1.20 234.86
< @F 52 9785 1.22 234.84
< @F 53 9784 1.25 234.81
< @F 54 9783 1.27 234.79
< @F 55 9782 1.30 234.76
< @F 56 9781 1.32 234.74
< @F 57 9780 1.34 234.72
< @F 58 9779 1.37 234.69
< @F 59 9778 1.39 234.67
< @I {
< @I ID3v2.title:Katchi (Ofenbach vs. Nick Waterhouse)
< @I ID3v2.artist:Ofenbach, Nick Waterhouse
< @I }
< @P 2
< @S 1.0 3 48000 Joint-Stereo 2 96 2 0 0 0 32 0 1
< @F 0 6974 0.00 167.34
< @F 1 6973 0.00 167.34
< @F 2 6972 0.02 167.32
< @F 3 6971 0.05 167.29
< @F 4 6970 0.07 167.27
< @F 5 6969 0.10 167.24
< @F 6 6968 0.12 167.22
< @F 7 6967 0.14 167.20
< @F 8 6966 0.17 167.17
< @F 9 6965 0.19 167.15
< @F 10 6964 0.22 167.12
< @F 11 6963 0.24 167.10
< @F 12 6962 0.26 167.08
< @F 13 6961 0.29 167.05
< @F 14 6960 0.31 167.03
< @F 15 6959 0.34 167.00
< @F 16 6958 0.36 166.98
< @F 17 6957 0.38 166.96
< @F 18 6956 0.41 166.93
< @F 19 6955 0.43 166.91
< @F 20 6954 0.46 166.88
< @F 21 6953 0.48 166.86
< @F 22 6952 0.50 166.84
< @F 23 6951 0.53 166.81
< @F 24 6950 0.55 166.79
< @F 25 6949 0.58 166.76
< @F 26 6948 0.60 166.74
< @F 27 6947 0.62 166.72
< @F 28 6946 0.65 166.69
< @F 29 6945 0.67 166.67
< @F 30 6944 0.70 166.64
< @F 31 6943 0.72 166.62
< @F 32 6942 0.74 166.60
< @F 33 6941 0.77 166.57
< @F 34 6940 0.79 166.55
< @F 35 6939 0.82 166.52
< @F 36 6938 0.84 166.50
< @F 37 6937 0.86 166.48
< @F 38 6936 0.89 166.45
< @F 39 6935 0.91 166.43
< @F 40 6934 0.94 166.40
< @F 41 6933 0.96 166.38
< @F 42 6932 0.98 166.36
< @F 43 6931 1.01 166.33
< @F 44 6930 1.03 166.31
< @F 45 6929 1.06 166.28
< @F 46 6928 1.08 166.26
< @F 47 6927 1.10 166.24
< @F 48 6926 1.13 166.21
< @F 49 6925 1.15 166.19
< @F 50 6924 1.18 166.16
< @F 51 6923 1.20 166.14
< @F 52 6922 1.22 166.12
< @F 53 6921 1.25 166.09
< @F 54 6920 1.27 166.07
< @F 55 6919 1.30 166.04
< @F 56 6918 1.32 166.02
< @F 57 6917 1.34 166.00
< @F 58 6916 1.37 165.97
< @F 59 6915 1.39 165.95
< @F 60 6914 1.42 165.92
< @F 61 6913 1.44 165.90
< @F 62 6912 1.46 165.88
< @F 63 6911 1.49 165.85
< @F 64 6910 1.51 165.83
< @F 65 6909 1.54 165.80
< @F 66 6908 1.56 165.78
< @F 67 6907 1.58 165.76
< @F 68 6906 1.61 165.73
< @F 69 6905 1.63 165.71
< @F 70 6904 1.66 165.68
< @F 71 6903 1.68 165.66
< @F 72 6902 1.70 165.64
< @F 73 6901 1.73 165.61
< @F 74 6900 1.75 165.59
< @F 75 6899 1.78 165.56
< @F 76 6898 1.80 165.54
< @F 77 6897 1.82 165.52
< @F 78 6896 1.85 165.49
< @F 79 6895 1.87 165.47
< @F 80 6894 1.90 165.44
< @F 81 6893 1.92 165.42
< @F 82 6892 1.94 165.40
< @F 83 6891 1.97 165.37
< @F 84 6890 1.99 165.35
< @F 85 6889 2.02 165.32
< @F 86 6888 2.04 165.30
< @F 87 6887 2.06 165.28
< @F 88 6886 2.09 165.25
< @F 89 6885 2.11 165.23
< @F 90 6884 2.14 165.20
< @F 91 6883 2.16 165.18
< @F 92 6882 2.18 165.16
< @F 93 6881 2.21 165.13
< @F 94 6880 2.23 165.11
< @F 95 6879 2.26 165.08
< @F 96 6878 2.28 165.06
< @F 97 6877 2.30 165.04
< @F 98 6876 2.33 165.01
< @F 99 6875 2.35 164.99
< @F 100 6874 2.38 164.96
< @F 101 6873 2.40 164.94
< @F 102 6872 2.42 164.92
< @F 103 6871 2.45 164.89
< @F 104 6870 2.47 164.87
< @F 105 6869 2.50 164.84
< @F 106 6868 2.52 164.82
< @F 107 6867 2.54 164.80
< @F 108 6866 2.57 164.77
< @F 109 6865 2.59 164.75
< @F 110 6864 2.62 164.72
< @F 111 6863 2.64 164.70
< @F 112 6862 2.66 164.68
< @F 113 6861 2.69 164.65
< @F 114 6860 2.71 164.63
< @F 115 6859 2.74 164.60
< @F 116 6858 2.76 164.58
< @F 117 6857 2.78 164.56
< @F 118 6856 2.81 164.53
< @F 119 6855 2.83 164.51
< @F 120 6854 2.86 164.48
< @F 121 6853 2.88 164.46
< @F 122 6852 2.90 164.44
< @F 123 6851 2.93 164.41
< @F 124 6850 2.95 164.39
< @F 125 6849 2.98 164.36
< @F 126 6848 3.00 164.34
< @F 127 6847 3.02 164.32
< @F 128 6846 3.05 164.29
< @F 129 6845 3.07 164.27
< @F 130 6844 3.10 164.24
< @F 131 6843 3.12 164.22
< @F 132 6842 3.14 164.20
< @F 133 6841 3.17 164.17
< @F 134 6840 3.19 164.15
< @F 135 6839 3.22 164.12
< @F 136 6838 3.24 164.10
< @F 137 6837 3.26 164.08
< @F 138 6836 3.29 164.05
< @F 139 6835 3.31 164.03
< @F 140 6834 3.34 164.00
< @F 141 6833 3.36 163.98
< @F 142 6832 3.38 163.96
< @F 143 6831 3.41 163.93
< @F 144 6830 3.43 163.91
< @F 145 6829 3.46 163.88
< @F 146 6828 3.48 163.86
< @F 147 6827 3.50 163.84
< @F 148 6826 3.53 163.81
< @F 149 6825 3.55 163.79
< @F 150 6824 3.58 163.76
< @F 151 6823 3.60 163.74
< @F 152 6822 3.62 163.72
< @F 153 6821 3.65 163.69
< @F 154 6820 3.67 163.67
< @F 155 6819 3.70 163.64
< @F 156 6818 3.72 163.62
< @F 157 6817 3.74 163.60
< @F 158 6816 3.77 163.57
< @F 159 6815 3.79 163.55
< @F 160 6814 3.82 163.52
< @F 161 6813 3.84 163.50
< @F 162 6812 3.86 163.48
< @F 163 6811 3.89 163.45
< @F 164 6810 3.91 163.43
< @F 165 6809 3.94 163.40
< @F 166 6808 3.96 163.38
< @F 167 6807 3.98 163.36
< @F 168 6806 4.01 163.33
< @F 169 6805 4.03 163.31
< @F 170 6804 4.06 163.28
< @F 171 6803 4.08 163.26
< @F 172 6802 4.10 163.24
< @F 173 6801 4.13 163.21
< @F 174 6800 4.15 163.19
< @F 175 6799 4.18 163.16
< @F 176 6798 4.20 163.14
< @F 177 6797 4.22 163.12
< @F 178 6796 4.25 163.09
< @F 179 6795 4.27 163.07
< @F 180 6794 4.30 163.04
< @F 181 6793 4.32 163.02
< @F 182 6792 4.34 163.00
< @F 183 6791 4.37 162.97
< @F 184 6790 4.39 162.95
< @F 185 6789 4.42 162.92
< @F 186 6788 4.44 162.90
< @F 187 6787 4.46 162.88
< @F 188 6786 4.49 162.85
< @F 189 6785 4.51 162.83
< @F 190 6784 4.54 162.80
< @F 191 6783 4.56 162.78
< @F 192 6782 4.58 162.76
< @F 193 6781 4.61 162.73
< @F 194 6780 4.63 162.71
< @F 195 6779 4.66 162.68
< @F 196 6778 4.68 162.66
< @F 197 6777 4.70 162.64
< @F 198 6776 4.73 162.61
< @F 199 6775 4.75 162.59
< @F 200 6774 4.78 162.56
< @F 201 6773 4.80 162.54
< @F 202 6772 4.82 162.52
< @F 203 6771 4.85 162.49
< @F 204 6770 4.87 162.47
< @F 205 6769 4.90 162.44
< @F 206 6768 4.92 162.42
< @F 207 6767 4.94 162.40
< @F 208 6766 4.97 162.37
< @I {
< @I ID3v2.title:The Sky Is A Neighborhood
< @I ID3v2.artist:Foo Fighters
< @I }
< @P 2
< @S 1.0 3 44100 Joint-Stereo 2 626 2 0 0 0 192 0 1
< @F 0 9493 0.00 247.96
< @F 0 9493 0.00 247.96
< @F 1 9492 0.00 247.95
< @F 2 9491 0.03 247.93
< @F 3 9490 0.05 247.90
< @F 4 9489 0.08 247.88
< @F 5 9488 0.11 247.85
< @F 6 9487 0.13 247.82
< @F 7 9486 0.16 247.80
< @F 8 9485 0.18 247.77
< @F 9 9484 0.21 247.75
< @F 10 9483 0.24 247.72
< @F 11 9482 0.26 247.69
< @F 12 9481 0.29 247.67
< @F 13 9480 0.31 247.64
< @F 14 9479 0.34 247.61
< @F 15 9478 0.37 247.59
< @F 16 9477 0.39 247.56
< @F 17 9476 0.42 247.54
< @F 18 9475 0.45 247.51
< @F 19 9474 0.47 247.48
< @F 20 9473 0.50 247.46
< @F 21 9472 0.52 247.43
< @F 22 9471 0.55 247.41
< @F 23 9470 0.58 247.38
< @F 24 9469 0.60 247.35
< @F 25 9468 0.63 247.33
< @F 26 9467 0.65 247.30
< @F 27 9466 0.68 247.28
< @F 28 9465 0.71 247.25
< @F 29 9464 0.73 247.22
< @F 30 9463 0.76 247.20
< @F 31 9462 0.78 247.17
< @F 32 9461 0.81 247.14
< @F 33 9460 0.84 247.12
< @F 34 9459 0.86 247.09
< @F 35 9458 0.89 247.07
< @F 36 9457 0.92 247.04
< @F 37 9456 0.94 247.01
< @F 38 9455 0.97 246.99
< @F 39 9454 0.99 246.96
< @F 40 9453 1.02 246.94
< @F 41 9452 1.05 246.91
< @F 42 9451 1.07 246.88
< @F 43 9450 1.10 246.86
< @F 44 9449 1.12 246.83
< @F 45 9448 1.15 246.80
< @F 46 9447 1.18 246.78
< @F 47 9446 1.20 246.75
< @F 48 9445 1.23 246.73
< @F 49 9444 1.25 246.70
< @F 50 9443 1.28 246.67
< @F 51 9442 1.31 246.65
< @F 52 9441 1.33 246.62
< @F 53 9440 1.36 246.60
< @F 54 9439 1.39 246.57
< @F 55 9438 1.41 246.54
< @F 56 9437 1.44 246.52
< @F 57 9436 1.46 246.49
< @F 58 9435 1.49 246.47
< @F 59 9434 1.52 246.44
< @F 60 9433 1.54 246.41
< @F 61 9432 1.57 246.39
< @F 62 9431 1.59 246.36
< @F 63 9430 1.62 246.33
< @F 64 9429 1.65 246.31
< @F 65 9428 1.67 246.28
< @F 66 9427 1.70 246.26
< @F 67 9426 1.73 246.23
< @F 68 9425 1.75 246.20
< @F 69 9424 1.78 246.18
< @F 70 9423 1.80 246.15
< @F 71 9422 1.83 246.13
< @F 72 9421 1.86 246.10
< @F 73 9420 1.88 246.07
< @F 74 9419 1.91 246.05
< @F 75 9418 1.93 246.02
< @F 76 9417 1.96 246.00
< @F 77 9416 1.99 245.97
< @F 78 9415 2.01 245.94
< @F 79 9414 2.04 245.92
< @F 80 9413 2.06 245.89
< @F 81 9412 2.09 245.86
< @F 82 9411 2.12 245.84
< @F 83 9410 2.14 245.81
< @F 84 9409 2.17 245.79
< @F 85 9408 2.20 245.76
< @F 86 9407 2.22 245.73
< @F 87 9406 2.25 245.71
< @F 88 9405 2.27 245.68
< @F 89 9404 2.30 245.66
< @F 90 9403 2.33 245.63
< @F 91 9402 2.35 245.60
< @F 92 9401 2.38 245.58
< @F 93 9400 2.40 245.55
< @F 94 9399 2.43 245.52
< @F 95 9398 2.46 245.50
< @F 96 9397 2.48 245.47
< @F 97 9396 2.51 245.45
< @F 98 9395 2.53 245.42
< @F 99 9394 2.56 245.39
< @F 100 9393 2.59 245.37
< @F 101 9392 2.61 245.34
< @F 102 9391 2.64 245.32
< @F 103 9390 2.67 245.29
< @F 104 9389 2.69 245.26
< @F 105 9388 2.72 245.24
< @F 106 9387 2.74 245.21
< @F 107 9386 2.77 245.19
< @F 108 9385 2.80 245.16
< @F 109 9384 2.82 245.13
< @F 110 9383 2.85 245.11
< @F 111 9382 2.87 245.08
< @F 112 9381 2.90 245.05
< @F 113 9380 2.93 245.03
< @F 114 9379 2.95 245.00
< @F 115 9378 2.98 244.98
< @F 116 9377 3.01 244.95
< @F 117 9376 3.03 244.92
< @F 118 9375 3.06 244.90
< @F 119 9374 3.08 244.87
< @F 120 9373 3.11 244.85
< @F 121 9372 3.14 244.82
< @F 122 9371 3.16 244.79
< @F 123 9370 3.19 244.77
< @F 124 9369 3.21 244.74
< @F 125 9368 3.24 244.72
< @F 126 9367 3.27 244.69
< @F 127 9366 3.29 244.66
< @F 128 9365 3.32 244.64
< @F 129 9364 3.34 244.61
< @F 130 9363 3.37 244.58
< @F 131 9362 3.40 244.56
< @F 132 9361 3.42 244.53
< @F 133 9360 3.45 244.51
< @F 134 9359 3.48 244.48
< @F 135 9358 3.50 244.45
< @F 136 9357 3.53 244.43
< @F 137 9356 3.55 244.40
< @F 138 9355 3.58 244.38
< @F 139 9354 3.61 244.35
< @F 140 9353 3.63 244.32
< @F 141 9352 3.66 244.30
< @F 142 9351 3.68 244.27
< @F 143 9350 3.71 244.24
< @F 144 9349 3.74 244.22
< @F 145 9348 3.76 244.19
< @F 146 9347 3.79 244.17
< @F 147 9346 3.81 244.14
< @F 148 9345 3.84 244.11
< @F 149 9344 3.87 244.09
< @F 150 9343 3.89 244.06
< @F 151 9342 3.92 244.04
< @F 152 9341 3.95 244.01
< @F 153 9340 3.97 243.98
< @F 154 9339 4.00 243.96
< @F 155 9338 4.02 243.93
< @F 156 9337 4.05 243.91
< @F 157 9336 4.08 243.88
< @F 158 9335 4.10 243.85
< @F 159 9334 4.13 243.83
< @F 160 9333 4.15 243.80
< @F 161 9332 4.18 243.77
< @F 162 9331 4.21 243.75
< @F 163 9330 4.23 243.72
< @F 164 9329 4.26 243.70
< @F 165 9328 4.29 243.67
< @F 166 9327 4.31 243.64
< @F 167 9326 4.34 243.62
< @F 168 9325 4.36 243.59
< @F 169 9324 4.39 243.57
< @F 170 9323 4.42 243.54
< @F 171 9322 4.44 243.51
< @F 172 9321 4.47 243.49
< @F 173 9320 4.49 243.46
< @F 174 9319 4.52 243.44
< @F 175 9318 4.55 243.41
< @F 176 9317 4.57 243.38
< @F 177 9316 4.60 243.36
< @F 178 9315 4.62 243.33
< @F 179 9314 4.65 243.30
< @F 180 9313 4.68 243.28
< @F 181 9312 4.70 243.25
< @F 182 9311 4.73 243.23
< @F 183 9310 4.76 243.20
< @F 184 9309 4.78 243.17
< @F 185 9308 4.81 243.15
< @F 186 9307 4.83 243.12
< @F 187 9306 4.86 243.10
< @F 188 9305 4.89 243.07
< @F 189 9304 4.91 243.04
< @F 190 9303 4.94 243.02
< @F 191 9302 4.96 242.99
< @F 192 9301 4.99 242.96
< @F 193 9300 5.02 242.94
< @F 194 9299 5.04 242.91
< @F 195 9298 5.07 242.89
< @F 196 9297 5.09 242.86
< @F 197 9296 5.12 242.83
< @F 198 9295 5.15 242.81
< @F 199 9294 5.17 242.78
< @F 200 9293 5.20 242.76
< @F 201 9292 5.23 242.73
< @F 202 9291 5.25 242.70
< @F 203 9290 5.28 242.68
< @F 204 9289 5.30 242.65
< @F 205 9288 5.33 242.63
< @F 206 9287 5.36 242.60
< @F 207 9286 5.38 242.57
< @F 208 9285 5.41 242.55
< @F 209 9284 5.43 242.52
< @F 210 9283 5.46 242.49
< @F 211 9282 5.49 242.47
< @F 212 9281 5.51 242.44
< @F 213 9280 5.54 242.42
< @F 214 9279 5.57 242.39
< @F 215 9278 5.59 242.36
< @F 216 9277 5.62 242.34
< @F 217 9276 5.64 242.31
< @F 218 9275 5.67 242.29
< @F 219 9274 5.70 242.26
< @F 220 9273 5.72 242.23
< @F 221 9272 5.75 242.21
< @F 222 9271 5.77 242.18
< @F 223 9270 5.80 242.16
< @F 224 9269 5.83 242.13
< @F 225 9268 5.85 242.10
< @F 226 9267 5.88 242.08
< @F 227 9266 5.90 242.05
< @F 228 9265 5.93 242.02
< @F 229 9264 5.96 242.00
< @F 230 9263 5.98 241.97
< @F 231 9262 6.01 241.95
< @F 232 9261 6.04 241.92
< @F 233 9260 6.06 241.89
< @F 234 9259 6.09 241.87
< @F 235 9258 6.11 241.84
< @F 236 9257 6.14 241.82
< @F 237 9256 6.17 241.79
< @F 238 9255 6.19 241.76
< @F 239 9254 6.22 241.74
< @F 240 9253 6.24 241.71
< @F 241 9252 6.27 241.68
< @F 242 9251 6.30 241.66
< @F 243 9250 6.32 241.63
< @F 244 9249 6.35 241.61
< @F 245 9248 6.37 241.58
< @F 246 9247 6.40 241.55
< @F 247 9246 6.43 241.53
< @F 248 9245 6.45 241.50
< @F 249 9244 6.48 241.48
< @F 250 9243 6.51 241.45
< @F 251 9242 6.53 241.42
< @F 252 9241 6.56 241.40
< @F 253 9240 6.58 241.37
< @F 254 9239 6.61 241.35
< @F 255 9238 6.64 241.32
< @F 256 9237 6.66 241.29
< @F 257 9236 6.69 241.27
< @F 258 9235 6.71 241.24
< @F 259 9234 6.74 241.21
< @F 260 9233 6.77 241.19
< @F 261 9232 6.79 241.16
< @F 262 9231 6.82 241.14
< @F 263 9230 6.85 241.11
< @F 264 9229 6.87 241.08
< @F 265 9228 6.90 241.06
< @F 266 9227 6.92 241.03
< @F 267 9226 6.95 241.01
< @F 268 9225 6.98 240.98
< @F 269 9224 7.00 240.95
< @F 270 9223 7.03 240.93
< @F 271 9222 7.05 240.90
< @F 272 9221 7.08 240.88
< @F 273 9220 7.11 240.85
< @F 274 9219 7.13 240.82
< @F 275 9218 7.16 240.80
< @F 276 9217 7.18 240.77
< @F 277 9216 7.21 240.74
< @F 278 9215 7.24 240.72
< @F 279 9214 7.26 240.69
< @F 280 9213 7.29 240.67
< @F 281 9212 7.32 240.64
< @F 282 9211 7.34 240.61
< @F 283 9210 7.37 240.59
< @F 284 9209 7.39 240.56
< @F 285 9208 7.42 240.54
< @F 286 9207 7.45 240.51
< @F 287 9206 7.47 240.48
< @F 288 9205 7.50 240.46
< @F 289 9204 7.52 240.43
< @F 290 9203 7.55 240.40
< @F 291 9202 7.58 240.38
< @F 292 9201 7.60 240.35
< @F 293 9200 7.63 240.33
< @F 294 9199 7.65 240.30
< @F 295 9198 7.68 240.27
< @F 296 9197 7.71 240.25
< @F 297 9196 7.73 240.22
< @F 298 9195 7.76 240.20
< @F 299 9194 7.79 240.17
< @F 300 9193 7.81 240.14
< @F 301 9192 7.84 240.12
< @F 302 9191 7.86 240.09
< @F 303 9190 7.89 240.07
< @F 304 9189 7.92 240.04
< @F 305 9188 7.94 240.01
< @F 306 9187 7.97 239.99
< @F 307 9186 7.99 239.96
< @F 308 9185 8.02 239.93
< @F 309 9184 8.05 239.91
< @F 310 9183 8.07 239.88
< @F 311 9182 8.10 239.86
< @F 312 9181 8.13 239.83
< @F 313 9180 8.15 239.80
< @F 314 9179 8.18 239.78
< @F 315 9178 8.20 239.75
< @F 316 9177 8.23 239.73
< @F 317 9176 8.26 239.70
< @F 318 9175 8.28 239.67
< @F 319 9174 8.31 239.65
< @F 320 9173 8.33 239.62
< @F 321 9172 8.36 239.60
< @F 322 9171 8.39 239.57
< @F 323 9170 8.41 239.54
< @F 324 9169 8.44 239.52
< @F 325 9168 8.46 239.49
< @F 326 9167 8.49 239.46
< @F 327 9166 8.52 239.44
< @F 328 9165 8.54 239.41
< @F 329 9164 8.57 239.39
< @F 330 9163 8.60 239.36
< @F 331 9162 8.62 239.33
< @F 332 9161 8.65 239.31
< @F 333 9160 8.67 239.28
< @F 334 9159 8.70 239.26
< @F 335 9158 8.73 239.23
< @F 336 9157 8.75 239.20
< @F 337 9156 8.78 239.18
< @F 338 9155 8.80 239.15
< @F 339 9154 8.83 239.12
< @F 340 9153 8.86 239.10
< @F 341 9152 8.88 239.07
< @F 342 9151 8.91 239.05
< @F 343 9150 8.93 239.02
< @F 344 9149 8.96 238.99
< @F 345 9148 8.99 238.97
< @F 346 9147 9.01 238.94
< @F 347 9146 9.04 238.92
< @F 348 9145 9.07 238.89
< @F 349 9144 9.09 238.86
< @F 350 9143 9.12 238.84
< @F 351 9142 9.14 238.81
< @F 352 9141 9.17 238.79
< @F 353 9140 9.20 238.76
< @F 354 9139 9.22 238.73
< @F 355 9138 9.25 238.71
< @F 356 9137 9.27 238.68
< @F 357 9136 9.30 238.65
< @F 358 9135 9.33 238.63
< @F 359 9134 9.35 238.60
< @F 360 9133 9.38 238.58
< @F 361 9132 9.41 238.55
< @F 362 9131 9.43 238.52
< @F 363 9130 9.46 238.50
< @F 364 9129 9.48 238.47
< @F 365 9128 9.51 238.45
< @F 366 9127 9.54 238.42
< @F 367 9126 9.56 238.39
< @F 368 9125 9.59 238.37
< @F 369 9124 9.61 238.34
< @F 370 9123 9.64 238.32
< @F 371 9122 9.67 238.29
< @F 372 9121 9.69 238.26
< @F 373 9120 9.72 238.24
< @F 374 9119 9.74 238.21
< @F 375 9118 9.77 238.18
< @F 376 9117 9.80 238.16
< @F 377 9116 9.82 238.13
< @F 378 9115 9.85 238.11
< @F 379 9114 9.88 238.08
< @F 380 9113 9.90 238.05
< @F 381 9112 9.93 238.03
< @F 382 9111 9.95 238.00
< @F 383 9110 9.98 237.98
< @F 384 9109 10.01 237.95
< @F 385 9108 10.03 237.92
< @F 386 9107 10.06 237.90
< @F 387 9106 10.08 237.87
< @F 388 9105 10.11 237.84
< @F 389 9104 10.14 237.82
< @F 390 9103 10.16 237.79
< @F 391 9102 10.19 237.77
< @F 392 9101 10.21 237.74
< @F 393 9100 10.24 237.71
< @F 394 9099 10.27 237.69
< @F 395 9098 10.29 237.66
< @F 396 9097 10.32 237.64
< @F 397 9096 10.35 237.61
< @F 398 9095 10.37 237.58
< @F 399 9094 10.40 237.56
< @F 400 9093 10.42 237.53
< @F 401 9092 10.45 237.51
< @F 402 9091 10.48 237.48
< @F 403 9090 10.50 237.45
< @F 404 9089 10.53 237.43
< @F 405 9088 10.55 237.40
< @F 406 9087 10.58 237.37
< @F 407 9086 10.61 237.35
< @F 408 9085 10.63 237.32
< @F 409 9084 10.66 237.30
< @F 410 9083 10.69 237.27
< @F 411 9082 10.71 237.24
< @F 412 9081 10.74 237.22
< @F 413 9080 10.76 237.19
< @F 414 9079 10.79 237.17
< @F 415 9078 10.82 237.14
< @F 416 9077 10.84 237.11
< @F 417 9076 10.87 237.09
< @F 418 9075 10.89 237.06
< @F 419 9074 10.92 237.04
< @F 420 9073 10.95 237.01
< @F 421 9072 10.97 236.98
< @F 422 9071 11.00 236.96
< @F 423 9070 11.02 236.93
< @F 424 9069 11.05 236.90
< @F 425 9068 11.08 236.88
< @F 426 9067 11.10 236.85
< @F 427 9066 11.13 236.83
< @F 428 9065 11.16 236.80
< @F 429 9064 11.18 236.77
< @F 430 9063 11.21 236.75
< @F 431 9062 11.23 236.72
< @F 432 9061 11.26 236.70
< @F 433 9060 11.29 236.67
< @F 434 9059 11.31 236.64
< @F 435 9058 11.34 236.62
< @F 436 9057 11.36 236.59
< @F 437 9056 11.39 236.56
< @F 438 9055 11.42 236.54
< @F 439 9054 11.44 236.51
< @F 440 9053 11.47 236.49
< @F 441 9052 11.49 236.46
< @F 442 9051 11.52 236.43
< @F 443 9050 11.55 236.41
< @F 444 9049 11.57 236.38
< @F 445 9048 11.60 236.36
< @F 446 9047 11.63 236.33
< @F 447 9046 11.65 236.30
< @F 448 9045 11.68 236.28
< @F 449 9044 11.70 236.25
< @F 450 9043 11.73 236.23
< @F 451 9042 11.76 236.20
< @F 452 9041 11.78 236.17
< @F 453 9040 11.81 236.15
< @F 454 9039 11.83 236.12
< @F 455 9038 11.86 236.09
< @F 456 9037 11.89 236.07
< @F 457 9036 11.91 236.04
< @F 458 9035 11.94 236.02
< @F 459 9034 11.97 235.99
< @F 460 9033 11.99 235.96
< @F 461 9032 12.02 235.94
< @F 462 9031 12.04 235.91
< @F 463 9030 12.07 235.89
< @F 464 9029 12.10 235.86
< @F 465 9028 12.12 235.83
< @F 466 9027 12.15 235.81
< @F 467 9026 12.17 235.78
< @F 468 9025 12.20 235.76
< @F 469 9024 12.23 235.73
< @F 470 9023 12.25 235.70
< @F 471 9022 12.28 235.68
< @F 472 9021 12.30 235.65
< @F 473 9020 12.33 235.62
< @F 474 9019 12.36 235.60
< @F 475 9018 12.38 235.57
< @F 476 9017 12.41 235.55
< @F 477 9016 12.44 235.52
< @F 478 9015 12.46 235.49
< @F 479 9014 12.49 235.47
< @F 480 9013 12.51 235.44
< @F 481 9012 12.54 235.42
< @F 482 9011 12.57 235.39
< @F 483 9010 12.59 235.36
< @F 484 9009 12.62 235.34
< @F 485 9008 12.64 235.31
< @F 486 9007 12.67 235.28
< @F 487 9006 12.70 235.26
< @F 488 9005 12.72 235.23
< @F 489 9004 12.75 235.21
< @F 490 9003 12.77 235.18
< @F 491 9002 12.80 235.15
< @F 492 9001 12.83 235.13
< @F 493 9000 12.85 235.10
< @F 494 8999 12.88 235.08
< @F 495 8998 12.91 235.05
< @F 496 8997 12.93 235.02
< @F 497 8996 12.96 235.00
< @F 498 8995 12.98 234.97
< @F 499 8994 13.01 234.95
< @F 500 8993 13.04 234.92
< @F 501 8992 13.06 234.89
< @F 502 8991 13.09 234.87
< @F 503 8990 13.11 234.84
< @F 504 8989 13.14 234.81
< @F 505 8988 13.17 234.79
< @F 506 8987 13.19 234.76
< @F 507 8986 13.22 234.74
< @F 508 8985 13.25 234.71
< @F 509 8984 13.27 234.68
< @F 510 8983 13.30 234.66
< @F 511 8982 13.32 234.63
< @F 512 8981 13.35 234.61
< @F 513 8980 13.38 234.58
< @F 514 8979 13.40 234.55
< @F 515 8978 13.43 234.53
< @F 516 8977 13.45 234.50
< @F 517 8976 13.48 234.48
< @F 518 8975 13.51 234.45
< @F 519 8974 13.53 234.42
< @F 520 8973 13.56 234.40
< @F 521 8972 13.58 234.37
< @F 522 8971 13.61 234.34
< @F 523 8970 13.64 234.32
< @F 524 8969 13.66 234.29
< @F 525 8968 13.69 234.27
< @F 526 8967 13.72 234.24
< @F 527 8966 13.74 234.21
< @F 528 8965 13.77 234.19
< @F 529 8964 13.79 234.16
< @F 530 8963 13.82 234.14
< @F 531 8962 13.85 234.11
< @F 532 8961 13.87 234.08
< @F 533 8960 13.90 234.06
< @F 534 8959 13.92 234.03
< @F 535 8958 13.95 234.00
< @F 536 8957 13.98 233.98
< @F 537 8956 14.00 233.95
< @F 538 8955 14.03 233.93
< @F 539 8954 14.05 233.90
< @F 540 8953 14.08 233.87
< @F 541 8952 14.11 233.85
< @F 542 8951 14.13 233.82
< @F 543 8950 14.16 233.80
< @F 544 8949 14.19 233.77
< @F 545 8948 14.21 233.74
< @F 546 8947 14.24 233.72
< @F 547 8946 14.26 233.69
< @F 548 8945 14.29 233.67
< @F 549 8944 14.32 233.64
< @F 550 8943 14.34 233.61
< @F 551 8942 14.37 233.59
< @F 552 8941 14.39 233.56
< @F 553 8940 14.42 233.53
< @F 554 8939 14.45 233.51
< @F 555 8938 14.47 233.48
< @F 556 8937 14.50 233.46
< @F 557 8936 14.53 233.43
< @F 558 8935 14.55 233.40
< @F 559 8934 14.58 233.38
< @F 560 8933 14.60 233.35
< @F 561 8932 14.63 233.33
< @F 562 8931 14.66 233.30
< @F 563 8930 14.68 233.27
< @F 564 8929 14.71 233.25
< @F 565 8928 14.73 233.22
< @F 566 8927 14.76 233.20
< @F 567 8926 14.79 233.17
< @F 568 8925 14.81 233.14
< @F 569 8924 14.84 233.12
< @F 570 8923 14.86 233.09
< @F 571 8922 14.89 233.06
< @F 572 8921 14.92 233.04
< @F 573 8920 14.94 233.01
< @F 574 8919 14.97 232.99
< @F 575 8918 15.00 232.96
< @F 576 8917 15.02 232.93
< @F 577 8916 15.05 232.91
< @F 578 8915 15.07 232.88
< @F 579 8914 15.10 232.86
< @F 580 8913 15.13 232.83
< @F 581 8912 15.15 232.80
< @F 582 8911 15.18 232.78
< @F 583 8910 15.20 232.75
< @F 584 8909 15.23 232.72
< @F 585 8908 15.26 232.70
< @F 586 8907 15.28 232.67
< @F 587 8906 15.31 232.65
< @F 588 8905 15.33 232.62
< @F 589 8904 15.36 232.59
< @F 590 8903 15.39 232.57
< @F 591 8902 15.41 232.54
< @F 592 8901 15.44 232.52
< @F 593 8900 15.47 232.49
< @F 594 8899 15.49 232.46
< @F 595 8898 15.52 232.44
< @F 596 8897 15.54 232.41
< @F 597 8896 15.57 232.39
< @F 598 8895 15.60 232.36
< @F 599 8894 15.62 232.33
< @F 600 8893 15.65 232.31
< @F 601 8892 15.67 232.28
< @F 602 8891 15.70 232.25
< @F 603 8890 15.73 232.23
< @F 604 8889 15.75 232.20
< @F 605 8888 15.78 232.18
< @F 606 8887 15.81 232.15
< @F 607 8886 15.83 232.12
< @F 608 8885 15.86 232.10
< @F 609 8884 15.88 232.07
< @F 610 8883 15.91 232.05
< @F 611 8882 15.94 232.02
< @F 612 8881 15.96 231.99
< @F 613 8880 15.99 231.97
< @F 614 8879 16.01 231.94
< @F 615 8878 16.04 231.92
< @F 616 8877 16.07 231.89
< @F 617 8876 16.09 231.86
< @F 618 8875 16.12 231.84
< @F 619 8874 16.14 231.81
< @F 620 8873 16.17 231.78
< @F 621 8872 16.20 231.76
< @F 622 8871 16.22 231.73
< @F 623 8870 16.25 231.71
< @F 624 8869 16.28 231.68
< @F 625 8868 16.30 231.65
< @F 626 8867 16.33 231.63
< @F 627 8866 16.35 231.60
< @F 628 8865 16.38 231.58
< @F 629 8864 16.41 231.55
< @F 630 8863 16.43 231.52
< @F 631 8862 16.46 231.50
< @F 632 8861 16.48 231.47
< @F 633 8860 16.51 231.44
< @F 634 8859 16.54 231.42
< @F 635 8858 16.56 231.39
< @F 636 8857 16.59 231.37
< @F 637 8856 16.61 231.34
< @F 638 8855 16.64 231.31
< @F 639 8854 16.67 231.29
< @F 640 8853 16.69 231.26
< @F 641 8852 16.72 231.24
< @F 642 8851 16.75 231.21
< @F 643 8850 16.77 231.18
< @F 644 8849 16.80 231.16
< @F 645 8848 16.82 231.13
< @F 646 8847 16.85 231.11
< @F 647 8846 16.88 231.08
< @F 648 8845 16.90 231.05
< @F 649 8844 16.93 231.03
< @F 650 8843 16.95 231.00
< @F 651 8842 16.98 230.97
< @F 652 8841 17.01 230.95
< @F 653 8840 17.03 230.92
< @F 654 8839 17.06 230.90
< @F 655 8838 17.09 230.87
< @F 656 8837 17.11 230.84
< @F 657 8836 17.14 230.82
< @F 658 8835 17.16 230.79
< @F 659 8834 17.19 230.77
< @F 660 8833 17.22 230.74
< @F 661 8832 17.24 230.71
< @F 662 8831 17.27 230.69
< @F 663 8830 17.29 230.66
< @F 664 8829 17.32 230.64
< @F 665 8828 17.35 230.61
< @F 666 8827 17.37 230.58
< @F 667 8826 17.40 230.56
< @F 668 8825 17.42 230.53
< @F 669 8824 17.45 230.50
< @F 670 8823 17.48 230.48
< @F 671 8822 17.50 230.45
< @F 672 8821 17.53 230.43
< @F 673 8820 17.56 230.40
< @F 674 8819 17.58 230.37
< @F 675 8818 17.61 230.35
< @F 676 8817 17.63 230.32
< @F 677 8816 17.66 230.30
< @F 678 8815 17.69 230.27
< @F 679 8814 17.71 230.24
< @F 680 8813 17.74 230.22
< @F 681 8812 17.76 230.19
< @F 682 8811 17.79 230.16
< @F 683 8810 17.82 230.14
< @F 684 8809 17.84 230.11
< @F 685 8808 17.87 230.09
< @F 686 8807 17.89 230.06
< @F 687 8806 17.92 230.03
< @F 688 8805 17.95 230.01
< @F 689 8804 17.97 229.98
< @F 690 8803 18.00 229.96
< @F 691 8802 18.03 229.93
< @F 692 8801 18.05 229.90
< @F 693 8800 18.08 229.88
< @F 694 8799 18.10 229.85
< @F 695 8798 18.13 229.83
< @F 696 8797 18.16 229.80
< @F 697 8796 18.18 229.77
< @F 698 8795 18.21 229.75
< @F 699 8794 18.23 229.72
< @F 700 8793 18.26 229.69
< @F 701 8792 18.29 229.67
< @F 702 8791 18.31 229.64
< @F 703 8790 18.34 229.62
< @F 704 8789 18.37 229.59
< @F 705 8788 18.39 229.56
< @F 706 8787 18.42 229.54
< @F 707 8786 18.44 229.51
< @F 708 8785 18.47 229.49
< @F 709 8784 18.50 229.46
< @F 710 8783 18.52 229.43
< @F 711 8782 18.55 229.41
< @F 712 8781 18.57 229.38
< @F 713 8780 18.60 229.36
< @F 714 8779 18.63 229.33
< @F 715 8778 18.65 229.30
< @F 716 8777 18.68 229.28
< @F 717 8776 18.70 229.25
< @F 718 8775 18.73 229.22
< @F 719 8774 18.76 229.20
< @F 720 8773 18.78 229.17
< @F 721 8772 18.81 229.15
< @F 722 8771 18.84 229.12
< @F 723 8770 18.86 229.09
< @F 724 8769 18.89 229.07
< @F 725 8768 18.91 229.04
< @F 726 8767 18.94 229.02
< @F 727 8766 18.97 228.99
< @F 728 8765 18.99 228.96
< @F 729 8764 19.02 228.94
< @F 730 8763 19.04 228.91
< @F 731 8762 19.07 228.88
< @F 732 8761 19.10 228.86
< @F 733 8760 19.12 228.83
< @F 734 8759 19.15 228.81
< @F 735 8758 19.17 228.78
< @F 736 8757 19.20 228.75
< @F 737 8756 19.23 228.73
< @F 738 8755 19.25 228.70
< @F 739 8754 19.28 228.68
< @F 740 8753 19.31 228.65
< @F 741 8752 19.33 228.62
< @F 742 8751 19.36 228.60
< @F 743 8750 19.38 228.57
< @F 744 8749 19.41 228.55
< @F 745 8748 19.44 228.52
< @F 746 8747 19.46 228.49
< @F 747 8746 19.49 228.47
< @F 748 8745 19.51 228.44
< @F 749 8744 19.54 228.41
< @F 750 8743 19.57 228.39
< @F 751 8742 19.59 228.36
< @F 752 8741 19.62 228.34
< @F 753 8740 19.65 228.31
< @F 754 8739 19.67 228.28
< @F 755 8738 19.70 228.26
< @F 756 8737 19.72 228.23
< @F 757 8736 19.75 228.21
< @F 758 8735 19.78 228.18
< @F 759 8734 19.80 228.15
< @F 760 8733 19.83 228.13
< @F 761 8732 19.85 228.10
< @F 762 8731 19.88 228.08
< @F 763 8730 19.91 228.05
< @F 764 8729 19.93 228.02
< @F 765 8728 19.96 228.00
< @F 766 8727 19.98 227.97
< @F 767 8726 20.01 227.94
< @F 768 8725 20.04 227.92
< @F 769 8724 20.06 227.89
< @F 770 8723 20.09 227.87
< @F 771 8722 20.12 227.84
< @F 772 8721 20.14 227.81
< @F 773 8720 20.17 227.79
< @F 774 8719 20.19 227.76
< @F 775 8718 20.22 227.74
< @F 776 8717 20.25 227.71
< @F 777 8716 20.27 227.68
< @F 778 8715 20.30 227.66
< @F 779 8714 20.32 227.63
< @F 780 8713 20.35 227.60
< @F 781 8712 20.38 227.58
< @F 782 8711 20.40 227.55
< @F 783 8710 20.43 227.53
< @F 784 8709 20.45 227.50
< @F 785 8708 20.48 227.47
< @F 786 8707 20.51 227.45
< @F 787 8706 20.53 227.42
< @F 788 8705 20.56 227.40
< @F 789 8704 20.59 227.37
< @F 790 8703 20.61 227.34
< @F 791 8702 20.64 227.32
< @F 792 8701 20.66 227.29
< @F 793 8700 20.69 227.27
< @F 794 8699 20.72 227.24
< @F 795 8698 20.74 227.21
< @F 796 8697 20.77 227.19
< @F 797 8696 20.79 227.16
< @F 798 8695 20.82 227.13
< @F 799 8694 20.85 227.11
< @F 800 8693 20.87 227.08
< @F 801 8692 20.90 227.06
< @F 802 8691 20.93 227.03
< @F 803 8690 20.95 227.00
< @F 804 8689 20.98 226.98
< @F 805 8688 21.00 226.95
< @F 806 8687 21.03 226.93
< @F 807 8686 21.06 226.90
< @F 808 8685 21.08 226.87
< @F 809 8684 21.11 226.85
< @F 810 8683 21.13 226.82
< @F 811 8682 21.16 226.80
< @F 812 8681 21.19 226.77
< @F 813 8680 21.21 226.74
< @F 814 8679 21.24 226.72
< @F 815 8678 21.26 226.69
< @F 816 8677 21.29 226.66
< @F 817 8676 21.32 226.64
< @F 818 8675 21.34 226.61
< @F 819 8674 21.37 226.59
< @F 820 8673 21.40 226.56
< @F 821 8672 21.42 226.53
< @F 822 8671 21.45 226.51
< @F 823 8670 21.47 226.48
< @F 824 8669 21.50 226.46
< @F 825 8668 21.53 226.43
< @F 826 8667 21.55 226.40
< @F 827 8666 21.58 226.38
< @F 828 8665 21.60 226.35
< @F 829 8664 21.63 226.32
< @F 830 8663 21.66 226.30
< @F 831 8662 21.68 226.27
< @F 832 8661 21.71 226.25
< @F 833 8660 21.73 226.22
< @F 834 8659 21.76 226.19
< @F 835 8658 21.79 226.17
< @F 836 8657 21.81 226.14
< @F 837 8656 21.84 226.12
< @F 838 8655 21.87 226.09
< @F 839 8654 21.89 226.06
< @F 840 8653 21.92 226.04
< @F 841 8652 21.94 226.01
< @F 842 8651 21.97 225.99
< @F 843 8650 22.00 225.96
< @F 844 8649 22.02 225.93
< @F 845 8648 22.05 225.91
< @F 846 8647 22.07 225.88
< @F 847 8646 22.10 225.85
< @F 848 8645 22.13 225.83
< @F 849 8644 22.15 225.80
< @F 850 8643 22.18 225.78
< @F 851 8642 22.21 225.75
< @F 852 8641 22.23 225.72
< @F 853 8640 22.26 225.70
< @F 854 8639 22.28 225.67
< @F 855 8638 22.31 225.65
< @F 856 8637 22.34 225.62
< @F 857 8636 22.36 225.59
< @F 858 8635 22.39 225.57
< @F 859 8634 22.41 225.54
< @F 860 8633 22.44 225.52
< @F 861 8632 22.47 225.49
< @F 862 8631 22.49 225.46
< @F 863 8630 22.52 225.44
< @F 864 8629 22.54 225.41
< @F 865 8628 22.57 225.38
< @F 866 8627 22.60 225.36
< @F 867 8626 22.62 225.33
< @F 868 8625 22.65 225.31
< @F 869 8624 22.68 225.28
< @F 870 8623 22.70 225.25
< @F 871 8622 22.73 225.23
< @F 872 8621 22.75 225.20
< @F 873 8620 22.78 225.18
< @F 874 8619 22.81 225.15
< @F 875 8618 22.83 225.12
< @F 876 8617 22.86 225.10
< @F 877 8616 22.88 225.07
< @F 878 8615 22.91 225.04
< @F 879 8614 22.94 225.02
< @F 880 8613 22.96 224.99
< @F 881 8612 22.99 224.97
< @F 882 8611 23.01 224.94
< @F 883 8610 23.04 224.91
< @F 884 8609 23.07 224.89
< @F 885 8608 23.09 224.86
< @F 886 8607 23.12 224.84
< @F 887 8606 23.15 224.81
< @F 888 8605 23.17 224.78
< @F 889 8604 23.20 224.76
< @F 890 8603 23.22 224.73
< @F 891 8602 23.25 224.71
< @F 892 8601 23.28 224.68
< @F 893 8600 23.30 224.65
< @F 894 8599 23.33 224.63
< @F 895 8598 23.35 224.60
< @F 896 8597 23.38 224.57
< @F 897 8596 23.41 224.55
< @F 898 8595 23.43 224.52
< @F 899 8594 23.46 224.50
< @F 900 8593 23.49 224.47
< @F 901 8592 23.51 224.44
< @F 902 8591 23.54 224.42
< @F 903 8590 23.56 224.39
< @F 904 8589 23.59 224.37
< @F 905 8588 23.62 224.34
< @F 906 8587 23.64 224.31
< @F 907 8586 23.67 224.29
< @F 908 8585 23.69 224.26
< @F 909 8584 23.72 224.24
< @F 910 8583 23.75 224.21
< @F 911 8582 23.77 224.18
< @F 912 8581 23.80 224.16
< @F 913 8580 23.82 224.13
< @F 914 8579 23.85 224.10
< @F 915 8578 23.88 224.08
< @F 916 8577 23.90 224.05
< @F 917 8576 23.93 224.03
< @F 918 8575 23.96 224.00
< @F 919 8574 23.98 223.97
< @F 920 8573 24.01 223.95
< @F 921 8572 24.03 223.92
< @F 922 8571 24.06 223.90
< @F 923 8570 24.09 223.87
< @F 924 8569 24.11 223.84
< @F 925 8568 24.14 223.82
< @F 926 8567 24.16 223.79
< @F 927 8566 24.19 223.76
< @F 928 8565 24.22 223.74
< @F 929 8564 24.24 223.71
< @F 930 8563 24.27 223.69
< @F 931 8562 24.29 223.66
< @F 932 8561 24.32 223.63
< @F 933 8560 24.35 223.61
< @F 934 8559 24.37 223.58
< @F 935 8558 24.40 223.56
< @F 936 8557 24.43 223.53
< @F 937 8556 24.45 223.50
< @F 938 8555 24.48 223.48
< @F 939 8554 24.50 223.45
< @F 940 8553 24.53 223.43
< @F 941 8552 24.56 223.40
< @F 942 8551 24.58 223.37
< @F 943 8550 24.61 223.35
< @F 944 8549 24.63 223.32
< @F 945 8548 24.66 223.29
< @F 946 8547 24.69 223.27
< @F 947 8546 24.71 223.24
< @F 948 8545 24.74 223.22
< @F 949 8544 24.77 223.19
< @F 950 8543 24.79 223.16
< @F 951 8542 24.82 223.14
< @F 952 8541 24.84 223.11
< @F 953 8540 24.87 223.09
< @F 954 8539 24.90 223.06
< @F 955 8538 24.92 223.03
< @F 956 8537 24.95 223.01
< @F 957 8536 24.97 222.98
< @F 958 8535 25.00 222.96
< @F 959 8534 25.03 222.93
< @F 960 8533 25.05 222.90
< @F 961 8532 25.08 222.88
< @F 962 8531 25.10 222.85
< @F 963 8530 25.13 222.82
< @F 964 8529 25.16 222.80
< @F 965 8528 25.18 222.77
< @F 966 8527 25.21 222.75
< @F 967 8526 25.24 222.72
< @F 968 8525 25.26 222.69
< @F 969 8524 25.29 222.67
< @F 970 8523 25.31 222.64
< @F 971 8522 25.34 222.62
< @F 972 8521 25.37 222.59
< @F 973 8520 25.39 222.56
< @F 974 8519 25.42 222.54
< @F 975 8518 25.44 222.51
< @F 976 8517 25.47 222.48
< @F 977 8516 25.50 222.46
< @F 978 8515 25.52 222.43
< @F 979 8514 25.55 222.41
< @F 980 8513 25.57 222.38
< @F 981 8512 25.60 222.35
< @F 982 8511 25.63 222.33
< @F 983 8510 25.65 222.30
< @F 984 8509 25.68 222.28
< @F 985 8508 25.71 222.25
< @F 986 8507 25.73 222.22
< @F 987 8506 25.76 222.20
< @F 988 8505 25.78 222.17
< @F 989 8504 25.81 222.15
< @F 990 8503 25.84 222.12
< @F 991 8502 25.86 222.09
< @F 992 8501 25.89 222.07
< @F 993 8500 25.91 222.04
< @F 994 8499 25.94 222.01
< @F 995 8498 25.97 221.99
< @F 996 8497 25.99 221.96
< @F 997 8496 26.02 221.94
< @F 998 8495 26.05 221.91
< @F 999 8494 26.07 221.88
< @F 1000 8493 26.10 221.86
< @F 1001 8492 26.12 221.83
< @F 1002 8491 26.15 221.81
< @F 1003 8490 26.18 221.78
< @F 1004 8489 26.20 221.75
< @F 1005 8488 26.23 221.73
< @F 1006 8487 26.25 221.70
< @F 1007 8486 26.28 221.68
< @F 1008 8485 26.31 221.65
< @F 1009 8484 26.33 221.62
< @F 1010 8483 26.36 221.60
< @F 1011 8482 26.38 221.57
< @F 1012 8481 26.41 221.54
< @F 1013 8480 26.44 221.52
< @F 1014 8479 26.46 221.49
< @F 1015 8478 26.49 221.47
< @F 1016 8477 26.52 221.44
< @F 1017 8476 26.54 221.41
< @F 1018 8475 26.57 221.39
< @F 1019 8474 26.59 221.36
< @F 1020 8473 26.62 221.34
< @F 1021 8472 26.65 221.31
< @F 1022 8471 26.67 221.28
< @F 1023 8470 26.70 221.26
< @F 1024 8469 26.72 221.23
< @F 1025 8468 26.75 221.20
< @F 1026 8467 26.78 221.18
< @F 1027 8466 26.80 221.15
< @F 1028 8465 26.83 221.13
< @F 1029 8464 26.85 221.10
< @F 1030 8463 26.88 221.07
< @F 1031 8462 26.91 221.05
< @F 1032 8461 26.93 221.02
< @F 1033 8460 26.96 221.00
< @F 1034 8459 26.99 220.97
< @F 1035 8458 27.01 220.94
< @F 1036 8457 27.04 220.92
< @F 1037 8456 27.06 220.89
< @F 1038 8455 27.09 220.87
< @F 1039 8454 27.12 220.84
< @F 1040 8453 27.14 220.81
< @F 1041 8452 27.17 220.79
< @F 1042 8451 27.19 220.76
< @F 1043 8450 27.22 220.73
< @F 1044 8449 27.25 220.71
< @F 1045 8448 27.27 220.68
< @F 1046 8447 27.30 220.66
< @F 1047 8446 27.33 220.63
< @F 1048 8445 27.35 220.60
< @F 1049 8444 27.38 220.58
< @F 1050 8443 27.40 220.55
< @F 1051 8442 27.43 220.53
< @F 1052 8441 27.46 220.50
< @F 1053 8440 27.48 220.47
< @F 1054 8439 27.51 220.45
< @F 1055 8438 27.53 220.42
< @F 1056 8437 27.56 220.40
< @F 1057 8436 27.59 220.37
< @F 1058 8435 27.61 220.34
< @F 1059 8434 27.64 220.32
< @F 1060 8433 27.66 220.29
< @F 1061 8432 27.69 220.26
< @F 1062 8431 27.72 220.24
< @F 1063 8430 27.74 220.21
< @F 1064 8429 27.77 220.19
< @F 1065 8428 27.80 220.16
< @F 1066 8427 27.82 220.13
< @F 1067 8426 27.85 220.11
< @F 1068 8425 27.87 220.08
< @F 1069 8424 27.90 220.06
< @F 1070 8423 27.93 220.03
< @F 1071 8422 27.95 220.00
< @F 1072 8421 27.98 219.98
< @F 1073 8420 28.00 219.95
< @F 1074 8419 28.03 219.92
< @F 1075 8418 28.06 219.90
< @F 1076 8417 28.08 219.87
< @F 1077 8416 28.11 219.85
< @F 1078 8415 28.13 219.82
< @F 1079 8414 28.16 219.79
< @F 1080 8413 28.19 219.77
< @F 1081 8412 28.21 219.74
< @F 1082 8411 28.24 219.72
< @F 1083 8410 28.27 219.69
< @F 1084 8409 28.29 219.66
< @F 1085 8408 28.32 219.64
< @F 1086 8407 28.34 219.61
< @F 1087 8406 28.37 219.59
< @F 1088 8405 28.40 219.56
< @F 1089 8404 28.42 219.53
< @F 1090 8403 28.45 219.51
< @F 1091 8402 28.47 219.48
< @F 1092 8401 28.50 219.45
< @F 1093 8400 28.53 219.43
< @F 1094 8399 28.55 219.40
< @F 1095 8398 28.58 219.38
< @F 1096 8397 28.61 219.35
< @F 1097 8396 28.63 219.32
< @F 1098 8395 28.66 219.30
< @F 1099 8394 28.68 219.27
< @F 1100 8393 28.71 219.25
< @F 1101 8392 28.74 219.22
< @F 1102 8391 28.76 219.19
< @F 1103 8390 28.79 219.17
< @F 1104 8389 28.81 219.14
< @F 1105 8388 28.84 219.12
< @F 1106 8387 28.87 219.09
< @F 1107 8386 28.89 219.06
< @F 1108 8385 28.92 219.04
< @F 1109 8384 28.94 219.01
< @F 1110 8383 28.97 218.98
< @F 1111 8382 29.00 218.96
< @F 1112 8381 29.02 218.93
< @F 1113 8380 29.05 218.91
< @F 1114 8379 29.08 218.88
< @F 1115 8378 29.10 218.85
< @F 1116 8377 29.13 218.83
< @F 1117 8376 29.15 218.80
< @F 1118 8375 29.18 218.78
< @F 1119 8374 29.21 218.75
< @F 1120 8373 29.23 218.72
< @F 1121 8372 29.26 218.70
< @F 1122 8371 29.28 218.67
< @F 1123 8370 29.31 218.64
< @F 1124 8369 29.34 218.62
< @F 1125 8368 29.36 218.59
< @F 1126 8367 29.39 218.57
< @F 1127 8366 29.41 218.54
< @F 1128 8365 29.44 218.51
< @F 1129 8364 29.47 218.49
< @F 1130 8363 29.49 218.46
< @F 1131 8362 29.52 218.44
< @F 1132 8361 29.55 218.41
< @F 1133 8360 29.57 218.38
< @F 1134 8359 29.60 218.36
< @F 1135 8358 29.62 218.33
< @F 1136 8357 29.65 218.31
< @F 1137 8356 29.68 218.28
< @F 1138 8355 29.70 218.25
< @F 1139 8354 29.73 218.23
< @F 1140 8353 29.75 218.20
< @F 1141 8352 29.78 218.17
< @F 1142 8351 29.81 218.15
< @F 1143 8350 29.83 218.12
< @F 1144 8349 29.86 218.10
< @F 1145 8348 29.89 218.07
< @F 1146 8347 29.91 218.04
< @F 1147 8346 29.94 218.02
< @F 1148 8345 29.96 217.99
< @F 1149 8344 29.99 217.97
< @F 1150 8343 30.02 217.94
< @F 1151 8342 30.04 217.91
< @F 1152 8341 30.07 217.89
< @F 1153 8340 30.09 217.86
< @F 1154 8339 30.12 217.84
< @F 1155 8338 30.15 217.81
< @F 1156 8337 30.17 217.78
< @F 1157 8336 30.20 217.76
< @F 1158 8335 30.22 217.73
< @F 1159 8334 30.25 217.70
< @F 1160 8333 30.28 217.68
< @F 1161 8332 30.30 217.65
< @F 1162 8331 30.33 217.63
< @F 1163 8330 30.36 217.60
< @F 1164 8329 30.38 217.57
< @F 1165 8328 30.41 217.55
< @F 1166 8327 30.43 217.52
< @F 1167 8326 30.46 217.50
< @F 1168 8325 30.49 217.47
< @F 1169 8324 30.51 217.44
< @F 1170 8323 30.54 217.42
< @F 1171 8322 30.56 217.39
< @F 1172 8321 30.59 217.36
< @F 1173 8320 30.62 217.34
< @F 1174 8319 30.64 217.31
< @F 1175 8318 30.67 217.29
< @F 1176 8317 30.69 217.26
< @F 1177 8316 30.72 217.23
< @F 1178 8315 30.75 217.21
< @F 1179 8314 30.77 217.18
< @F 1180 8313 30.80 217.16
< @F 1181 8312 30.83 217.13
< @F 1182 8311 30.85 217.10
< @F 1183 8310 30.88 217.08
< @F 1184 8309 30.90 217.05
< @F 1185 8308 30.93 217.03
< @F 1186 8307 30.96 217.00
< @F 1187 8306 30.98 216.97
< @F 1188 8305 31.01 216.95
< @F 1189 8304 31.03 216.92
< @F 1190 8303 31.06 216.89
< @F 1191 8302 31.09 216.87
< @F 1192 8301 31.11 216.84
< @F 1193 8300 31.14 216.82
< @F 1194 8299 31.17 216.79
< @F 1195 8298 31.19 216.76
< @F 1196 8297 31.22 216.74
< @F 1197 8296 31.24 216.71
< @F 1198 8295 31.27 216.69
< @F 1199 8294 31.30 216.66
< @F 1200 8293 31.32 216.63
< @F 1201 8292 31.35 216.61
< @F 1202 8291 31.37 216.58
< @F 1203 8290 31.40 216.56
< @F 1204 8289 31.43 216.53
< @F 1205 8288 31.45 216.50
< @F 1206 8287 31.48 216.48
< @F 1207 8286 31.50 216.45
< @F 1208 8285 31.53 216.42
< @F 1209 8284 31.56 216.40
< @F 1210 8283 31.58 216.37
< @F 1211 8282 31.61 216.35
< @F 1212 8281 31.64 216.32
< @F 1213 8280 31.66 216.29
< @F 1214 8279 31.69 216.27
< @F 1215 8278 31.71 216.24
< @F 1216 8277 31.74 216.22
< @F 1217 8276 31.77 216.19
< @F 1218 8275 31.79 216.16
< @F 1219 8274 31.82 216.14
< @F 1220 8273 31.84 216.11
< @F 1221 8272 31.87 216.08
< @F 1222 8271 31.90 216.06
< @F 1223 8270 31.92 216.03
< @F 1224 8269 31.95 216.01
< @F 1225 8268 31.97 215.98
< @F 1226 8267 32.00 215.95
< @F 1227 8266 32.03 215.93
< @F 1228 8265 32.05 215.90
< @F 1229 8264 32.08 215.88
< @F 1230 8263 32.11 215.85
< @F 1231 8262 32.13 215.82
< @F 1232 8261 32.16 215.80
< @F 1233 8260 32.18 215.77
< @F 1234 8259 32.21 215.75
< @F 1235 8258 32.24 215.72
< @F 1236 8257 32.26 215.69
< @F 1237 8256 32.29 215.67
< @F 1238 8255 32.31 215.64
< @F 1239 8254 32.34 215.61
< @F 1240 8253 32.37 215.59
< @F 1241 8252 32.39 215.56
< @F 1242 8251 32.42 215.54
< @F 1243 8250 32.45 215.51
< @F 1244 8249 32.47 215.48
< @F 1245 8248 32.50 215.46
< @F 1246 8247 32.52 215.43
< @F 1247 8246 32.55 215.41
< @F 1248 8245 32.58 215.38
< @F 1249 8244 32.60 215.35
< @F 1250 8243 32.63 215.33
< @F 1251 8242 32.65 215.30
< @F 1252 8241 32.68 215.28
< @F 1253 8240 32.71 215.25
< @F 1254 8239 32.73 215.22
< @F 1255 8238 32.76 215.20
< @F 1256 8237 32.78 215.17
< @F 1257 8236 32.81 215.14
< @F 1258 8235 32.84 215.12
< @F 1259 8234 32.86 215.09
< @F 1260 8233 32.89 215.07
< @F 1261 8232 32.92 215.04
< @F 1262 8231 32.94 215.01
< @F 1263 8230 32.97 214.99
< @F 1264 8229 32.99 214.96
< @F 1265 8228 33.02 214.94
< @F 1266 8227 33.05 214.91
< @F 1267 8226 33.07 214.88
< @F 1268 8225 33.10 214.86
< @F 1269 8224 33.12 214.83
< @F 1270 8223 33.15 214.80
< @F 1271 8222 33.18 214.78
< @F 1272 8221 33.20 214.75
< @F 1273 8220 33.23 214.73
< @F 1274 8219 33.25 214.70
< @F 1275 8218 33.28 214.67
< @F 1276 8217 33.31 214.65
< @F 1277 8216 33.33 214.62
< @F 1278 8215 33.36 214.60
< @F 1279 8214 33.39 214.57
< @F 1280 8213 33.41 214.54
< @F 1281 8212 33.44 214.52
< @F 1282 8211 33.46 214.49
< @F 1283 8210 33.49 214.47
< @F 1284 8209 33.52 214.44
< @F 1285 8208 33.54 214.41
< @F 1286 8207 33.57 214.39
< @F 1287 8206 33.59 214.36
< @F 1288 8205 33.62 214.33
< @F 1289 8204 33.65 214.31
< @F 1290 8203 33.67 214.28
< @F 1291 8202 33.70 214.26
< @F 1292 8201 33.73 214.23
< @F 1293 8200 33.75 214.20
< @F 1294 8199 33.78 214.18
< @F 1295 8198 33.80 214.15
< @F 1296 8197 33.83 214.13
< @F 1297 8196 33.86 214.10
< @F 1298 8195 33.88 214.07
< @F 1299 8194 33.91 214.05
< @F 1300 8193 33.93 214.02
< @F 1301 8192 33.96 214.00
< @F 1302 8191 33.99 213.97
< @F 1303 8190 34.01 213.94
< @F 1304 8189 34.04 213.92
< @F 1305 8188 34.06 213.89
< @F 1306 8187 34.09 213.86
< @F 1307 8186 34.12 213.84
< @F 1308 8185 34.14 213.81
< @F 1309 8184 34.17 213.79
< @F 1310 8183 34.20 213.76
< @F 1311 8182 34.22 213.73
< @F 1312 8181 34.25 213.71
< @F 1313 8180 34.27 213.68
< @F 1314 8179 34.30 213.66
< @F 1315 8178 34.33 213.63
< @F 1316 8177 34.35 213.60
< @F 1317 8176 34.38 213.58
< @F 1318 8175 34.40 213.55
< @F 1319 8174 34.43 213.52
< @F 1320 8173 34.46 213.50
< @F 1321 8172 34.48 213.47
< @F 1322 8171 34.51 213.45
< @F 1323 8170 34.53 213.42
< @F 1324 8169 34.56 213.39
< @F 1325 8168 34.59 213.37
< @F 1326 8167 34.61 213.34
< @F 1327 8166 34.64 213.32
< @F 1328 8165 34.67 213.29
< @F 1329 8164 34.69 213.26
< @F 1330 8163 34.72 213.24
< @F 1331 8162 34.74 213.21
< @F 1332 8161 34.77 213.19
< @F 1333 8160 34.80 213.16
< @F 1334 8159 34.82 213.13
< @F 1335 8158 34.85 213.11
< @F 1336 8157 34.87 213.08
< @F 1337 8156 34.90 213.05
< @F 1338 8155 34.93 213.03
< @F 1339 8154 34.95 213.00
< @F 1340 8153 34.98 212.98
< @F 1341 8152 35.01 212.95
< @F 1342 8151 35.03 212.92
< @F 1343 8150 35.06 212.90
< @F 1344 8149 35.08 212.87
< @F 1345 8148 35.11 212.85
< @F 1346 8147 35.14 212.82
< @F 1347 8146 35.16 212.79
< @F 1348 8145 35.19 212.77
< @F 1349 8144 35.21 212.74
< @F 1350 8143 35.24 212.72
< @F 1351 8142 35.27 212.69
< @F 1352 8141 35.29 212.66
< @F 1353 8140 35.32 212.64
< @F 1354 8139 35.34 212.61
< @F 1355 8138 35.37 212.58
< @F 1356 8137 35.40 212.56
< @F 1357 8136 35.42 212.53
< @F 1358 8135 35.45 212.51
< @F 1359 8134 35.48 212.48
< @F 1360 8133 35.50 212.45
< @F 1361 8132 35.53 212.43
< @F 1362 8131 35.55 212.40
< @F 1363 8130 35.58 212.38
< @F 1364 8129 35.61 212.35
< @F 1365 8128 35.63 212.32
< @F 1366 8127 35.66 212.30
< @F 1367 8126 35.68 212.27
< @F 1368 8125 35.71 212.24
< @F 1369 8124 35.74 212.22
< @F 1370 8123 35.76 212.19
< @F 1371 8122 35.79 212.17
< @F 1372 8121 35.81 212.14
< @F 1373 8120 35.84 212.11
< @F 1374 8119 35.87 212.09
< @F 1375 8118 35.89 212.06
< @F 1376 8117 35.92 212.04
< @F 1377 8116 35.95 212.01
< @F 1378 8115 35.97 211.98
< @F 1379 8114 36.00 211.96
< @F 1380 8113 36.02 211.93
< @F 1381 8112 36.05 211.91
< @F 1382 8111 36.08 211.88
< @F 1383 8110 36.10 211.85
< @F 1384 8109 36.13 211.83
< @F 1385 8108 36.15 211.80
< @F 1386 8107 36.18 211.77
< @F 1387 8106 36.21 211.75
< @F 1388 8105 36.23 211.72
< @F 1389 8104 36.26 211.70
< @F 1390 8103 36.29 211.67
< @F 1391 8102 36.31 211.64
< @F 1392 8101 36.34 211.62
< @F 1393 8100 36.36 211.59
< @F 1394 8099 36.39 211.57
< @F 1395 8098 36.42 211.54
< @F 1396 8097 36.44 211.51
< @F 1397 8096 36.47 211.49
< @F 1398 8095 36.49 211.46
< @F 1399 8094 36.52 211.44
< @F 1400 8093 36.55 211.41
< @F 1401 8092 36.57 211.38
< @F 1402 8091 36.60 211.36
< @F 1403 8090 36.62 211.33
< @F 1404 8089 36.65 211.30
< @F 1405 8088 36.68 211.28
< @F 1406 8087 36.70 211.25
< @F 1407 8086 36.73 211.23
< @F 1408 8085 36.76 211.20
< @F 1409 8084 36.78 211.17
< @F 1410 8083 36.81 211.15
< @F 1411 8082 36.83 211.12
< @F 1412 8081 36.86 211.10
< @F 1413 8080 36.89 211.07
< @F 1414 8079 36.91 211.04
< @F 1415 8078 36.94 211.02
< @F 1416 8077 36.96 210.99
< @F 1417 8076 36.99 210.96
< @F 1418 8075 37.02 210.94
< @F 1419 8074 37.04 210.91
< @F 1420 8073 37.07 210.89
< @F 1421 8072 37.09 210.86
< @F 1422 8071 37.12 210.83
< @F 1423 8070 37.15 210.81
< @F 1424 8069 37.17 210.78
< @F 1425 8068 37.20 210.76
< @F 1426 8067 37.23 210.73
< @F 1427 8066 37.25 210.70
< @F 1428 8065 37.28 210.68
< @F 1429 8064 37.30 210.65
< @F 1430 8063 37.33 210.63
< @F 1431 8062 37.36 210.60
< @F 1432 8061 37.38 210.57
< @F 1433 8060 37.41 210.55
< @F 1434 8059 37.43 210.52
< @F 1435 8058 37.46 210.49
< @F 1436 8057 37.49 210.47
< @F 1437 8056 37.51 210.44
< @F 1438 8055 37.54 210.42
< @F 1439 8054 37.57 210.39
< @F 1440 8053 37.59 210.36
< @F 1441 8052 37.62 210.34
< @F 1442 8051 37.64 210.31
< @F 1443 8050 37.67 210.29
< @F 1444 8049 37.70 210.26
< @F 1445 8048 37.72 210.23
< @F 1446 8047 37.75 210.21
< @F 1447 8046 37.77 210.18
< @F 1448 8045 37.80 210.16
< @F 1449 8044 37.83 210.13
< @F 1450 8043 37.85 210.10
< @F 1451 8042 37.88 210.08
< @F 1452 8041 37.90 210.05
< @F 1453 8040 37.93 210.02
< @F 1454 8039 37.96 210.00
< @F 1455 8038 37.98 209.97
< @F 1456 8037 38.01 209.95
< @F 1457 8036 38.04 209.92
< @F 1458 8035 38.06 209.89
< @F 1459 8034 38.09 209.87
< @F 1460 8033 38.11 209.84
< @F 1461 8032 38.14 209.82
< @F 1462 8031 38.17 209.79
< @F 1463 8030 38.19 209.76
< @F 1464 8029 38.22 209.74
< @F 1465 8028 38.24 209.71
< @F 1466 8027 38.27 209.68
< @F 1467 8026 38.30 209.66
< @F 1468 8025 38.32 209.63
< @F 1469 8024 38.35 209.61
< @F 1470 8023 38.37 209.58
< @F 1471 8022 38.40 209.55
< @F 1472 8021 38.43 209.53
< @F 1473 8020 38.45 209.50
< @F 1474 8019 38.48 209.48
< @F 1475 8018 38.51 209.45
< @F 1476 8017 38.53 209.42
< @F 1477 8016 38.56 209.40
< @F 1478 8015 38.58 209.37
< @F 1479 8014 38.61 209.35
< @F 1480 8013 38.64 209.32
< @F 1481 8012 38.66 209.29
< @F 1482 8011 38.69 209.27
< @F 1483 8010 38.71 209.24
< @F 1484 8009 38.74 209.21
< @F 1485 8008 38.77 209.19
< @F 1486 8007 38.79 209.16
< @F 1487 8006 38.82 209.14
< @F 1488 8005 38.85 209.11
< @F 1489 8004 38.87 209.08
< @F 1490 8003 38.90 209.06
< @F 1491 8002 38.92 209.03
< @F 1492 8001 38.95 209.01
< @F 1493 8000 38.98 208.98
< @F 1494 7999 39.00 208.95
< @F 1495 7998 39.03 208.93
< @F 1496 7997 39.05 208.90
< @F 1497 7996 39.08 208.88
< @F 1498 7995 39.11 208.85
< @F 1499 7994 39.13 208.82
< @F 1500 7993 39.16 208.80
< @F 1501 7992 39.18 208.77
< @F 1502 7991 39.21 208.74
< @F 1503 7990 39.24 208.72
< @F 1504 7989 39.26 208.69
< @F 1505 7988 39.29 208.67
< @F 1506 7987 39.32 208.64
< @F 1507 7986 39.34 208.61
< @F 1508 7985 39.37 208.59
< @F 1509 7984 39.39 208.56
< @F 1510 7983 39.42 208.54
< @F 1511 7982 39.45 208.51
< @F 1512 7981 39.47 208.48
< @F 1513 7980 39.50 208.46
< @F 1514 7979 39.52 208.43
< @F 1515 7978 39.55 208.40
< @F 1516 7977 39.58 208.38
< @F 1517 7976 39.60 208.35
< @F 1518 7975 39.63 208.33
< @F 1519 7974 39.65 208.30
< @F 1520 7973 39.68 208.27
< @F 1521 7972 39.71 208.25
< @F 1522 7971 39.73 208.22
< @F 1523 7970 39.76 208.20
< @F 1524 7969 39.79 208.17
< @F 1525 7968 39.81 208.14
< @F 1526 7967 39.84 208.12
< @F 1527 7966 39.86 208.09
< @F 1528 7965 39.89 208.07
< @F 1529 7964 39.92 208.04
< @F 1530 7963 39.94 208.01
< @F 1531 7962 39.97 207.99
< @F 1532 7961 39.99 207.96
< @F 1533 7960 40.02 207.93
< @F 1534 7959 40.05 207.91
< @F 1535 7958 40.07 207.88
< @F 1536 7957 40.10 207.86
< @F 1537 7956 40.13 207.83
< @F 1538 7955 40.15 207.80
< @F 1539 7954 40.18 207.78
< @F 1540 7953 40.20 207.75
< @F 1541 7952 40.23 207.73
< @F 1542 7951 40.26 207.70
< @F 1543 7950 40.28 207.67
< @F 1544 7949 40.31 207.65
< @F 1545 7948 40.33 207.62
< @F 1546 7947 40.36 207.60
< @F 1547 7946 40.39 207.57
< @F 1548 7945 40.41 207.54
< @F 1549 7944 40.44 207.52
< @F 1550 7943 40.46 207.49
< @F 1551 7942 40.49 207.46
< @F 1552 7941 40.52 207.44
< @F 1553 7940 40.54 207.41
< @F 1554 7939 40.57 207.39
< @F 1555 7938 40.60 207.36
< @F 1556 7937 40.62 207.33
< @F 1557 7936 40.65 207.31
< @F 1558 7935 40.67 207.28
< @F 1559 7934 40.70 207.26
< @F 1560 7933 40.73 207.23
< @F 1561 7932 40.75 207.20
< @F 1562 7931 40.78 207.18
< @F 1563 7930 40.80 207.15
< @F 1564 7929 40.83 207.12
< @F 1565 7928 40.86 207.10
< @F 1566 7927 40.88 207.07
< @F 1567 7926 40.91 207.05
< @F 1568 7925 40.93 207.02
< @F 1569 7924 40.96 206.99
< @F 1570 7923 40.99 206.97
< @F 1571 7922 41.01 206.94
< @F 1572 7921 41.04 206.92
< @F 1573 7920 41.07 206.89
< @F 1574 7919 41.09 206.86
< @F 1575 7918 41.12 206.84
< @F 1576 7917 41.14 206.81
< @F 1577 7916 41.17 206.79
< @F 1578 7915 41.20 206.76
< @F 1579 7914 41.22 206.73
< @F 1580 7913 41.25 206.71
< @F 1581 7912 41.27 206.68
< @F 1582 7911 41.30 206.65
< @F 1583 7910 41.33 206.63
< @F 1584 7909 41.35 206.60
< @F 1585 7908 41.38 206.58
< @F 1586 7907 41.41 206.55
< @F 1587 7906 41.43 206.52
< @F 1588 7905 41.46 206.50
< @F 1589 7904 41.48 206.47
< @F 1590 7903 41.51 206.45
< @F 1591 7902 41.54 206.42
< @F 1592 7901 41.56 206.39
< @F 1593 7900 41.59 206.37
< @F 1594 7899 41.61 206.34
< @F 1595 7898 41.64 206.32
< @F 1596 7897 41.67 206.29
< @F 1597 7896 41.69 206.26
< @F 1598 7895 41.72 206.24
< @F 1599 7894 41.74 206.21
< @F 1600 7893 41.77 206.18
< @F 1601 7892 41.80 206.16
< @F 1602 7891 41.82 206.13
< @F 1603 7890 41.85 206.11
< @F 1604 7889 41.88 206.08
< @F 1605 7888 41.90 206.05
< @F 1606 7887 41.93 206.03
< @F 1607 7886 41.95 206.00
< @F 1608 7885 41.98 205.98
< @F 1609 7884 42.01 205.95
< @F 1610 7883 42.03 205.92
< @F 1611 7882 42.06 205.90
< @F 1612 7881 42.08 205.87
< @F 1613 7880 42.11 205.84
< @F 1614 7879 42.14 205.82
< @F 1615 7878 42.16 205.79
< @F 1616 7877 42.19 205.77
< @F 1617 7876 42.21 205.74
< @F 1618 7875 42.24 205.71
< @F 1619 7874 42.27 205.69
< @F 1620 7873 42.29 205.66
< @F 1621 7872 42.32 205.64
< @F 1622 7871 42.35 205.61
< @F 1623 7870 42.37 205.58
< @F 1624 7869 42.40 205.56
< @F 1625 7868 42.42 205.53
< @F 1626 7867 42.45 205.51
< @F 1627 7866 42.48 205.48
< @F 1628 7865 42.50 205.45
< @F 1629 7864 42.53 205.43
< @F 1630 7863 42.55 205.40
< @F 1631 7862 42.58 205.37
< @F 1632 7861 42.61 205.35
< @F 1633 7860 42.63 205.32
< @F 1634 7859 42.66 205.30
< @F 1635 7858 42.69 205.27
< @F 1636 7857 42.71 205.24
< @F 1637 7856 42.74 205.22
< @F 1638 7855 42.76 205.19
< @F 1639 7854 42.79 205.17
< @F 1640 7853 42.82 205.14
< @F 1641 7852 42.84 205.11
< @F 1642 7851 42.87 205.09
< @F 1643 7850 42.89 205.06
< @F 1644 7849 42.92 205.04
< @F 1645 7848 42.95 205.01
< @F 1646 7847 42.97 204.98
< @F 1647 7846 43.00 204.96
< @F 1648 7845 43.02 204.93
< @F 1649 7844 43.05 204.90
< @F 1650 7843 43.08 204.88
< @F 1651 7842 43.10 204.85
< @F 1652 7841 43.13 204.83
< @F 1653 7840 43.16 204.80
< @F 1654 7839 43.18 204.77
< @F 1655 7838 43.21 204.75
< @F 1656 7837 43.23 204.72
< @F 1657 7836 43.26 204.70
< @F 1658 7835 43.29 204.67
< @F 1659 7834 43.31 204.64
< @F 1660 7833 43.34 204.62
< @F 1661 7832 43.36 204.59
< @F 1662 7831 43.39 204.56
< @F 1663 7830 43.42 204.54
< @F 1664 7829 43.44 204.51
< @F 1665 7828 43.47 204.49
< @F 1666 7827 43.49 204.46
< @F 1667 7826 43.52 204.43
< @F 1668 7825 43.55 204.41
< @F 1669 7824 43.57 204.38
< @F 1670 7823 43.60 204.36
< @F 1671 7822 43.63 204.33
< @F 1672 7821 43.65 204.30
< @F 1673 7820 43.68 204.28
< @F 1674 7819 43.70 204.25
< @F 1675 7818 43.73 204.23
< @F 1676 7817 43.76 204.20
< @F 1677 7816 43.78 204.17
< @F 1678 7815 43.81 204.15
< @F 1679 7814 43.83 204.12
< @F 1680 7813 43.86 204.09
< @F 1681 7812 43.89 204.07
< @F 1682 7811 43.91 204.04
< @F 1683 7810 43.94 204.02
< @F 1684 7809 43.97 203.99
< @F 1685 7808 43.99 203.96
< @F 1686 7807 44.02 203.94
< @F 1687 7806 44.04 203.91
< @F 1688 7805 44.07 203.89
< @F 1689 7804 44.10 203.86
< @F 1690 7803 44.12 203.83
< @F 1691 7802 44.15 203.81
< @F 1692 7801 44.17 203.78
< @F 1693 7800 44.20 203.76
< @F 1694 7799 44.23 203.73
< @F 1695 7798 44.25 203.70
< @F 1696 7797 44.28 203.68
< @F 1697 7796 44.30 203.65
< @F 1698 7795 44.33 203.62
< @F 1699 7794 44.36 203.60
< @F 1700 7793 44.38 203.57
< @F 1701 7792 44.41 203.55
< @F 1702 7791 44.44 203.52
< @F 1703 7790 44.46 203.49
< @F 1704 7789 44.49 203.47
< @F 1705 7788 44.51 203.44
< @F 1706 7787 44.54 203.42
< @F 1707 7786 44.57 203.39
< @F 1708 7785 44.59 203.36
< @F 1709 7784 44.62 203.34
< @F 1710 7783 44.64 203.31
< @F 1711 7782 44.67 203.28
< @F 1712 7781 44.70 203.26
< @F 1713 7780 44.72 203.23
< @F 1714 7779 44.75 203.21
< @F 1715 7778 44.77 203.18
< @F 1716 7777 44.80 203.15
< @F 1717 7776 44.83 203.13
< @F 1718 7775 44.85 203.10
< @F 1719 7774 44.88 203.08
< @F 1720 7773 44.91 203.05
< @F 1721 7772 44.93 203.02
< @F 1722 7771 44.96 203.00
< @F 1723 7770 44.98 202.97
< @F 1724 7769 45.01 202.95
< @F 1725 7768 45.04 202.92
< @F 1726 7767 45.06 202.89
< @F 1727 7766 45.09 202.87
< @F 1728 7765 45.11 202.84
< @F 1729 7764 45.14 202.81
< @F 1730 7763 45.17 202.79
< @F 1731 7762 45.19 202.76
< @F 1732 7761 45.22 202.74
< @F 1733 7760 45.25 202.71
< @F 1734 7759 45.27 202.68
< @F 1735 7758 45.30 202.66
< @F 1736 7757 45.32 202.63
< @F 1737 7756 45.35 202.61
< @F 1738 7755 45.38 202.58
< @F 1739 7754 45.40 202.55
< @F 1740 7753 45.43 202.53
< @F 1741 7752 45.45 202.50
< @F 1742 7751 45.48 202.48
< @F 1743 7750 45.51 202.45
< @F 1744 7749 45.53 202.42
< @F 1745 7748 45.56 202.40
< @F 1746 7747 45.58 202.37
< @F 1747 7746 45.61 202.34
< @F 1748 7745 45.64 202.32
< @F 1749 7744 45.66 202.29
< @F 1750 7743 45.69 202.27
< @F 1751 7742 45.72 202.24
< @F 1752 7741 45.74 202.21
< @F 1753 7740 45.77 202.19
< @F 1754 7739 45.79 202.16
< @F 1755 7738 45.82 202.14
< @F 1756 7737 45.85 202.11
< @F 1757 7736 45.87 202.08
< @F 1758 7735 45.90 202.06
< @F 1759 7734 45.92 202.03
< @F 1760 7733 45.95 202.00
< @F 1761 7732 45.98 201.98
< @F 1762 7731 46.00 201.95
< @F 1763 7730 46.03 201.93
< @F 1764 7729 46.05 201.90
< @F 1765 7728 46.08 201.87
< @F 1766 7727 46.11 201.85
< @F 1767 7726 46.13 201.82
< @F 1768 7725 46.16 201.80
< @F 1769 7724 46.19 201.77
< @F 1770 7723 46.21 201.74
< @F 1771 7722 46.24 201.72
< @F 1772 7721 46.26 201.69
< @F 1773 7720 46.29 201.67
< @F 1774 7719 46.32 201.64
< @F 1775 7718 46.34 201.61
< @F 1776 7717 46.37 201.59
< @F 1777 7716 46.39 201.56
< @F 1778 7715 46.42 201.53
< @F 1779 7714 46.45 201.51
< @F 1780 7713 46.47 201.48
< @F 1781 7712 46.50 201.46
< @F 1782 7711 46.53 201.43
< @F 1783 7710 46.55 201.40
< @F 1784 7709 46.58 201.38
< @F 1785 7708 46.60 201.35
< @F 1786 7707 46.63 201.33
< @F 1787 7706 46.66 201.30
< @F 1788 7705 46.68 201.27
< @F 1789 7704 46.71 201.25
< @F 1790 7703 46.73 201.22
< @F 1791 7702 46.76 201.20
< @F 1792 7701 46.79 201.17
< @F 1793 7700 46.81 201.14
< @F 1794 7699 46.84 201.12
< @F 1795 7698 46.86 201.09
< @F 1796 7697 46.89 201.06
< @F 1797 7696 46.92 201.04
< @F 1798 7695 46.94 201.01
< @F 1799 7694 46.97 200.99
< @F 1800 7693 47.00 200.96
< @F 1801 7692 47.02 200.93
< @F 1802 7691 47.05 200.91
< @F 1803 7690 47.07 200.88
< @F 1804 7689 47.10 200.86
< @F 1805 7688 47.13 200.83
< @F 1806 7687 47.15 200.80
< @F 1807 7686 47.18 200.78
< @F 1808 7685 47.20 200.75
< @F 1809 7684 47.23 200.72
< @F 1810 7683 47.26 200.70
< @F 1811 7682 47.28 200.67
< @F 1812 7681 47.31 200.65
< @F 1813 7680 47.33 200.62
< @F 1814 7679 47.36 200.59
< @F 1815 7678 47.39 200.57
< @F 1816 7677 47.41 200.54
< @F 1817 7676 47.44 200.52
< @F 1818 7675 47.47 200.49
< @F 1819 7674 47.49 200.46
< @F 1820 7673 47.52 200.44
< @F 1821 7672 47.54 200.41
< @F 1822 7671 47.57 200.39
< @F 1823 7670 47.60 200.36
< @F 1824 7669 47.62 200.33
< @F 1825 7668 47.65 200.31
< @F 1826 7667 47.67 200.28
< @F 1827 7666 47.70 200.25
< @F 1828 7665 47.73 200.23
< @F 1829 7664 47.75 200.20
< @F 1830 7663 47.78 200.18
< @F 1831 7662 47.81 200.15
< @F 1832 7661 47.83 200.12
< @F 1833 7660 47.86 200.10
< @F 1834 7659 47.88 200.07
< @F 1835 7658 47.91 200.05
< @F 1836 7657 47.94 200.02
< @F 1837 7656 47.96 199.99
< @F 1838 7655 47.99 199.97
< @F 1839 7654 48.01 199.94
< @F 1840 7653 48.04 199.92
< @F 1841 7652 48.07 199.89
< @F 1842 7651 48.09 199.86
< @F 1843 7650 48.12 199.84
< @F 1844 7649 48.14 199.81
< @F 1845 7648 48.17 199.78
< @F 1846 7647 48.20 199.76
< @F 1847 7646 48.22 199.73
< @F 1848 7645 48.25 199.71
< @F 1849 7644 48.28 199.68
< @F 1850 7643 48.30 199.65
< @F 1851 7642 48.33 199.63
< @F 1852 7641 48.35 199.60
< @F 1853 7640 48.38 199.58
< @F 1854 7639 48.41 199.55
< @F 1855 7638 48.43 199.52
< @F 1856 7637 48.46 199.50
< @F 1857 7636 48.48 199.47
< @F 1858 7635 48.51 199.44
< @F 1859 7634 48.54 199.42
< @F 1860 7633 48.56 199.39
< @F 1861 7632 48.59 199.37
< @F 1862 7631 48.61 199.34
< @F 1863 7630 48.64 199.31
< @F 1864 7629 48.67 199.29
< @F 1865 7628 48.69 199.26
< @F 1866 7627 48.72 199.24
< @F 1867 7626 48.75 199.21
< @F 1868 7625 48.77 199.18
< @F 1869 7624 48.80 199.16
< @F 1870 7623 48.82 199.13
< @F 1871 7622 48.85 199.11
< @F 1872 7621 48.88 199.08
< @F 1873 7620 48.90 199.05
< @F 1874 7619 48.93 199.03
< @F 1875 7618 48.95 199.00
< @F 1876 7617 48.98 198.97
< @F 1877 7616 49.01 198.95
< @F 1878 7615 49.03 198.92
< @F 1879 7614 49.06 198.90
< @F 1880 7613 49.09 198.87
< @F 1881 7612 49.11 198.84
< @F 1882 7611 49.14 198.82
< @F 1883 7610 49.16 198.79
< @F 1884 7609 49.19 198.77
< @F 1885 7608 49.22 198.74
< @F 1886 7607 49.24 198.71
< @F 1887 7606 49.27 198.69
< @F 1888 7605 49.29 198.66
< @F 1889 7604 49.32 198.64
< @F 1890 7603 49.35 198.61
< @F 1891 7602 49.37 198.58
< @F 1892 7601 49.40 198.56
< @F 1893 7600 49.42 198.53
< @F 1894 7599 49.45 198.50
< @F 1895 7598 49.48 198.48
< @F 1896 7597 49.50 198.45
< @F 1897 7596 49.53 198.43
< @F 1898 7595 49.56 198.40
< @F 1899 7594 49.58 198.37
< @F 1900 7593 49.61 198.35
< @F 1901 7592 49.63 198.32
< @F 1902 7591 49.66 198.30
< @F 1903 7590 49.69 198.27
< @F 1904 7589 49.71 198.24
< @F 1905 7588 49.74 198.22
< @F 1906 7587 49.76 198.19
< @F 1907 7586 49.79 198.16
< @F 1908 7585 49.82 198.14
< @F 1909 7584 49.84 198.11
< @F 1910 7583 49.87 198.09
< @F 1911 7582 49.89 198.06
< @F 1912 7581 49.92 198.03
< @F 1913 7580 49.95 198.01
< @F 1914 7579 49.97 197.98
< @F 1915 7578 50.00 197.96
< @F 1916 7577 50.03 197.93
< @F 1917 7576 50.05 197.90
< @F 1918 7575 50.08 197.88
< @F 1919 7574 50.10 197.85
< @F 1920 7573 50.13 197.83
< @F 1921 7572 50.16 197.80
< @F 1922 7571 50.18 197.77
< @F 1923 7570 50.21 197.75
< @F 1924 7569 50.23 197.72
< @F 1925 7568 50.26 197.69
< @F 1926 7567 50.29 197.67
< @F 1927 7566 50.31 197.64
< @F 1928 7565 50.34 197.62
< @F 1929 7564 50.37 197.59
< @F 1930 7563 50.39 197.56
< @F 1931 7562 50.42 197.54
< @F 1932 7561 50.44 197.51
< @F 1933 7560 50.47 197.49
< @F 1934 7559 50.50 197.46
< @F 1935 7558 50.52 197.43
< @F 1936 7557 50.55 197.41
< @F 1937 7556 50.57 197.38
< @F 1938 7555 50.60 197.36
< @F 1939 7554 50.63 197.33
< @F 1940 7553 50.65 197.30
< @F 1941 7552 50.68 197.28
< @F 1942 7551 50.70 197.25
< @F 1943 7550 50.73 197.22
< @F 1944 7549 50.76 197.20
< @F 1945 7548 50.78 197.17
< @F 1946 7547 50.81 197.15
< @F 1947 7546 50.84 197.12
< @F 1948 7545 50.86 197.09
< @F 1949 7544 50.89 197.07
< @F 1950 7543 50.91 197.04
< @F 1951 7542 50.94 197.02
< @F 1952 7541 50.97 196.99
< @F 1953 7540 50.99 196.96
< @F 1954 7539 51.02 196.94
< @F 1955 7538 51.04 196.91
< @F 1956 7537 51.07 196.88
< @F 1957 7536 51.10 196.86
< @F 1958 7535 51.12 196.83
< @F 1959 7534 51.15 196.81
< @F 1960 7533 51.17 196.78
< @F 1961 7532 51.20 196.75
< @F 1962 7531 51.23 196.73
< @F 1963 7530 51.25 196.70
< @F 1964 7529 51.28 196.68
< @F 1965 7528 51.31 196.65
< @F 1966 7527 51.33 196.62
< @F 1967 7526 51.36 196.60
< @F 1968 7525 51.38 196.57
< @F 1969 7524 51.41 196.55
< @F 1970 7523 51.44 196.52
< @F 1971 7522 51.46 196.49
< @F 1972 7521 51.49 196.47
< @F 1973 7520 51.51 196.44
< @F 1974 7519 51.54 196.41
< @F 1975 7518 51.57 196.39
< @F 1976 7517 51.59 196.36
< @F 1977 7516 51.62 196.34
< @F 1978 7515 51.65 196.31
< @F 1979 7514 51.67 196.28
< @F 1980 7513 51.70 196.26
< @F 1981 7512 51.72 196.23
< @F 1982 7511 51.75 196.21
< @F 1983 7510 51.78 196.18
< @F 1984 7509 51.80 196.15
< @F 1985 7508 51.83 196.13
< @F 1986 7507 51.85 196.10
< @F 1987 7506 51.88 196.08
< @F 1988 7505 51.91 196.05
< @F 1989 7504 51.93 196.02
< @F 1990 7503 51.96 196.00
< @F 1991 7502 51.98 195.97
< @F 1992 7501 52.01 195.94
< @F 1993 7500 52.04 195.92
< @F 1994 7499 52.06 195.89
< @F 1995 7498 52.09 195.87
< @F 1996 7497 52.12 195.84
< @F 1997 7496 52.14 195.81
< @F 1998 7495 52.17 195.79
< @F 1999 7494 52.19 195.76
< @F 2000 7493 52.22 195.74
< @F 2001 7492 52.25 195.71
< @F 2002 7491 52.27 195.68
< @F 2003 7490 52.30 195.66
< @F 2004 7489 52.32 195.63
< @F 2005 7488 52.35 195.60
< @F 2006 7487 52.38 195.58
< @F 2007 7486 52.40 195.55
< @F 2008 7485 52.43 195.53
< @F 2009 7484 52.45 195.50
< @F 2010 7483 52.48 195.47
< @F 2011 7482 52.51 195.45
< @F 2012 7481 52.53 195.42
< @F 2013 7480 52.56 195.40
< @F 2014 7479 52.59 195.37
< @F 2015 7478 52.61 195.34
< @F 2016 7477 52.64 195.32
< @F 2017 7476 52.66 195.29
< @F 2018 7475 52.69 195.27
< @F 2019 7474 52.72 195.24
< @F 2020 7473 52.74 195.21
< @F 2021 7472 52.77 195.19
< @F 2022 7471 52.79 195.16
< @F 2023 7470 52.82 195.13
< @F 2024 7469 52.85 195.11
< @F 2025 7468 52.87 195.08
< @F 2026 7467 52.90 195.06
< @F 2027 7466 52.93 195.03
< @F 2028 7465 52.95 195.00
< @F 2029 7464 52.98 194.98
< @F 2030 7463 53.00 194.95
< @F 2031 7462 53.03 194.93
< @F 2032 7461 53.06 194.90
< @F 2033 7460 53.08 194.87
< @F 2034 7459 53.11 194.85
< @F 2035 7458 53.13 194.82
< @F 2036 7457 53.16 194.80
< @F 2037 7456 53.19 194.77
< @F 2038 7455 53.21 194.74
< @F 2039 7454 53.24 194.72
< @F 2040 7453 53.26 194.69
< @F 2041 7452 53.29 194.66
< @F 2042 7451 53.32 194.64
< @F 2043 7450 53.34 194.61
< @F 2044 7449 53.37 194.59
< @F 2045 7448 53.40 194.56
< @F 2046 7447 53.42 194.53
< @F 2047 7446 53.45 194.51
< @F 2048 7445 53.47 194.48
< @F 2049 7444 53.50 194.46
< @F 2050 7443 53.53 194.43
< @F 2051 7442 53.55 194.40
< @F 2052 7441 53.58 194.38
< @F 2053 7440 53.60 194.35
< @F 2054 7439 53.63 194.32
< @F 2055 7438 53.66 194.30
< @F 2056 7437 53.68 194.27
< @F 2057 7436 53.71 194.25
< @F 2058 7435 53.73 194.22
< @F 2059 7434 53.76 194.19
< @F 2060 7433 53.79 194.17
< @F 2061 7432 53.81 194.14
< @F 2062 7431 53.84 194.12
< @F 2063 7430 53.87 194.09
< @F 2064 7429 53.89 194.06
< @F 2065 7428 53.92 194.04
< @F 2066 7427 53.94 194.01
< @F 2067 7426 53.97 193.99
< @F 2068 7425 54.00 193.96
< @F 2069 7424 54.02 193.93
< @F 2070 7423 54.05 193.91
< @F 2071 7422 54.07 193.88
< @F 2072 7421 54.10 193.85
< @F 2073 7420 54.13 193.83
< @F 2074 7419 54.15 193.80
< @F 2075 7418 54.18 193.78
< @F 2076 7417 54.21 193.75
< @F 2077 7416 54.23 193.72
< @F 2078 7415 54.26 193.70
< @F 2079 7414 54.28 193.67
< @F 2080 7413 54.31 193.65
< @F 2081 7412 54.34 193.62
< @F 2082 7411 54.36 193.59
< @F 2083 7410 54.39 193.57
< @F 2084 7409 54.41 193.54
< @F 2085 7408 54.44 193.52
< @F 2086 7407 54.47 193.49
< @F 2087 7406 54.49 193.46
< @F 2088 7405 54.52 193.44
< @F 2089 7404 54.54 193.41
< @F 2090 7403 54.57 193.38
< @F 2091 7402 54.60 193.36
< @F 2092 7401 54.62 193.33
< @F 2093 7400 54.65 193.31
< @F 2094 7399 54.68 193.28
< @F 2095 7398 54.70 193.25
< @F 2096 7397 54.73 193.23
< @F 2097 7396 54.75 193.20
< @F 2098 7395 54.78 193.18
< @F 2099 7394 54.81 193.15
< @F 2100 7393 54.83 193.12
< @F 2101 7392 54.86 193.10
< @F 2102 7391 54.88 193.07
< @F 2103 7390 54.91 193.04
< @F 2104 7389 54.94 193.02
< @F 2105 7388 54.96 192.99
< @F 2106 7387 54.99 192.97
< @F 2107 7386 55.01 192.94
< @F 2108 7385 55.04 192.91
< @F 2109 7384 55.07 192.89
< @F 2110 7383 55.09 192.86
< @F 2111 7382 55.12 192.84
< @F 2112 7381 55.15 192.81
< @F 2113 7380 55.17 192.78
< @F 2114 7379 55.20 192.76
< @F 2115 7378 55.22 192.73
< @F 2116 7377 55.25 192.71
< @F 2117 7376 55.28 192.68
< @F 2118 7375 55.30 192.65
< @F 2119 7374 55.33 192.63
< @F 2120 7373 55.35 192.60
< @F 2121 7372 55.38 192.57
< @F 2122 7371 55.41 192.55
< @F 2123 7370 55.43 192.52
< @F 2124 7369 55.46 192.50
< @F 2125 7368 55.49 192.47
< @F 2126 7367 55.51 192.44
< @F 2127 7366 55.54 192.42
< @F 2128 7365 55.56 192.39
< @F 2129 7364 55.59 192.37
< @F 2130 7363 55.62 192.34
< @F 2131 7362 55.64 192.31
< @F 2132 7361 55.67 192.29
< @F 2133 7360 55.69 192.26
< @F 2134 7359 55.72 192.24
< @F 2135 7358 55.75 192.21
< @F 2136 7357 55.77 192.18
< @F 2137 7356 55.80 192.16
< @F 2138 7355 55.82 192.13
< @F 2139 7354 55.85 192.10
< @F 2140 7353 55.88 192.08
< @F 2141 7352 55.90 192.05
< @F 2142 7351 55.93 192.03
< @F 2143 7350 55.96 192.00
< @F 2144 7349 55.98 191.97
< @F 2145 7348 56.01 191.95
< @F 2146 7347 56.03 191.92
< @F 2147 7346 56.06 191.90
< @F 2148 7345 56.09 191.87
< @F 2149 7344 56.11 191.84
< @F 2150 7343 56.14 191.82
< @F 2151 7342 56.16 191.79
< @F 2152 7341 56.19 191.76
< @F 2153 7340 56.22 191.74
< @F 2154 7339 56.24 191.71
< @F 2155 7338 56.27 191.69
< @F 2156 7337 56.29 191.66
< @F 2157 7336 56.32 191.63
< @F 2158 7335 56.35 191.61
< @F 2159 7334 56.37 191.58
< @F 2160 7333 56.40 191.56
< @F 2161 7332 56.43 191.53
< @F 2162 7331 56.45 191.50
< @F 2163 7330 56.48 191.48
< @F 2164 7329 56.50 191.45
< @F 2165 7328 56.53 191.43
< @F 2166 7327 56.56 191.40
< @F 2167 7326 56.58 191.37
< @F 2168 7325 56.61 191.35
< @F 2169 7324 56.63 191.32
< @F 2170 7323 56.66 191.29
< @F 2171 7322 56.69 191.27
< @F 2172 7321 56.71 191.24
< @F 2173 7320 56.74 191.22
< @F 2174 7319 56.77 191.19
< @F 2175 7318 56.79 191.16
< @F 2176 7317 56.82 191.14
< @F 2177 7316 56.84 191.11
< @F 2178 7315 56.87 191.09
< @F 2179 7314 56.90 191.06
< @F 2180 7313 56.92 191.03
< @F 2181 7312 56.95 191.01
< @F 2182 7311 56.97 190.98
< @F 2183 7310 57.00 190.96
< @F 2184 7309 57.03 190.93
< @F 2185 7308 57.05 190.90
< @F 2186 7307 57.08 190.88
< @F 2187 7306 57.10 190.85
< @F 2188 7305 57.13 190.82
< @F 2189 7304 57.16 190.80
< @F 2190 7303 57.18 190.77
< @F 2191 7302 57.21 190.75
< @F 2192 7301 57.24 190.72
< @F 2193 7300 57.26 190.69
< @F 2194 7299 57.29 190.67
< @F 2195 7298 57.31 190.64
< @F 2196 7297 57.34 190.62
< @F 2197 7296 57.37 190.59
< @F 2198 7295 57.39 190.56
< @F 2199 7294 57.42 190.54
< @F 2200 7293 57.44 190.51
< @F 2201 7292 57.47 190.48
< @F 2202 7291 57.50 190.46
< @F 2203 7290 57.52 190.43
< @F 2204 7289 57.55 190.41
< @F 2205 7288 57.57 190.38
< @F 2206 7287 57.60 190.35
< @F 2207 7286 57.63 190.33
< @F 2208 7285 57.65 190.30
< @F 2209 7284 57.68 190.28
< @F 2210 7283 57.71 190.25
< @F 2211 7282 57.73 190.22
< @F 2212 7281 57.76 190.20
< @F 2213 7280 57.78 190.17
< @F 2214 7279 57.81 190.15
< @F 2215 7278 57.84 190.12
< @F 2216 7277 57.86 190.09
< @F 2217 7276 57.89 190.07
< @F 2218 7275 57.91 190.04
< @F 2219 7274 57.94 190.01
< @F 2220 7273 57.97 189.99
< @F 2221 7272 57.99 189.96
< @F 2222 7271 58.02 189.94
< @F 2223 7270 58.05 189.91
< @F 2224 7269 58.07 189.88
< @F 2225 7268 58.10 189.86
< @F 2226 7267 58.12 189.83
< @F 2227 7266 58.15 189.81
< @F 2228 7265 58.18 189.78
< @F 2229 7264 58.20 189.75
< @F 2230 7263 58.23 189.73
< @F 2231 7262 58.25 189.70
< @F 2232 7261 58.28 189.68
< @F 2233 7260 58.31 189.65
< @F 2234 7259 58.33 189.62
< @F 2235 7258 58.36 189.60
< @F 2236 7257 58.38 189.57
< @F 2237 7256 58.41 189.54
< @F 2238 7255 58.44 189.52
< @F 2239 7254 58.46 189.49
< @F 2240 7253 58.49 189.47
< @F 2241 7252 58.52 189.44
< @F 2242 7251 58.54 189.41
< @F 2243 7250 58.57 189.39
< @F 2244 7249 58.59 189.36
< @F 2245 7248 58.62 189.34
< @F 2246 7247 58.65 189.31
< @F 2247 7246 58.67 189.28
< @F 2248 7245 58.70 189.26
< @F 2249 7244 58.72 189.23
< @F 2250 7243 58.75 189.20
< @F 2251 7242 58.78 189.18
< @F 2252 7241 58.80 189.15
< @F 2253 7240 58.83 189.13
< @F 2254 7239 58.85 189.10
< @F 2255 7238 58.88 189.07
< @F 2256 7237 58.91 189.05
< @F 2257 7236 58.93 189.02
< @F 2258 7235 58.96 189.00
< @F 2259 7234 58.99 188.97
< @F 2260 7233 59.01 188.94
< @F 2261 7232 59.04 188.92
< @F 2262 7231 59.06 188.89
< @F 2263 7230 59.09 188.87
< @F 2264 7229 59.12 188.84
< @F 2265 7228 59.14 188.81
< @F 2266 7227 59.17 188.79
< @F 2267 7226 59.19 188.76
< @F 2268 7225 59.22 188.73
< @F 2269 7224 59.25 188.71
< @F 2270 7223 59.27 188.68
< @F 2271 7222 59.30 188.66
< @F 2272 7221 59.33 188.63
< @F 2273 7220 59.35 188.60
< @F 2274 7219 59.38 188.58
< @F 2275 7218 59.40 188.55
< @F 2276 7217 59.43 188.53
< @F 2277 7216 59.46 188.50
< @F 2278 7215 59.48 188.47
< @F 2279 7214 59.51 188.45
< @F 2280 7213 59.53 188.42
< @F 2281 7212 59.56 188.40
< @F 2282 7211 59.59 188.37
< @F 2283 7210 59.61 188.34
< @F 2284 7209 59.64 188.32
< @F 2285 7208 59.66 188.29
< @F 2286 7207 59.69 188.26
< @F 2287 7206 59.72 188.24
< @F 2288 7205 59.74 188.21
< @F 2289 7204 59.77 188.19
< @F 2290 7203 59.80 188.16
< @F 2291 7202 59.82 188.13
< @F 2292 7201 59.85 188.11
< @F 2293 7200 59.87 188.08
< @F 2294 7199 59.90 188.06
< @F 2295 7198 59.93 188.03
< @F 2296 7197 59.95 188.00
< @F 2297 7196 59.98 187.98
< @F 2298 7195 60.00 187.95
< @F 2299 7194 60.03 187.92
< @F 2300 7193 60.06 187.90
< @F 2301 7192 60.08 187.87
< @F 2302 7191 60.11 187.85
< @F 2303 7190 60.13 187.82
< @F 2304 7189 60.16 187.79
< @F 2305 7188 60.19 187.77
< @F 2306 7187 60.21 187.74
< @F 2307 7186 60.24 187.72
< @F 2308 7185 60.27 187.69
< @F 2309 7184 60.29 187.66
< @F 2310 7183 60.32 187.64
< @F 2311 7182 60.34 187.61
< @F 2312 7181 60.37 187.59
< @F 2313 7180 60.40 187.56
< @F 2314 7179 60.42 187.53
< @F 2315 7178 60.45 187.51
< @F 2316 7177 60.47 187.48
< @F 2317 7176 60.50 187.45
< @F 2318 7175 60.53 187.43
< @F 2319 7174 60.55 187.40
< @F 2320 7173 60.58 187.38
< @F 2321 7172 60.61 187.35
< @F 2322 7171 60.63 187.32
< @F 2323 7170 60.66 187.30
< @F 2324 7169 60.68 187.27
< @F 2325 7168 60.71 187.25
< @F 2326 7167 60.74 187.22
< @F 2327 7166 60.76 187.19
< @F 2328 7165 60.79 187.17
< @F 2329 7164 60.81 187.14
< @F 2330 7163 60.84 187.12
< @F 2331 7162 60.87 187.09
< @F 2332 7161 60.89 187.06
< @F 2333 7160 60.92 187.04
< @F 2334 7159 60.94 187.01
< @F 2335 7158 60.97 186.98
< @F 2336 7157 61.00 186.96
< @F 2337 7156 61.02 186.93
< @F 2338 7155 61.05 186.91
< @F 2339 7154 61.08 186.88
< @F 2340 7153 61.10 186.85
< @F 2341 7152 61.13 186.83
< @F 2342 7151 61.15 186.80
< @F 2343 7150 61.18 186.78
< @F 2344 7149 61.21 186.75
< @F 2345 7148 61.23 186.72
< @F 2346 7147 61.26 186.70
< @F 2347 7146 61.28 186.67
< @F 2348 7145 61.31 186.64
< @F 2349 7144 61.34 186.62
< @F 2350 7143 61.36 186.59
< @F 2351 7142 61.39 186.57
< @F 2352 7141 61.41 186.54
< @F 2353 7140 61.44 186.51
< @F 2354 7139 61.47 186.49
< @F 2355 7138 61.49 186.46
< @F 2356 7137 61.52 186.44
< @F 2357 7136 61.55 186.41
< @F 2358 7135 61.57 186.38
< @F 2359 7134 61.60 186.36
< @F 2360 7133 61.62 186.33
< @F 2361 7132 61.65 186.31
< @F 2362 7131 61.68 186.28
< @F 2363 7130 61.70 186.25
< @F 2364 7129 61.73 186.23
< @F 2365 7128 61.75 186.20
< @F 2366 7127 61.78 186.17
< @F 2367 7126 61.81 186.15
< @F 2368 7125 61.83 186.12
< @F 2369 7124 61.86 186.10
< @F 2370 7123 61.89 186.07
< @F 2371 7122 61.91 186.04
< @F 2372 7121 61.94 186.02
< @F 2373 7120 61.96 185.99
< @F 2374 7119 61.99 185.97
< @F 2375 7118 62.02 185.94
< @F 2376 7117 62.04 185.91
< @F 2377 7116 62.07 185.89
< @F 2378 7115 62.09 185.86
< @F 2379 7114 62.12 185.84
< @F 2380 7113 62.15 185.81
< @F 2381 7112 62.17 185.78
< @F 2382 7111 62.20 185.76
< @F 2383 7110 62.22 185.73
< @F 2384 7109 62.25 185.70
< @F 2385 7108 62.28 185.68
< @F 2386 7107 62.30 185.65
< @F 2387 7106 62.33 185.63
< @F 2388 7105 62.36 185.60
< @F 2389 7104 62.38 185.57
< @F 2390 7103 62.41 185.55
< @F 2391 7102 62.43 185.52
< @F 2392 7101 62.46 185.50
< @F 2393 7100 62.49 185.47
< @F 2394 7099 62.51 185.44
< @F 2395 7098 62.54 185.42
< @F 2396 7097 62.56 185.39
< @F 2397 7096 62.59 185.36
< @F 2398 7095 62.62 185.34
< @F 2399 7094 62.64 185.31
< @F 2400 7093 62.67 185.29
< @F 2401 7092 62.69 185.26
< @F 2402 7091 62.72 185.23
< @F 2403 7090 62.75 185.21
< @F 2404 7089 62.77 185.18
< @F 2405 7088 62.80 185.16
< @F 2406 7087 62.83 185.13
< @F 2407 7086 62.85 185.10
< @F 2408 7085 62.88 185.08
< @F 2409 7084 62.90 185.05
< @F 2410 7083 62.93 185.03
< @F 2411 7082 62.96 185.00
< @F 2412 7081 62.98 184.97
< @F 2413 7080 63.01 184.95
< @F 2414 7079 63.03 184.92
< @F 2415 7078 63.06 184.89
< @F 2416 7077 63.09 184.87
< @F 2417 7076 63.11 184.84
< @F 2418 7075 63.14 184.82
< @F 2419 7074 63.17 184.79
< @F 2420 7073 63.19 184.76
< @F 2421 7072 63.22 184.74
< @F 2422 7071 63.24 184.71
< @F 2423 7070 63.27 184.69
< @F 2424 7069 63.30 184.66
< @F 2425 7068 63.32 184.63
< @F 2426 7067 63.35 184.61
< @F 2427 7066 63.37 184.58
< @F 2428 7065 63.40 184.56
< @F 2429 7064 63.43 184.53
< @F 2430 7063 63.45 184.50
< @F 2431 7062 63.48 184.48
< @F 2432 7061 63.50 184.45
< @F 2433 7060 63.53 184.42
< @F 2434 7059 63.56 184.40
< @F 2435 7058 63.58 184.37
< @F 2436 7057 63.61 184.35
< @F 2437 7056 63.64 184.32
< @F 2438 7055 63.66 184.29
< @F 2439 7054 63.69 184.27
< @F 2440 7053 63.71 184.24
< @F 2441 7052 63.74 184.22
< @F 2442 7051 63.77 184.19
< @F 2443 7050 63.79 184.16
< @F 2444 7049 63.82 184.14
< @F 2445 7048 63.84 184.11
< @F 2446 7047 63.87 184.08
< @F 2447 7046 63.90 184.06
< @F 2448 7045 63.92 184.03
< @F 2449 7044 63.95 184.01
< @F 2450 7043 63.97 183.98
< @F 2451 7042 64.00 183.95
< @F 2452 7041 64.03 183.93
< @F 2453 7040 64.05 183.90
< @F 2454 7039 64.08 183.88
< @F 2455 7038 64.11 183.85
< @F 2456 7037 64.13 183.82
< @F 2457 7036 64.16 183.80
< @F 2458 7035 64.18 183.77
< @F 2459 7034 64.21 183.75
< @F 2460 7033 64.24 183.72
< @F 2461 7032 64.26 183.69
< @F 2462 7031 64.29 183.67
< @F 2463 7030 64.31 183.64
< @F 2464 7029 64.34 183.61
< @F 2465 7028 64.37 183.59
< @F 2466 7027 64.39 183.56
< @F 2467 7026 64.42 183.54
< @F 2468 7025 64.45 183.51
< @F 2469 7024 64.47 183.48
< @F 2470 7023 64.50 183.46
< @F 2471 7022 64.52 183.43
< @F 2472 7021 64.55 183.41
< @F 2473 7020 64.58 183.38
< @F 2474 7019 64.60 183.35
< @F 2475 7018 64.63 183.33
< @F 2476 7017 64.65 183.30
< @F 2477 7016 64.68 183.28
< @F 2478 7015 64.71 183.25
< @F 2479 7014 64.73 183.22
< @F 2480 7013 64.76 183.20
< @F 2481 7012 64.78 183.17
< @F 2482 7011 64.81 183.14
< @F 2483 7010 64.84 183.12
< @F 2484 7009 64.86 183.09
< @F 2485 7008 64.89 183.07
< @F 2486 7007 64.92 183.04
< @F 2487 7006 64.94 183.01
< @F 2488 7005 64.97 182.99
< @F 2489 7004 64.99 182.96
< @F 2490 7003 65.02 182.94
< @F 2491 7002 65.05 182.91
< @F 2492 7001 65.07 182.88
< @F 2493 7000 65.10 182.86
< @F 2494 6999 65.12 182.83
< @F 2495 6998 65.15 182.80
< @F 2496 6997 65.18 182.78
< @F 2497 6996 65.20 182.75
< @F 2498 6995 65.23 182.73
< @F 2499 6994 65.25 182.70
< @F 2500 6993 65.28 182.67
< @F 2501 6992 65.31 182.65
< @F 2502 6991 65.33 182.62
< @F 2503 6990 65.36 182.60
< @F 2504 6989 65.39 182.57
< @F 2505 6988 65.41 182.54
< @F 2506 6987 65.44 182.52
< @F 2507 6986 65.46 182.49
< @F 2508 6985 65.49 182.47
< @F 2509 6984 65.52 182.44
< @F 2510 6983 65.54 182.41
< @F 2511 6982 65.57 182.39
< @F 2512 6981 65.59 182.36
< @F 2513 6980 65.62 182.33
< @F 2514 6979 65.65 182.31
< @F 2515 6978 65.67 182.28
< @F 2516 6977 65.70 182.26
< @F 2517 6976 65.73 182.23
< @F 2518 6975 65.75 182.20
< @F 2519 6974 65.78 182.18
< @F 2520 6973 65.80 182.15
< @F 2521 6972 65.83 182.13
< @F 2522 6971 65.86 182.10
< @F 2523 6970 65.88 182.07
< @F 2524 6969 65.91 182.05
< @F 2525 6968 65.93 182.02
< @F 2526 6967 65.96 182.00
< @F 2527 6966 65.99 181.97
< @F 2528 6965 66.01 181.94
< @F 2529 6964 66.04 181.92
< @F 2530 6963 66.06 181.89
< @F 2531 6962 66.09 181.86
< @F 2532 6961 66.12 181.84
< @F 2533 6960 66.14 181.81
< @F 2534 6959 66.17 181.79
< @F 2535 6958 66.20 181.76
< @F 2536 6957 66.22 181.73
< @F 2537 6956 66.25 181.71
< @F 2538 6955 66.27 181.68
< @F 2539 6954 66.30 181.66
< @F 2540 6953 66.33 181.63
< @F 2541 6952 66.35 181.60
< @F 2542 6951 66.38 181.58
< @F 2543 6950 66.40 181.55
< @F 2544 6949 66.43 181.52
< @F 2545 6948 66.46 181.50
< @F 2546 6947 66.48 181.47
< @F 2547 6946 66.51 181.45
< @F 2548 6945 66.53 181.42
< @F 2549 6944 66.56 181.39
< @F 2550 6943 66.59 181.37
< @F 2551 6942 66.61 181.34
< @F 2552 6941 66.64 181.32
< @F 2553 6940 66.67 181.29
< @F 2554 6939 66.69 181.26
< @F 2555 6938 66.72 181.24
< @F 2556 6937 66.74 181.21
< @F 2557 6936 66.77 181.19
< @F 2558 6935 66.80 181.16
< @F 2559 6934 66.82 181.13
< @F 2560 6933 66.85 181.11
< @F 2561 6932 66.87 181.08
< @F 2562 6931 66.90 181.05
< @F 2563 6930 66.93 181.03
< @F 2564 6929 66.95 181.00
< @F 2565 6928 66.98 180.98
< @F 2566 6927 67.01 180.95
< @F 2567 6926 67.03 180.92
< @F 2568 6925 67.06 180.90
< @F 2569 6924 67.08 180.87
< @F 2570 6923 67.11 180.85
< @F 2571 6922 67.14 180.82
< @F 2572 6921 67.16 180.79
< @F 2573 6920 67.19 180.77
< @F 2574 6919 67.21 180.74
< @F 2575 6918 67.24 180.72
< @F 2576 6917 67.27 180.69
< @F 2577 6916 67.29 180.66
< @F 2578 6915 67.32 180.64
< @F 2579 6914 67.34 180.61
< @F 2580 6913 67.37 180.58
< @F 2581 6912 67.40 180.56
< @F 2582 6911 67.42 180.53
< @F 2583 6910 67.45 180.51
< @F 2584 6909 67.48 180.48
< @F 2585 6908 67.50 180.45
< @F 2586 6907 67.53 180.43
< @F 2587 6906 67.55 180.40
< @F 2588 6905 67.58 180.38
< @F 2589 6904 67.61 180.35
< @F 2590 6903 67.63 180.32
< @F 2591 6902 67.66 180.30
< @F 2592 6901 67.68 180.27
< @F 2593 6900 67.71 180.24
< @F 2594 6899 67.74 180.22
< @F 2595 6898 67.76 180.19
< @F 2596 6897 67.79 180.17
< @F 2597 6896 67.81 180.14
< @F 2598 6895 67.84 180.11
< @F 2599 6894 67.87 180.09
< @F 2600 6893 67.89 180.06
< @F 2601 6892 67.92 180.04
< @F 2602 6891 67.95 180.01
< @F 2603 6890 67.97 179.98
< @F 2604 6889 68.00 179.96
< @F 2605 6888 68.02 179.93
< @F 2606 6887 68.05 179.91
< @F 2607 6886 68.08 179.88
< @F 2608 6885 68.10 179.85
< @F 2609 6884 68.13 179.83
< @F 2610 6883 68.15 179.80
< @F 2611 6882 68.18 179.77
< @F 2612 6881 68.21 179.75
< @F 2613 6880 68.23 179.72
< @F 2614 6879 68.26 179.70
< @F 2615 6878 68.29 179.67
< @F 2616 6877 68.31 179.64
< @F 2617 6876 68.34 179.62
< @F 2618 6875 68.36 179.59
< @F 2619 6874 68.39 179.57
< @F 2620 6873 68.42 179.54
< @F 2621 6872 68.44 179.51
< @F 2622 6871 68.47 179.49
< @F 2623 6870 68.49 179.46
< @F 2624 6869 68.52 179.44
< @F 2625 6868 68.55 179.41
< @F 2626 6867 68.57 179.38
< @F 2627 6866 68.60 179.36
< @F 2628 6865 68.62 179.33
< @F 2629 6864 68.65 179.30
< @F 2630 6863 68.68 179.28
< @F 2631 6862 68.70 179.25
< @F 2632 6861 68.73 179.23
< @F 2633 6860 68.76 179.20
< @F 2634 6859 68.78 179.17
< @F 2635 6858 68.81 179.15
< @F 2636 6857 68.83 179.12
< @F 2637 6856 68.86 179.10
< @F 2638 6855 68.89 179.07
< @F 2639 6854 68.91 179.04
< @F 2640 6853 68.94 179.02
< @F 2641 6852 68.96 178.99
< @F 2642 6851 68.99 178.96
< @F 2643 6850 69.02 178.94
< @F 2644 6849 69.04 178.91
< @F 2645 6848 69.07 178.89
< @F 2646 6847 69.09 178.86
< @F 2647 6846 69.12 178.83
< @F 2648 6845 69.15 178.81
< @F 2649 6844 69.17 178.78
< @F 2650 6843 69.20 178.76
< @F 2651 6842 69.23 178.73
< @F 2652 6841 69.25 178.70
< @F 2653 6840 69.28 178.68
< @F 2654 6839 69.30 178.65
< @F 2655 6838 69.33 178.63
< @F 2656 6837 69.36 178.60
< @F 2657 6836 69.38 178.57
< @F 2658 6835 69.41 178.55
< @F 2659 6834 69.43 178.52
< @F 2660 6833 69.46 178.49
< @F 2661 6832 69.49 178.47
< @F 2662 6831 69.51 178.44
< @F 2663 6830 69.54 178.42
< @F 2664 6829 69.57 178.39
< @F 2665 6828 69.59 178.36
< @F 2666 6827 69.62 178.34
< @F 2667 6826 69.64 178.31
< @F 2668 6825 69.67 178.29
< @F 2669 6824 69.70 178.26
< @F 2670 6823 69.72 178.23
< @F 2671 6822 69.75 178.21
< @F 2672 6821 69.77 178.18
< @F 2673 6820 69.80 178.16
< @F 2674 6819 69.83 178.13
< @F 2675 6818 69.85 178.10
< @F 2676 6817 69.88 178.08
< @F 2677 6816 69.90 178.05
< @F 2678 6815 69.93 178.02
< @F 2679 6814 69.96 178.00
< @F 2680 6813 69.98 177.97
< @F 2681 6812 70.01 177.95
< @F 2682 6811 70.04 177.92
< @F 2683 6810 70.06 177.89
< @F 2684 6809 70.09 177.87
< @F 2685 6808 70.11 177.84
< @F 2686 6807 70.14 177.82
< @F 2687 6806 70.17 177.79
< @F 2688 6805 70.19 177.76
< @F 2689 6804 70.22 177.74
< @F 2690 6803 70.24 177.71
< @F 2691 6802 70.27 177.68
< @F 2692 6801 70.30 177.66
< @F 2693 6800 70.32 177.63
< @F 2694 6799 70.35 177.61
< @F 2695 6798 70.37 177.58
< @F 2696 6797 70.40 177.55
< @F 2697 6796 70.43 177.53
< @F 2698 6795 70.45 177.50
< @F 2699 6794 70.48 177.48
< @F 2700 6793 70.51 177.45
< @F 2701 6792 70.53 177.42
< @F 2702 6791 70.56 177.40
< @F 2703 6790 70.58 177.37
< @F 2704 6789 70.61 177.35
< @F 2705 6788 70.64 177.32
< @F 2706 6787 70.66 177.29
< @F 2707 6786 70.69 177.27
< @F 2708 6785 70.71 177.24
< @F 2709 6784 70.74 177.21
< @F 2710 6783 70.77 177.19
< @F 2711 6782 70.79 177.16
< @F 2712 6781 70.82 177.14
< @F 2713 6780 70.85 177.11
< @F 2714 6779 70.87 177.08
< @F 2715 6778 70.90 177.06
< @F 2716 6777 70.92 177.03
< @F 2717 6776 70.95 177.01
< @F 2718 6775 70.98 176.98
< @F 2719 6774 71.00 176.95
< @F 2720 6773 71.03 176.93
< @F 2721 6772 71.05 176.90
< @F 2722 6771 71.08 176.88
< @F 2723 6770 71.11 176.85
< @F 2724 6769 71.13 176.82
< @F 2725 6768 71.16 176.80
< @F 2726 6767 71.18 176.77
< @F 2727 6766 71.21 176.74
< @F 2728 6765 71.24 176.72
< @F 2729 6764 71.26 176.69
< @F 2730 6763 71.29 176.67
< @F 2731 6762 71.32 176.64
< @F 2732 6761 71.34 176.61
< @F 2733 6760 71.37 176.59
< @F 2734 6759 71.39 176.56
< @F 2735 6758 71.42 176.54
< @F 2736 6757 71.45 176.51
< @F 2737 6756 71.47 176.48
< @F 2738 6755 71.50 176.46
< @F 2739 6754 71.52 176.43
< @F 2740 6753 71.55 176.40
< @F 2741 6752 71.58 176.38
< @F 2742 6751 71.60 176.35
< @F 2743 6750 71.63 176.33
< @F 2744 6749 71.65 176.30
< @F 2745 6748 71.68 176.27
< @F 2746 6747 71.71 176.25
< @F 2747 6746 71.73 176.22
< @F 2748 6745 71.76 176.20
< @F 2749 6744 71.79 176.17
< @F 2750 6743 71.81 176.14
< @F 2751 6742 71.84 176.12
< @F 2752 6741 71.86 176.09
< @F 2753 6740 71.89 176.07
< @F 2754 6739 71.92 176.04
< @F 2755 6738 71.94 176.01
< @F 2756 6737 71.97 175.99
< @F 2757 6736 71.99 175.96
< @F 2758 6735 72.02 175.93
< @F 2759 6734 72.05 175.91
< @F 2760 6733 72.07 175.88
< @F 2761 6732 72.10 175.86
< @F 2762 6731 72.13 175.83
< @F 2763 6730 72.15 175.80
< @F 2764 6729 72.18 175.78
< @F 2765 6728 72.20 175.75
< @F 2766 6727 72.23 175.73
< @F 2767 6726 72.26 175.70
< @F 2768 6725 72.28 175.67
< @F 2769 6724 72.31 175.65
< @F 2770 6723 72.33 175.62
< @F 2771 6722 72.36 175.60
< @F 2772 6721 72.39 175.57
< @F 2773 6720 72.41 175.54
< @F 2774 6719 72.44 175.52
< @F 2775 6718 72.46 175.49
< @F 2776 6717 72.49 175.46
< @F 2777 6716 72.52 175.44
< @F 2778 6715 72.54 175.41
< @F 2779 6714 72.57 175.39
< @F 2780 6713 72.60 175.36
< @F 2781 6712 72.62 175.33
< @F 2782 6711 72.65 175.31
< @F 2783 6710 72.67 175.28
< @F 2784 6709 72.70 175.26
< @F 2785 6708 72.73 175.23
< @F 2786 6707 72.75 175.20
< @F 2787 6706 72.78 175.18
< @F 2788 6705 72.80 175.15
< @F 2789 6704 72.83 175.12
< @F 2790 6703 72.86 175.10
< @F 2791 6702 72.88 175.07
< @F 2792 6701 72.91 175.05
< @F 2793 6700 72.93 175.02
< @F 2794 6699 72.96 174.99
< @F 2795 6698 72.99 174.97
< @F 2796 6697 73.01 174.94
< @F 2797 6696 73.04 174.92
< @F 2798 6695 73.07 174.89
< @F 2799 6694 73.09 174.86
< @F 2800 6693 73.12 174.84
< @F 2801 6692 73.14 174.81
< @F 2802 6691 73.17 174.79
< @F 2803 6690 73.20 174.76
< @F 2804 6689 73.22 174.73
< @F 2805 6688 73.25 174.71
< @F 2806 6687 73.27 174.68
< @F 2807 6686 73.30 174.65
< @F 2808 6685 73.33 174.63
< @F 2809 6684 73.35 174.60
< @F 2810 6683 73.38 174.58
< @F 2811 6682 73.41 174.55
< @F 2812 6681 73.43 174.52
< @F 2813 6680 73.46 174.50
< @F 2814 6679 73.48 174.47
< @F 2815 6678 73.51 174.45
< @F 2816 6677 73.54 174.42
< @F 2817 6676 73.56 174.39
< @F 2818 6675 73.59 174.37
< @F 2819 6674 73.61 174.34
< @F 2820 6673 73.64 174.32
< @F 2821 6672 73.67 174.29
< @F 2822 6671 73.69 174.26
< @F 2823 6670 73.72 174.24
< @F 2824 6669 73.74 174.21
< @F 2825 6668 73.77 174.18
< @F 2826 6667 73.80 174.16
< @F 2827 6666 73.82 174.13
< @F 2828 6665 73.85 174.11
< @F 2829 6664 73.88 174.08
< @F 2830 6663 73.90 174.05
< @F 2831 6662 73.93 174.03
< @F 2832 6661 73.95 174.00
< @F 2833 6660 73.98 173.98
< @F 2834 6659 74.01 173.95
< @F 2835 6658 74.03 173.92
< @F 2836 6657 74.06 173.90
< @F 2837 6656 74.08 173.87
< @F 2838 6655 74.11 173.84
< @F 2839 6654 74.14 173.82
< @F 2840 6653 74.16 173.79
< @F 2841 6652 74.19 173.77
< @F 2842 6651 74.21 173.74
< @F 2843 6650 74.24 173.71
< @F 2844 6649 74.27 173.69
< @F 2845 6648 74.29 173.66
< @F 2846 6647 74.32 173.64
< @F 2847 6646 74.35 173.61
< @F 2848 6645 74.37 173.58
< @F 2849 6644 74.40 173.56
< @F 2850 6643 74.42 173.53
< @F 2851 6642 74.45 173.51
< @F 2852 6641 74.48 173.48
< @F 2853 6640 74.50 173.45
< @F 2854 6639 74.53 173.43
< @F 2855 6638 74.55 173.40
< @F 2856 6637 74.58 173.37
< @F 2857 6636 74.61 173.35
< @F 2858 6635 74.63 173.32
< @F 2859 6634 74.66 173.30
< @F 2860 6633 74.69 173.27
< @F 2861 6632 74.71 173.24
< @F 2862 6631 74.74 173.22
< @F 2863 6630 74.76 173.19
< @F 2864 6629 74.79 173.17
< @F 2865 6628 74.82 173.14
< @F 2866 6627 74.84 173.11
< @F 2867 6626 74.87 173.09
< @F 2868 6625 74.89 173.06
< @F 2869 6624 74.92 173.04
< @F 2870 6623 74.95 173.01
< @F 2871 6622 74.97 172.98
< @F 2872 6621 75.00 172.96
< @F 2873 6620 75.02 172.93
< @F 2874 6619 75.05 172.90
< @F 2875 6618 75.08 172.88
< @F 2876 6617 75.10 172.85
< @F 2877 6616 75.13 172.83
< @F 2878 6615 75.16 172.80
< @F 2879 6614 75.18 172.77
< @F 2880 6613 75.21 172.75
< @F 2881 6612 75.23 172.72
< @F 2882 6611 75.26 172.70
< @F 2883 6610 75.29 172.67
< @F 2884 6609 75.31 172.64
< @F 2885 6608 75.34 172.62
< @F 2886 6607 75.36 172.59
< @F 2887 6606 75.39 172.56
< @F 2888 6605 75.42 172.54
< @F 2889 6604 75.44 172.51
< @F 2890 6603 75.47 172.49
< @F 2891 6602 75.49 172.46
< @F 2892 6601 75.52 172.43
< @F 2893 6600 75.55 172.41
< @F 2894 6599 75.57 172.38
< @F 2895 6598 75.60 172.36
< @F 2896 6597 75.63 172.33
< @F 2897 6596 75.65 172.30
< @F 2898 6595 75.68 172.28
< @F 2899 6594 75.70 172.25
< @F 2900 6593 75.73 172.23
< @F 2901 6592 75.76 172.20
< @F 2902 6591 75.78 172.17
< @F 2903 6590 75.81 172.15
< @F 2904 6589 75.83 172.12
< @F 2905 6588 75.86 172.09
< @F 2906 6587 75.89 172.07
< @F 2907 6586 75.91 172.04
< @F 2908 6585 75.94 172.02
< @F 2909 6584 75.97 171.99
< @F 2910 6583 75.99 171.96
< @F 2911 6582 76.02 171.94
< @F 2912 6581 76.04 171.91
< @F 2913 6580 76.07 171.89
< @F 2914 6579 76.10 171.86
< @F 2915 6578 76.12 171.83
< @F 2916 6577 76.15 171.81
< @F 2917 6576 76.17 171.78
< @F 2918 6575 76.20 171.76
< @F 2919 6574 76.23 171.73
< @F 2920 6573 76.25 171.70
< @F 2921 6572 76.28 171.68
< @F 2922 6571 76.30 171.65
< @F 2923 6570 76.33 171.62
< @F 2924 6569 76.36 171.60
< @F 2925 6568 76.38 171.57
< @F 2926 6567 76.41 171.55
< @F 2927 6566 76.44 171.52
< @F 2928 6565 76.46 171.49
< @F 2929 6564 76.49 171.47
< @F 2930 6563 76.51 171.44
< @F 2931 6562 76.54 171.42
< @F 2932 6561 76.57 171.39
< @F 2933 6560 76.59 171.36
< @F 2934 6559 76.62 171.34
< @F 2935 6558 76.64 171.31
< @F 2936 6557 76.67 171.28
< @F 2937 6556 76.70 171.26
< @F 2938 6555 76.72 171.23
< @F 2939 6554 76.75 171.21
< @F 2940 6553 76.77 171.18
< @F 2941 6552 76.80 171.15
< @F 2942 6551 76.83 171.13
< @F 2943 6550 76.85 171.10
< @F 2944 6549 76.88 171.08
< @F 2945 6548 76.91 171.05
< @F 2946 6547 76.93 171.02
< @F 2947 6546 76.96 171.00
< @F 2948 6545 76.98 170.97
< @F 2949 6544 77.01 170.95
< @F 2950 6543 77.04 170.92
< @F 2951 6542 77.06 170.89
< @F 2952 6541 77.09 170.87
< @F 2953 6540 77.11 170.84
< @F 2954 6539 77.14 170.81
< @F 2955 6538 77.17 170.79
< @F 2956 6537 77.19 170.76
< @F 2957 6536 77.22 170.74
< @F 2958 6535 77.25 170.71
< @F 2959 6534 77.27 170.68
< @F 2960 6533 77.30 170.66
< @F 2961 6532 77.32 170.63
< @F 2962 6531 77.35 170.61
< @F 2963 6530 77.38 170.58
< @F 2964 6529 77.40 170.55
< @F 2965 6528 77.43 170.53
< @F 2966 6527 77.45 170.50
< @F 2967 6526 77.48 170.48
< @F 2968 6525 77.51 170.45
< @F 2969 6524 77.53 170.42
< @F 2970 6523 77.56 170.40
< @F 2971 6522 77.58 170.37
< @F 2972 6521 77.61 170.34
< @F 2973 6520 77.64 170.32
< @F 2974 6519 77.66 170.29
< @F 2975 6518 77.69 170.27
< @F 2976 6517 77.72 170.24
< @F 2977 6516 77.74 170.21
< @F 2978 6515 77.77 170.19
< @F 2979 6514 77.79 170.16
< @F 2980 6513 77.82 170.14
< @F 2981 6512 77.85 170.11
< @F 2982 6511 77.87 170.08
< @F 2983 6510 77.90 170.06
< @F 2984 6509 77.92 170.03
< @F 2985 6508 77.95 170.00
< @F 2986 6507 77.98 169.98
< @F 2987 6506 78.00 169.95
< @F 2988 6505 78.03 169.93
< @F 2989 6504 78.05 169.90
< @F 2990 6503 78.08 169.87
< @F 2991 6502 78.11 169.85
< @F 2992 6501 78.13 169.82
< @F 2993 6500 78.16 169.80
< @F 2994 6499 78.19 169.77
< @F 2995 6498 78.21 169.74
< @F 2996 6497 78.24 169.72
< @F 2997 6496 78.26 169.69
< @F 2998 6495 78.29 169.67
< @F 2999 6494 78.32 169.64
< @F 3000 6493 78.34 169.61
< @F 3001 6492 78.37 169.59
< @F 3002 6491 78.39 169.56
< @F 3003 6490 78.42 169.53
< @F 3004 6489 78.45 169.51
< @F 3005 6488 78.47 169.48
< @F 3006 6487 78.50 169.46
< @F 3007 6486 78.53 169.43
< @F 3008 6485 78.55 169.40
< @F 3009 6484 78.58 169.38
< @F 3010 6483 78.60 169.35
< @F 3011 6482 78.63 169.33
< @F 3012 6481 78.66 169.30
< @F 3013 6480 78.68 169.27
< @F 3014 6479 78.71 169.25
< @F 3015 6478 78.73 169.22
< @F 3016 6477 78.76 169.20
< @F 3017 6476 78.79 169.17
< @F 3018 6475 78.81 169.14
< @F 3019 6474 78.84 169.12
< @F 3020 6473 78.86 169.09
< @F 3021 6472 78.89 169.06
< @F 3022 6471 78.92 169.04
< @F 3023 6470 78.94 169.01
< @F 3024 6469 78.97 168.99
< @F 3025 6468 79.00 168.96
< @F 3026 6467 79.02 168.93
< @F 3027 6466 79.05 168.91
< @F 3028 6465 79.07 168.88
< @F 3029 6464 79.10 168.86
< @F 3030 6463 79.13 168.83
< @F 3031 6462 79.15 168.80
< @F 3032 6461 79.18 168.78
< @F 3033 6460 79.20 168.75
< @F 3034 6459 79.23 168.72
< @F 3035 6458 79.26 168.70
< @F 3036 6457 79.28 168.67
< @F 3037 6456 79.31 168.65
< @F 3038 6455 79.33 168.62
< @F 3039 6454 79.36 168.59
< @F 3040 6453 79.39 168.57
< @F 3041 6452 79.41 168.54
< @F 3042 6451 79.44 168.52
< @F 3043 6450 79.47 168.49
< @F 3044 6449 79.49 168.46
< @F 3045 6448 79.52 168.44
< @F 3046 6447 79.54 168.41
< @F 3047 6446 79.57 168.39
< @F 3048 6445 79.60 168.36
< @F 3049 6444 79.62 168.33
< @F 3050 6443 79.65 168.31
< @F 3051 6442 79.67 168.28
< @F 3052 6441 79.70 168.25
< @F 3053 6440 79.73 168.23
< @F 3054 6439 79.75 168.20
< @F 3055 6438 79.78 168.18
< @F 3056 6437 79.81 168.15
< @F 3057 6436 79.83 168.12
< @F 3058 6435 79.86 168.10
< @F 3059 6434 79.88 168.07
< @F 3060 6433 79.91 168.05
< @F 3061 6432 79.94 168.02
< @F 3062 6431 79.96 167.99
< @F 3063 6430 79.99 167.97
< @F 3064 6429 80.01 167.94
< @F 3065 6428 80.04 167.92
< @F 3066 6427 80.07 167.89
< @F 3067 6426 80.09 167.86
< @F 3068 6425 80.12 167.84
< @F 3069 6424 80.14 167.81
< @F 3070 6423 80.17 167.78
< @F 3071 6422 80.20 167.76
< @F 3072 6421 80.22 167.73
< @F 3073 6420 80.25 167.71
< @F 3074 6419 80.28 167.68
< @F 3075 6418 80.30 167.65
< @F 3076 6417 80.33 167.63
< @F 3077 6416 80.35 167.60
< @F 3078 6415 80.38 167.58
< @F 3079 6414 80.41 167.55
< @F 3080 6413 80.43 167.52
< @F 3081 6412 80.46 167.50
< @F 3082 6411 80.48 167.47
< @F 3083 6410 80.51 167.44
< @F 3084 6409 80.54 167.42
< @F 3085 6408 80.56 167.39
< @F 3086 6407 80.59 167.37
< @F 3087 6406 80.61 167.34
< @F 3088 6405 80.64 167.31
< @F 3089 6404 80.67 167.29
< @F 3090 6403 80.69 167.26
< @F 3091 6402 80.72 167.24
< @F 3092 6401 80.75 167.21
< @F 3093 6400 80.77 167.18
< @F 3094 6399 80.80 167.16
< @F 3095 6398 80.82 167.13
< @F 3096 6397 80.85 167.11
< @F 3097 6396 80.88 167.08
< @F 3098 6395 80.90 167.05
< @F 3099 6394 80.93 167.03
< @F 3100 6393 80.95 167.00
< @F 3101 6392 80.98 166.97
< @F 3102 6391 81.01 166.95
< @F 3103 6390 81.03 166.92
< @F 3104 6389 81.06 166.90
< @F 3105 6388 81.09 166.87
< @F 3106 6387 81.11 166.84
< @F 3107 6386 81.14 166.82
< @F 3108 6385 81.16 166.79
< @F 3109 6384 81.19 166.77
< @F 3110 6383 81.22 166.74
< @F 3111 6382 81.24 166.71
< @F 3112 6381 81.27 166.69
< @F 3113 6380 81.29 166.66
< @F 3114 6379 81.32 166.64
< @F 3115 6378 81.35 166.61
< @F 3116 6377 81.37 166.58
< @F 3117 6376 81.40 166.56
< @F 3118 6375 81.42 166.53
< @F 3119 6374 81.45 166.50
< @F 3120 6373 81.48 166.48
< @F 3121 6372 81.50 166.45
< @F 3122 6371 81.53 166.43
< @F 3123 6370 81.56 166.40
< @F 3124 6369 81.58 166.37
< @F 3125 6368 81.61 166.35
< @F 3126 6367 81.63 166.32
< @F 3127 6366 81.66 166.30
< @F 3128 6365 81.69 166.27
< @F 3129 6364 81.71 166.24
< @F 3130 6363 81.74 166.22
< @F 3131 6362 81.76 166.19
< @F 3132 6361 81.79 166.16
< @F 3133 6360 81.82 166.14
< @F 3134 6359 81.84 166.11
< @F 3135 6358 81.87 166.09
< @F 3136 6357 81.89 166.06
< @F 3137 6356 81.92 166.03
< @F 3138 6355 81.95 166.01
< @F 3139 6354 81.97 165.98
< @F 3140 6353 82.00 165.96
< @F 3141 6352 82.03 165.93
< @F 3142 6351 82.05 165.90
< @F 3143 6350 82.08 165.88
< @F 3144 6349 82.10 165.85
< @F 3145 6348 82.13 165.83
< @F 3146 6347 82.16 165.80
< @F 3147 6346 82.18 165.77
< @F 3148 6345 82.21 165.75
< @F 3149 6344 82.23 165.72
< @F 3150 6343 82.26 165.69
< @F 3151 6342 82.29 165.67
< @F 3152 6341 82.31 165.64
< @F 3153 6340 82.34 165.62
< @F 3154 6339 82.37 165.59
< @F 3155 6338 82.39 165.56
< @F 3156 6337 82.42 165.54
< @F 3157 6336 82.44 165.51
< @F 3158 6335 82.47 165.49
< @F 3159 6334 82.50 165.46
< @F 3160 6333 82.52 165.43
< @F 3161 6332 82.55 165.41
< @F 3162 6331 82.57 165.38
< @F 3163 6330 82.60 165.36
< @F 3164 6329 82.63 165.33
< @F 3165 6328 82.65 165.30
< @F 3166 6327 82.68 165.28
< @F 3167 6326 82.70 165.25
< @F 3168 6325 82.73 165.22
< @F 3169 6324 82.76 165.20
< @F 3170 6323 82.78 165.17
< @F 3171 6322 82.81 165.15
< @F 3172 6321 82.84 165.12
< @F 3173 6320 82.86 165.09
< @F 3174 6319 82.89 165.07
< @F 3175 6318 82.91 165.04
< @F 3176 6317 82.94 165.02
< @F 3177 6316 82.97 164.99
< @F 3178 6315 82.99 164.96
< @F 3179 6314 83.02 164.94
< @F 3180 6313 83.04 164.91
< @F 3181 6312 83.07 164.88
< @F 3182 6311 83.10 164.86
< @F 3183 6310 83.12 164.83
< @F 3184 6309 83.15 164.81
< @F 3185 6308 83.17 164.78
< @F 3186 6307 83.20 164.75
< @F 3187 6306 83.23 164.73
< @F 3188 6305 83.25 164.70
< @F 3189 6304 83.28 164.68
< @F 3190 6303 83.31 164.65
< @F 3191 6302 83.33 164.62
< @F 3192 6301 83.36 164.60
< @F 3193 6300 83.38 164.57
< @F 3194 6299 83.41 164.55
< @F 3195 6298 83.44 164.52
< @F 3196 6297 83.46 164.49
< @F 3197 6296 83.49 164.47
< @F 3198 6295 83.51 164.44
< @F 3199 6294 83.54 164.41
< @F 3200 6293 83.57 164.39
< @F 3201 6292 83.59 164.36
< @F 3202 6291 83.62 164.34
< @F 3203 6290 83.65 164.31
< @F 3204 6289 83.67 164.28
< @F 3205 6288 83.70 164.26
< @F 3206 6287 83.72 164.23
< @F 3207 6286 83.75 164.21
< @F 3208 6285 83.78 164.18
< @F 3209 6284 83.80 164.15
< @F 3210 6283 83.83 164.13
< @F 3211 6282 83.85 164.10
< @F 3212 6281 83.88 164.08
< @F 3213 6280 83.91 164.05
< @F 3214 6279 83.93 164.02
< @F 3215 6278 83.96 164.00
< @F 3216 6277 83.98 163.97
< @F 3217 6276 84.01 163.94
< @F 3218 6275 84.04 163.92
< @F 3219 6274 84.06 163.89
< @F 3220 6273 84.09 163.87
< @F 3221 6272 84.12 163.84
< @F 3222 6271 84.14 163.81
< @F 3223 6270 84.17 163.79
< @F 3224 6269 84.19 163.76
< @F 3225 6268 84.22 163.74
< @F 3226 6267 84.25 163.71
< @F 3227 6266 84.27 163.68
< @F 3228 6265 84.30 163.66
< @F 3229 6264 84.32 163.63
< @F 3230 6263 84.35 163.60
< @F 3231 6262 84.38 163.58
< @F 3232 6261 84.40 163.55
< @F 3233 6260 84.43 163.53
< @F 3234 6259 84.45 163.50
< @F 3235 6258 84.48 163.47
< @F 3236 6257 84.51 163.45
< @F 3237 6256 84.53 163.42
< @F 3238 6255 84.56 163.40
< @F 3239 6254 84.59 163.37
< @F 3240 6253 84.61 163.34
< @F 3241 6252 84.64 163.32
< @F 3242 6251 84.66 163.29
< @F 3243 6250 84.69 163.27
< @F 3244 6249 84.72 163.24
< @F 3245 6248 84.74 163.21
< @F 3246 6247 84.77 163.19
< @F 3247 6246 84.79 163.16
< @F 3248 6245 84.82 163.13
< @F 3249 6244 84.85 163.11
< @F 3250 6243 84.87 163.08
< @F 3251 6242 84.90 163.06
< @F 3252 6241 84.93 163.03
< @F 3253 6240 84.95 163.00
< @F 3254 6239 84.98 162.98
< @F 3255 6238 85.00 162.95
< @F 3256 6237 85.03 162.93
< @F 3257 6236 85.06 162.90
< @F 3258 6235 85.08 162.87
< @F 3259 6234 85.11 162.85
< @F 3260 6233 85.13 162.82
< @F 3261 6232 85.16 162.80
< @F 3262 6231 85.19 162.77
< @F 3263 6230 85.21 162.74
< @F 3264 6229 85.24 162.72
< @F 3265 6228 85.26 162.69
< @F 3266 6227 85.29 162.66
< @F 3267 6226 85.32 162.64
< @F 3268 6225 85.34 162.61
< @F 3269 6224 85.37 162.59
< @F 3270 6223 85.40 162.56
< @F 3271 6222 85.42 162.53
< @F 3272 6221 85.45 162.51
< @F 3273 6220 85.47 162.48
< @F 3274 6219 85.50 162.46
< @F 3275 6218 85.53 162.43
< @F 3276 6217 85.55 162.40
< @F 3277 6216 85.58 162.38
< @F 3278 6215 85.60 162.35
< @F 3279 6214 85.63 162.32
< @F 3280 6213 85.66 162.30
< @F 3281 6212 85.68 162.27
< @F 3282 6211 85.71 162.25
< @F 3283 6210 85.73 162.22
< @F 3284 6209 85.76 162.19
< @F 3285 6208 85.79 162.17
< @F 3286 6207 85.81 162.14
< @F 3287 6206 85.84 162.12
< @F 3288 6205 85.87 162.09
< @F 3289 6204 85.89 162.06
< @F 3290 6203 85.92 162.04
< @F 3291 6202 85.94 162.01
< @F 3292 6201 85.97 161.99
< @F 3293 6200 86.00 161.96
< @F 3294 6199 86.02 161.93
< @F 3295 6198 86.05 161.91
< @F 3296 6197 86.07 161.88
< @F 3297 6196 86.10 161.85
< @F 3298 6195 86.13 161.83
< @F 3299 6194 86.15 161.80
< @F 3300 6193 86.18 161.78
< @F 3301 6192 86.21 161.75
< @F 3302 6191 86.23 161.72
< @F 3303 6190 86.26 161.70
< @F 3304 6189 86.28 161.67
< @F 3305 6188 86.31 161.65
< @F 3306 6187 86.34 161.62
< @F 3307 6186 86.36 161.59
< @F 3308 6185 86.39 161.57
< @F 3309 6184 86.41 161.54
< @F 3310 6183 86.44 161.52
< @F 3311 6182 86.47 161.49
< @F 3312 6181 86.49 161.46
< @F 3313 6180 86.52 161.44
< @F 3314 6179 86.54 161.41
< @F 3315 6178 86.57 161.38
< @F 3316 6177 86.60 161.36
< @F 3317 6176 86.62 161.33
< @F 3318 6175 86.65 161.31
< @F 3319 6174 86.68 161.28
< @F 3320 6173 86.70 161.25
< @F 3321 6172 86.73 161.23
< @F 3322 6171 86.75 161.20
< @F 3323 6170 86.78 161.18
< @F 3324 6169 86.81 161.15
< @F 3325 6168 86.83 161.12
< @F 3326 6167 86.86 161.10
< @F 3327 6166 86.88 161.07
< @F 3328 6165 86.91 161.04
< @F 3329 6164 86.94 161.02
< @F 3330 6163 86.96 160.99
< @F 3331 6162 86.99 160.97
< @F 3332 6161 87.01 160.94
< @F 3333 6160 87.04 160.91
< @F 3334 6159 87.07 160.89
< @F 3335 6158 87.09 160.86
< @F 3336 6157 87.12 160.84
< @F 3337 6156 87.15 160.81
< @F 3338 6155 87.17 160.78
< @F 3339 6154 87.20 160.76
< @F 3340 6153 87.22 160.73
< @F 3341 6152 87.25 160.71
< @F 3342 6151 87.28 160.68
< @F 3343 6150 87.30 160.65
< @F 3344 6149 87.33 160.63
< @F 3345 6148 87.35 160.60
< @F 3346 6147 87.38 160.57
< @F 3347 6146 87.41 160.55
< @F 3348 6145 87.43 160.52
< @F 3349 6144 87.46 160.50
< @F 3350 6143 87.49 160.47
< @F 3351 6142 87.51 160.44
< @F 3352 6141 87.54 160.42
< @F 3353 6140 87.56 160.39
< @F 3354 6139 87.59 160.37
< @F 3355 6138 87.62 160.34
< @F 3356 6137 87.64 160.31
< @F 3357 6136 87.67 160.29
< @F 3358 6135 87.69 160.26
< @F 3359 6134 87.72 160.24
< @F 3360 6133 87.75 160.21
< @F 3361 6132 87.77 160.18
< @F 3362 6131 87.80 160.16
< @F 3363 6130 87.82 160.13
< @F 3364 6129 87.85 160.10
< @F 3365 6128 87.88 160.08
< @F 3366 6127 87.90 160.05
< @F 3367 6126 87.93 160.03
< @F 3368 6125 87.96 160.00
< @F 3369 6124 87.98 159.97
< @F 3370 6123 88.01 159.95
< @F 3371 6122 88.03 159.92
< @F 3372 6121 88.06 159.90
< @F 3373 6120 88.09 159.87
< @F 3374 6119 88.11 159.84
< @F 3375 6118 88.14 159.82
< @F 3376 6117 88.16 159.79
< @F 3377 6116 88.19 159.76
< @F 3378 6115 88.22 159.74
< @F 3379 6114 88.24 159.71
< @F 3380 6113 88.27 159.69
< @F 3381 6112 88.29 159.66
< @F 3382 6111 88.32 159.63
< @F 3383 6110 88.35 159.61
< @F 3384 6109 88.37 159.58
< @F 3385 6108 88.40 159.56
< @F 3386 6107 88.43 159.53
< @F 3387 6106 88.45 159.50
< @F 3388 6105 88.48 159.48
< @F 3389 6104 88.50 159.45
< @F 3390 6103 88.53 159.43
< @F 3391 6102 88.56 159.40
< @F 3392 6101 88.58 159.37
< @F 3393 6100 88.61 159.35
< @F 3394 6099 88.63 159.32
< @F 3395 6098 88.66 159.29
< @F 3396 6097 88.69 159.27
< @F 3397 6096 88.71 159.24
< @F 3398 6095 88.74 159.22
< @F 3399 6094 88.77 159.19
< @F 3400 6093 88.79 159.16
< @F 3401 6092 88.82 159.14
< @F 3402 6091 88.84 159.11
< @F 3403 6090 88.87 159.09
< @F 3404 6089 88.90 159.06
< @F 3405 6088 88.92 159.03
< @F 3406 6087 88.95 159.01
< @F 3407 6086 88.97 158.98
< @F 3408 6085 89.00 158.96
< @F 3409 6084 89.03 158.93
< @F 3410 6083 89.05 158.90
< @F 3411 6082 89.08 158.88
< @F 3412 6081 89.10 158.85
< @F 3413 6080 89.13 158.82
< @F 3414 6079 89.16 158.80
< @F 3415 6078 89.18 158.77
< @F 3416 6077 89.21 158.75
< @F 3417 6076 89.24 158.72
< @F 3418 6075 89.26 158.69
< @F 3419 6074 89.29 158.67
< @F 3420 6073 89.31 158.64
< @F 3421 6072 89.34 158.62
< @F 3422 6071 89.37 158.59
< @F 3423 6070 89.39 158.56
< @F 3424 6069 89.42 158.54
< @F 3425 6068 89.44 158.51
< @F 3426 6067 89.47 158.48
< @F 3427 6066 89.50 158.46
< @F 3428 6065 89.52 158.43
< @F 3429 6064 89.55 158.41
< @F 3430 6063 89.57 158.38
< @F 3431 6062 89.60 158.35
< @F 3432 6061 89.63 158.33
< @F 3433 6060 89.65 158.30
< @F 3434 6059 89.68 158.28
< @F 3435 6058 89.71 158.25
< @F 3436 6057 89.73 158.22
< @F 3437 6056 89.76 158.20
< @F 3438 6055 89.78 158.17
< @F 3439 6054 89.81 158.15
< @F 3440 6053 89.84 158.12
< @F 3441 6052 89.86 158.09
< @F 3442 6051 89.89 158.07
< @F 3443 6050 89.91 158.04
< @F 3444 6049 89.94 158.01
< @F 3445 6048 89.97 157.99
< @F 3446 6047 89.99 157.96
< @F 3447 6046 90.02 157.94
< @F 3448 6045 90.05 157.91
< @F 3449 6044 90.07 157.88
< @F 3450 6043 90.10 157.86
< @F 3451 6042 90.12 157.83
< @F 3452 6041 90.15 157.81
< @F 3453 6040 90.18 157.78
< @F 3454 6039 90.20 157.75
< @F 3455 6038 90.23 157.73
< @F 3456 6037 90.25 157.70
< @F 3457 6036 90.28 157.68
< @F 3458 6035 90.31 157.65
< @F 3459 6034 90.33 157.62
< @F 3460 6033 90.36 157.60
< @F 3461 6032 90.38 157.57
< @F 3462 6031 90.41 157.54
< @F 3463 6030 90.44 157.52
< @F 3464 6029 90.46 157.49
< @F 3465 6028 90.49 157.47
< @F 3466 6027 90.52 157.44
< @F 3467 6026 90.54 157.41
< @F 3468 6025 90.57 157.39
< @F 3469 6024 90.59 157.36
< @F 3470 6023 90.62 157.34
< @F 3471 6022 90.65 157.31
< @F 3472 6021 90.67 157.28
< @F 3473 6020 90.70 157.26
< @F 3474 6019 90.72 157.23
< @F 3475 6018 90.75 157.20
< @F 3476 6017 90.78 157.18
< @F 3477 6016 90.80 157.15
< @F 3478 6015 90.83 157.13
< @F 3479 6014 90.85 157.10
< @F 3480 6013 90.88 157.07
< @F 3481 6012 90.91 157.05
< @F 3482 6011 90.93 157.02
< @F 3483 6010 90.96 157.00
< @F 3484 6009 90.99 156.97
< @F 3485 6008 91.01 156.94
< @F 3486 6007 91.04 156.92
< @F 3487 6006 91.06 156.89
< @F 3488 6005 91.09 156.87
< @F 3489 6004 91.12 156.84
< @F 3490 6003 91.14 156.81
< @F 3491 6002 91.17 156.79
< @F 3492 6001 91.19 156.76
< @F 3493 6000 91.22 156.73
< @F 3494 5999 91.25 156.71
< @F 3495 5998 91.27 156.68
< @F 3496 5997 91.30 156.66
< @F 3497 5996 91.33 156.63
< @F 3498 5995 91.35 156.60
< @F 3499 5994 91.38 156.58
< @F 3500 5993 91.40 156.55
< @F 3501 5992 91.43 156.53
< @F 3502 5991 91.46 156.50
< @F 3503 5990 91.48 156.47
< @F 3504 5989 91.51 156.45
< @F 3505 5988 91.53 156.42
< @F 3506 5987 91.56 156.40
< @F 3507 5986 91.59 156.37
< @F 3508 5985 91.61 156.34
< @F 3509 5984 91.64 156.32
< @F 3510 5983 91.66 156.29
< @F 3511 5982 91.69 156.26
< @F 3512 5981 91.72 156.24
< @F 3513 5980 91.74 156.21
< @F 3514 5979 91.77 156.19
< @F 3515 5978 91.80 156.16
< @F 3516 5977 91.82 156.13
< @F 3517 5976 91.85 156.11
< @F 3518 5975 91.87 156.08
< @F 3519 5974 91.90 156.06
< @F 3520 5973 91.93 156.03
< @F 3521 5972 91.95 156.00
< @F 3522 5971 91.98 155.98
< @F 3523 5970 92.00 155.95
< @F 3524 5969 92.03 155.92
< @F 3525 5968 92.06 155.90
< @F 3526 5967 92.08 155.87
< @F 3527 5966 92.11 155.85
< @F 3528 5965 92.13 155.82
< @F 3529 5964 92.16 155.79
< @F 3530 5963 92.19 155.77
< @F 3531 5962 92.21 155.74
< @F 3532 5961 92.24 155.72
< @F 3533 5960 92.27 155.69
< @F 3534 5959 92.29 155.66
< @F 3535 5958 92.32 155.64
< @F 3536 5957 92.34 155.61
< @F 3537 5956 92.37 155.59
< @F 3538 5955 92.40 155.56
< @F 3539 5954 92.42 155.53
< @F 3540 5953 92.45 155.51
< @F 3541 5952 92.47 155.48
< @F 3542 5951 92.50 155.45
< @F 3543 5950 92.53 155.43
< @F 3544 5949 92.55 155.40
< @F 3545 5948 92.58 155.38
< @F 3546 5947 92.61 155.35
< @F 3547 5946 92.63 155.32
< @F 3548 5945 92.66 155.30
< @F 3549 5944 92.68 155.27
< @F 3550 5943 92.71 155.25
< @F 3551 5942 92.74 155.22
< @F 3552 5941 92.76 155.19
< @F 3553 5940 92.79 155.17
< @F 3554 5939 92.81 155.14
< @F 3555 5938 92.84 155.12
< @F 3556 5937 92.87 155.09
< @F 3557 5936 92.89 155.06
< @F 3558 5935 92.92 155.04
< @F 3559 5934 92.94 155.01
< @F 3560 5933 92.97 154.98
< @F 3561 5932 93.00 154.96
< @F 3562 5931 93.02 154.93
< @F 3563 5930 93.05 154.91
< @F 3564 5929 93.08 154.88
< @F 3565 5928 93.10 154.85
< @F 3566 5927 93.13 154.83
< @F 3567 5926 93.15 154.80
< @F 3568 5925 93.18 154.78
< @F 3569 5924 93.21 154.75
< @F 3570 5923 93.23 154.72
< @F 3571 5922 93.26 154.70
< @F 3572 5921 93.28 154.67
< @F 3573 5920 93.31 154.64
< @F 3574 5919 93.34 154.62
< @F 3575 5918 93.36 154.59
< @F 3576 5917 93.39 154.57
< @F 3577 5916 93.41 154.54
< @F 3578 5915 93.44 154.51
< @F 3579 5914 93.47 154.49
< @F 3580 5913 93.49 154.46
< @F 3581 5912 93.52 154.44
< @F 3582 5911 93.55 154.41
< @F 3583 5910 93.57 154.38
< @F 3584 5909 93.60 154.36
< @F 3585 5908 93.62 154.33
< @F 3586 5907 93.65 154.31
< @F 3587 5906 93.68 154.28
< @F 3588 5905 93.70 154.25
< @F 3589 5904 93.73 154.23
< @F 3590 5903 93.75 154.20
< @F 3591 5902 93.78 154.17
< @F 3592 5901 93.81 154.15
< @F 3593 5900 93.83 154.12
< @F 3594 5899 93.86 154.10
< @F 3595 5898 93.89 154.07
< @F 3596 5897 93.91 154.04
< @F 3597 5896 93.94 154.02
< @F 3598 5895 93.96 153.99
< @F 3599 5894 93.99 153.97
< @F 3600 5893 94.02 153.94
< @F 3601 5892 94.04 153.91
< @F 3602 5891 94.07 153.89
< @F 3603 5890 94.09 153.86
< @F 3604 5889 94.12 153.84
< @F 3605 5888 94.15 153.81
< @F 3606 5887 94.17 153.78
< @F 3607 5886 94.20 153.76
< @F 3608 5885 94.22 153.73
< @F 3609 5884 94.25 153.70
< @F 3610 5883 94.28 153.68
< @F 3611 5882 94.30 153.65
< @F 3612 5881 94.33 153.63
< @F 3613 5880 94.36 153.60
< @F 3614 5879 94.38 153.57
< @F 3615 5878 94.41 153.55
< @F 3616 5877 94.43 153.52
< @F 3617 5876 94.46 153.50
< @F 3618 5875 94.49 153.47
< @F 3619 5874 94.51 153.44
< @F 3620 5873 94.54 153.42
< @F 3621 5872 94.56 153.39
< @F 3622 5871 94.59 153.36
< @F 3623 5870 94.62 153.34
< @F 3624 5869 94.64 153.31
< @F 3625 5868 94.67 153.29
< @F 3626 5867 94.69 153.26
< @F 3627 5866 94.72 153.23
< @F 3628 5865 94.75 153.21
< @F 3629 5864 94.77 153.18
< @F 3630 5863 94.80 153.16
< @F 3631 5862 94.83 153.13
< @F 3632 5861 94.85 153.10
< @F 3633 5860 94.88 153.08
< @F 3634 5859 94.90 153.05
< @F 3635 5858 94.93 153.03
< @F 3636 5857 94.96 153.00
< @F 3637 5856 94.98 152.97
< @F 3638 5855 95.01 152.95
< @F 3639 5854 95.03 152.92
< @F 3640 5853 95.06 152.89
< @F 3641 5852 95.09 152.87
< @F 3642 5851 95.11 152.84
< @F 3643 5850 95.14 152.82
< @F 3644 5849 95.17 152.79
< @F 3645 5848 95.19 152.76
< @F 3646 5847 95.22 152.74
< @F 3647 5846 95.24 152.71
< @F 3648 5845 95.27 152.69
< @F 3649 5844 95.30 152.66
< @F 3650 5843 95.32 152.63
< @F 3651 5842 95.35 152.61
< @F 3652 5841 95.37 152.58
< @F 3653 5840 95.40 152.56
< @F 3654 5839 95.43 152.53
< @F 3655 5838 95.45 152.50
< @F 3656 5837 95.48 152.48
< @F 3657 5836 95.50 152.45
< @F 3658 5835 95.53 152.42
< @F 3659 5834 95.56 152.40
< @F 3660 5833 95.58 152.37
< @F 3661 5832 95.61 152.35
< @F 3662 5831 95.64 152.32
< @F 3663 5830 95.66 152.29
< @F 3664 5829 95.69 152.27
< @F 3665 5828 95.71 152.24
< @F 3666 5827 95.74 152.22
< @F 3667 5826 95.77 152.19
< @F 3668 5825 95.79 152.16
< @F 3669 5824 95.82 152.14
< @F 3670 5823 95.84 152.11
< @F 3671 5822 95.87 152.08
< @F 3672 5821 95.90 152.06
< @F 3673 5820 95.92 152.03
< @F 3674 5819 95.95 152.01
< @F 3675 5818 95.97 151.98
< @F 3676 5817 96.00 151.95
< @F 3677 5816 96.03 151.93
< @F 3678 5815 96.05 151.90
< @F 3679 5814 96.08 151.88
< @F 3680 5813 96.11 151.85
< @F 3681 5812 96.13 151.82
< @F 3682 5811 96.16 151.80
< @F 3683 5810 96.18 151.77
< @F 3684 5809 96.21 151.75
< @F 3685 5808 96.24 151.72
< @F 3686 5807 96.26 151.69
< @F 3687 5806 96.29 151.67
< @F 3688 5805 96.31 151.64
< @F 3689 5804 96.34 151.61
< @F 3690 5803 96.37 151.59
< @F 3691 5802 96.39 151.56
< @F 3692 5801 96.42 151.54
< @F 3693 5800 96.45 151.51
< @F 3694 5799 96.47 151.48
< @F 3695 5798 96.50 151.46
< @F 3696 5797 96.52 151.43
< @F 3697 5796 96.55 151.41
< @F 3698 5795 96.58 151.38
< @F 3699 5794 96.60 151.35
< @F 3700 5793 96.63 151.33
< @F 3701 5792 96.65 151.30
< @F 3702 5791 96.68 151.28
< @F 3703 5790 96.71 151.25
< @F 3704 5789 96.73 151.22
< @F 3705 5788 96.76 151.20
< @F 3706 5787 96.78 151.17
< @F 3707 5786 96.81 151.14
< @F 3708 5785 96.84 151.12
< @F 3709 5784 96.86 151.09
< @F 3710 5783 96.89 151.07
< @F 3711 5782 96.92 151.04
< @F 3712 5781 96.94 151.01
< @F 3713 5780 96.97 150.99
< @F 3714 5779 96.99 150.96
< @F 3715 5778 97.02 150.94
< @F 3716 5777 97.05 150.91
< @F 3717 5776 97.07 150.88
< @F 3718 5775 97.10 150.86
< @F 3719 5774 97.12 150.83
< @F 3720 5773 97.15 150.80
< @F 3721 5772 97.18 150.78
< @F 3722 5771 97.20 150.75
< @F 3723 5770 97.23 150.73
< @F 3724 5769 97.25 150.70
< @F 3725 5768 97.28 150.67
< @F 3726 5767 97.31 150.65
< @F 3727 5766 97.33 150.62
< @F 3728 5765 97.36 150.60
< @F 3729 5764 97.39 150.57
< @F 3730 5763 97.41 150.54
< @F 3731 5762 97.44 150.52
< @F 3732 5761 97.46 150.49
< @F 3733 5760 97.49 150.47
< @F 3734 5759 97.52 150.44
< @F 3735 5758 97.54 150.41
< @F 3736 5757 97.57 150.39
< @F 3737 5756 97.59 150.36
< @F 3738 5755 97.62 150.33
< @F 3739 5754 97.65 150.31
< @F 3740 5753 97.67 150.28
< @F 3741 5752 97.70 150.26
< @F 3742 5751 97.73 150.23
< @F 3743 5750 97.75 150.20
< @F 3744 5749 97.78 150.18
< @F 3745 5748 97.80 150.15
< @F 3746 5747 97.83 150.13
< @F 3747 5746 97.86 150.10
< @F 3748 5745 97.88 150.07
< @F 3749 5744 97.91 150.05
< @F 3750 5743 97.93 150.02
< @F 3751 5742 97.96 150.00
< @F 3752 5741 97.99 149.97
< @F 3753 5740 98.01 149.94
< @F 3754 5739 98.04 149.92
< @F 3755 5738 98.06 149.89
< @F 3756 5737 98.09 149.86
< @F 3757 5736 98.12 149.84
< @F 3758 5735 98.14 149.81
< @F 3759 5734 98.17 149.79
< @F 3760 5733 98.20 149.76
< @F 3761 5732 98.22 149.73
< @F 3762 5731 98.25 149.71
< @F 3763 5730 98.27 149.68
< @F 3764 5729 98.30 149.66
< @F 3765 5728 98.33 149.63
< @F 3766 5727 98.35 149.60
< @F 3767 5726 98.38 149.58
< @F 3768 5725 98.40 149.55
< @F 3769 5724 98.43 149.52
< @F 3770 5723 98.46 149.50
< @F 3771 5722 98.48 149.47
< @F 3772 5721 98.51 149.45
< @F 3773 5720 98.53 149.42
< @F 3774 5719 98.56 149.39
< @F 3775 5718 98.59 149.37
< @F 3776 5717 98.61 149.34
< @F 3777 5716 98.64 149.32
< @F 3778 5715 98.67 149.29
< @F 3779 5714 98.69 149.26
< @F 3780 5713 98.72 149.24
< @F 3781 5712 98.74 149.21
< @F 3782 5711 98.77 149.19
< @F 3783 5710 98.80 149.16
< @F 3784 5709 98.82 149.13
< @F 3785 5708 98.85 149.11
< @F 3786 5707 98.87 149.08
< @F 3787 5706 98.90 149.05
< @F 3788 5705 98.93 149.03
< @F 3789 5704 98.95 149.00
< @F 3790 5703 98.98 148.98
< @F 3791 5702 99.01 148.95
< @F 3792 5701 99.03 148.92
< @F 3793 5700 99.06 148.90
< @F 3794 5699 99.08 148.87
< @F 3795 5698 99.11 148.85
< @F 3796 5697 99.14 148.82
< @F 3797 5696 99.16 148.79
< @F 3798 5695 99.19 148.77
< @F 3799 5694 99.21 148.74
< @F 3800 5693 99.24 148.72
< @F 3801 5692 99.27 148.69
< @F 3802 5691 99.29 148.66
< @F 3803 5690 99.32 148.64
< @F 3804 5689 99.34 148.61
< @F 3805 5688 99.37 148.58
< @F 3806 5687 99.40 148.56
< @F 3807 5686 99.42 148.53
< @F 3808 5685 99.45 148.51
< @F 3809 5684 99.48 148.48
< @F 3810 5683 99.50 148.45
< @F 3811 5682 99.53 148.43
< @F 3812 5681 99.55 148.40
< @F 3813 5680 99.58 148.38
< @F 3814 5679 99.61 148.35
< @F 3815 5678 99.63 148.32
< @F 3816 5677 99.66 148.30
< @F 3817 5676 99.68 148.27
< @F 3818 5675 99.71 148.24
< @F 3819 5674 99.74 148.22
< @F 3820 5673 99.76 148.19
< @F 3821 5672 99.79 148.17
< @F 3822 5671 99.81 148.14
< @F 3823 5670 99.84 148.11
< @F 3824 5669 99.87 148.09
< @F 3825 5668 99.89 148.06
< @F 3826 5667 99.92 148.04
< @F 3827 5666 99.95 148.01
< @F 3828 5665 99.97 147.98
< @F 3829 5664 100.00 147.96
< @F 3830 5663 100.02 147.93
< @F 3831 5662 100.05 147.91
< @F 3832 5661 100.08 147.88
< @F 3833 5660 100.10 147.85
< @F 3834 5659 100.13 147.83
< @F 3835 5658 100.15 147.80
< @F 3836 5657 100.18 147.77
< @F 3837 5656 100.21 147.75
< @F 3838 5655 100.23 147.72
< @F 3839 5654 100.26 147.70
< @F 3840 5653 100.29 147.67
< @F 3841 5652 100.31 147.64
< @F 3842 5651 100.34 147.62
< @F 3843 5650 100.36 147.59
< @F 3844 5649 100.39 147.57
< @F 3845 5648 100.42 147.54
< @F 3846 5647 100.44 147.51
< @F 3847 5646 100.47 147.49
< @F 3848 5645 100.49 147.46
< @F 3849 5644 100.52 147.44
< @F 3850 5643 100.55 147.41
< @F 3851 5642 100.57 147.38
< @F 3852 5641 100.60 147.36
< @F 3853 5640 100.62 147.33
< @F 3854 5639 100.65 147.30
< @F 3855 5638 100.68 147.28
< @F 3856 5637 100.70 147.25
< @F 3857 5636 100.73 147.23
< @F 3858 5635 100.76 147.20
< @F 3859 5634 100.78 147.17
< @F 3860 5633 100.81 147.15
< @F 3861 5632 100.83 147.12
< @F 3862 5631 100.86 147.10
< @F 3863 5630 100.89 147.07
< @F 3864 5629 100.91 147.04
< @F 3865 5628 100.94 147.02
< @F 3866 5627 100.96 146.99
< @F 3867 5626 100.99 146.96
< @F 3868 5625 101.02 146.94
< @F 3869 5624 101.04 146.91
< @F 3870 5623 101.07 146.89
< @F 3871 5622 101.09 146.86
< @F 3872 5621 101.12 146.83
< @F 3873 5620 101.15 146.81
< @F 3874 5619 101.17 146.78
< @F 3875 5618 101.20 146.76
< @F 3876 5617 101.23 146.73
< @F 3877 5616 101.25 146.70
< @F 3878 5615 101.28 146.68
< @F 3879 5614 101.30 146.65
< @F 3880 5613 101.33 146.63
< @F 3881 5612 101.36 146.60
< @F 3882 5611 101.38 146.57
< @F 3883 5610 101.41 146.55
< @F 3884 5609 101.43 146.52
< @F 3885 5608 101.46 146.49
< @F 3886 5607 101.49 146.47
< @F 3887 5606 101.51 146.44
< @F 3888 5605 101.54 146.42
< @F 3889 5604 101.57 146.39
< @F 3890 5603 101.59 146.36
< @F 3891 5602 101.62 146.34
< @F 3892 5601 101.64 146.31
< @F 3893 5600 101.67 146.29
< @F 3894 5599 101.70 146.26
< @F 3895 5598 101.72 146.23
< @F 3896 5597 101.75 146.21
< @F 3897 5596 101.77 146.18
< @F 3898 5595 101.80 146.16
< @F 3899 5594 101.83 146.13
< @F 3900 5593 101.85 146.10
< @F 3901 5592 101.88 146.08
< @F 3902 5591 101.90 146.05
< @F 3903 5590 101.93 146.02
< @F 3904 5589 101.96 146.00
< @F 3905 5588 101.98 145.97
< @F 3906 5587 102.01 145.95
< @F 3907 5586 102.04 145.92
< @F 3908 5585 102.06 145.89
< @F 3909 5584 102.09 145.87
< @F 3910 5583 102.11 145.84
< @F 3911 5582 102.14 145.82
< @F 3912 5581 102.17 145.79
< @F 3913 5580 102.19 145.76
< @F 3914 5579 102.22 145.74
< @F 3915 5578 102.24 145.71
< @F 3916 5577 102.27 145.68
< @F 3917 5576 102.30 145.66
< @F 3918 5575 102.32 145.63
< @F 3919 5574 102.35 145.61
< @F 3920 5573 102.37 145.58
< @F 3921 5572 102.40 145.55
< @F 3922 5571 102.43 145.53
< @F 3923 5570 102.45 145.50
< @F 3924 5569 102.48 145.48
< @F 3925 5568 102.51 145.45
< @F 3926 5567 102.53 145.42
< @F 3927 5566 102.56 145.40
< @F 3928 5565 102.58 145.37
< @F 3929 5564 102.61 145.35
< @F 3930 5563 102.64 145.32
< @F 3931 5562 102.66 145.29
< @F 3932 5561 102.69 145.27
< @F 3933 5560 102.71 145.24
< @F 3934 5559 102.74 145.21
< @F 3935 5558 102.77 145.19
< @F 3936 5557 102.79 145.16
< @F 3937 5556 102.82 145.14
< @F 3938 5555 102.85 145.11
< @F 3939 5554 102.87 145.08
< @F 3940 5553 102.90 145.06
< @F 3941 5552 102.92 145.03
< @F 3942 5551 102.95 145.01
< @F 3943 5550 102.98 144.98
< @F 3944 5549 103.00 144.95
< @F 3945 5548 103.03 144.93
< @F 3946 5547 103.05 144.90
< @F 3947 5546 103.08 144.88
< @F 3948 5545 103.11 144.85
< @F 3949 5544 103.13 144.82
< @F 3950 5543 103.16 144.80
< @F 3951 5542 103.18 144.77
< @F 3952 5541 103.21 144.74
< @F 3953 5540 103.24 144.72
< @F 3954 5539 103.26 144.69
< @F 3955 5538 103.29 144.67
< @F 3956 5537 103.32 144.64
< @F 3957 5536 103.34 144.61
< @F 3958 5535 103.37 144.59
< @F 3959 5534 103.39 144.56
< @F 3960 5533 103.42 144.54
< @F 3961 5532 103.45 144.51
< @F 3962 5531 103.47 144.48
< @F 3963 5530 103.50 144.46
< @F 3964 5529 103.52 144.43
< @F 3965 5528 103.55 144.40
< @F 3966 5527 103.58 144.38
< @F 3967 5526 103.60 144.35
< @F 3968 5525 103.63 144.33
< @F 3969 5524 103.65 144.30
< @F 3970 5523 103.68 144.27
< @F 3971 5522 103.71 144.25
< @F 3972 5521 103.73 144.22
< @F 3973 5520 103.76 144.20
< @F 3974 5519 103.79 144.17
< @F 3975 5518 103.81 144.14
< @F 3976 5517 103.84 144.12
< @F 3977 5516 103.86 144.09
< @F 3978 5515 103.89 144.07
< @F 3979 5514 103.92 144.04
< @F 3980 5513 103.94 144.01
< @F 3981 5512 103.97 143.99
< @F 3982 5511 103.99 143.96
< @F 3983 5510 104.02 143.93
< @F 3984 5509 104.05 143.91
< @F 3985 5508 104.07 143.88
< @F 3986 5507 104.10 143.86
< @F 3987 5506 104.13 143.83
< @F 3988 5505 104.15 143.80
< @F 3989 5504 104.18 143.78
< @F 3990 5503 104.20 143.75
< @F 3991 5502 104.23 143.73
< @F 3992 5501 104.26 143.70
< @F 3993 5500 104.28 143.67
< @F 3994 5499 104.31 143.65
< @F 3995 5498 104.33 143.62
< @F 3996 5497 104.36 143.60
< @F 3997 5496 104.39 143.57
< @F 3998 5495 104.41 143.54
< @F 3999 5494 104.44 143.52
< @F 4000 5493 104.46 143.49
< @F 4001 5492 104.49 143.46
< @F 4002 5491 104.52 143.44
< @F 4003 5490 104.54 143.41
< @F 4004 5489 104.57 143.39
< @F 4005 5488 104.60 143.36
< @F 4006 5487 104.62 143.33
< @F 4007 5486 104.65 143.31
< @F 4008 5485 104.67 143.28
< @F 4009 5484 104.70 143.26
< @F 4010 5483 104.73 143.23
< @F 4011 5482 104.75 143.20
< @F 4012 5481 104.78 143.18
< @F 4013 5480 104.80 143.15
< @F 4014 5479 104.83 143.12
< @F 4015 5478 104.86 143.10
< @F 4016 5477 104.88 143.07
< @F 4017 5476 104.91 143.05
< @F 4018 5475 104.93 143.02
< @F 4019 5474 104.96 142.99
< @F 4020 5473 104.99 142.97
< @F 4021 5472 105.01 142.94
< @F 4022 5471 105.04 142.92
< @F 4023 5470 105.07 142.89
< @F 4024 5469 105.09 142.86
< @F 4025 5468 105.12 142.84
< @F 4026 5467 105.14 142.81
< @F 4027 5466 105.17 142.79
< @F 4028 5465 105.20 142.76
< @F 4029 5464 105.22 142.73
< @F 4030 5463 105.25 142.71
< @F 4031 5462 105.27 142.68
< @F 4032 5461 105.30 142.65
< @F 4033 5460 105.33 142.63
< @F 4034 5459 105.35 142.60
< @F 4035 5458 105.38 142.58
< @F 4036 5457 105.41 142.55
< @F 4037 5456 105.43 142.52
< @F 4038 5455 105.46 142.50
< @F 4039 5454 105.48 142.47
< @F 4040 5453 105.51 142.45
< @F 4041 5452 105.54 142.42
< @F 4042 5451 105.56 142.39
< @F 4043 5450 105.59 142.37
< @F 4044 5449 105.61 142.34
< @F 4045 5448 105.64 142.32
< @F 4046 5447 105.67 142.29
< @F 4047 5446 105.69 142.26
< @F 4048 5445 105.72 142.24
< @F 4049 5444 105.74 142.21
< @F 4050 5443 105.77 142.18
< @F 4051 5442 105.80 142.16
< @F 4052 5441 105.82 142.13
< @F 4053 5440 105.85 142.11
< @F 4054 5439 105.88 142.08
< @F 4055 5438 105.90 142.05
< @F 4056 5437 105.93 142.03
< @F 4057 5436 105.95 142.00
< @F 4058 5435 105.98 141.98
< @F 4059 5434 106.01 141.95
< @F 4060 5433 106.03 141.92
< @F 4061 5432 106.06 141.90
< @F 4062 5431 106.08 141.87
< @F 4063 5430 106.11 141.84
< @F 4064 5429 106.14 141.82
< @F 4065 5428 106.16 141.79
< @F 4066 5427 106.19 141.77
< @F 4067 5426 106.21 141.74
< @F 4068 5425 106.24 141.71
< @F 4069 5424 106.27 141.69
< @F 4070 5423 106.29 141.66
< @F 4071 5422 106.32 141.64
< @F 4072 5421 106.35 141.61
< @F 4073 5420 106.37 141.58
< @F 4074 5419 106.40 141.56
< @F 4075 5418 106.42 141.53
< @F 4076 5417 106.45 141.51
< @F 4077 5416 106.48 141.48
< @F 4078 5415 106.50 141.45
< @F 4079 5414 106.53 141.43
< @F 4080 5413 106.55 141.40
< @F 4081 5412 106.58 141.37
< @F 4082 5411 106.61 141.35
< @F 4083 5410 106.63 141.32
< @F 4084 5409 106.66 141.30
< @F 4085 5408 106.69 141.27
< @F 4086 5407 106.71 141.24
< @F 4087 5406 106.74 141.22
< @F 4088 5405 106.76 141.19
< @F 4089 5404 106.79 141.17
< @F 4090 5403 106.82 141.14
< @F 4091 5402 106.84 141.11
< @F 4092 5401 106.87 141.09
< @F 4093 5400 106.89 141.06
< @F 4094 5399 106.92 141.04
< @F 4095 5398 106.95 141.01
< @F 4096 5397 106.97 140.98
< @F 4097 5396 107.00 140.96
< @F 4098 5395 107.02 140.93
< @F 4099 5394 107.05 140.90
< @F 4100 5393 107.08 140.88
< @F 4101 5392 107.10 140.85
< @F 4102 5391 107.13 140.83
< @F 4103 5390 107.16 140.80
< @F 4104 5389 107.18 140.77
< @F 4105 5388 107.21 140.75
< @F 4106 5387 107.23 140.72
< @F 4107 5386 107.26 140.70
< @F 4108 5385 107.29 140.67
< @F 4109 5384 107.31 140.64
< @F 4110 5383 107.34 140.62
< @F 4111 5382 107.36 140.59
< @F 4112 5381 107.39 140.56
< @F 4113 5380 107.42 140.54
< @F 4114 5379 107.44 140.51
< @F 4115 5378 107.47 140.49
< @F 4116 5377 107.49 140.46
< @F 4117 5376 107.52 140.43
< @F 4118 5375 107.55 140.41
< @F 4119 5374 107.57 140.38
< @F 4120 5373 107.60 140.36
< @F 4121 5372 107.63 140.33
< @F 4122 5371 107.65 140.30
< @F 4123 5370 107.68 140.28
< @F 4124 5369 107.70 140.25
< @F 4125 5368 107.73 140.23
< @F 4126 5367 107.76 140.20
< @F 4127 5366 107.78 140.17
< @F 4128 5365 107.81 140.15
< @F 4129 5364 107.83 140.12
< @F 4130 5363 107.86 140.09
< @F 4131 5362 107.89 140.07
< @F 4132 5361 107.91 140.04
< @F 4133 5360 107.94 140.02
< @F 4134 5359 107.97 139.99
< @F 4135 5358 107.99 139.96
< @F 4136 5357 108.02 139.94
< @F 4137 5356 108.04 139.91
< @F 4138 5355 108.07 139.89
< @F 4139 5354 108.10 139.86
< @F 4140 5353 108.12 139.83
< @F 4141 5352 108.15 139.81
< @F 4142 5351 108.17 139.78
< @F 4143 5350 108.20 139.76
< @F 4144 5349 108.23 139.73
< @F 4145 5348 108.25 139.70
< @F 4146 5347 108.28 139.68
< @F 4147 5346 108.30 139.65
< @F 4148 5345 108.33 139.62
< @F 4149 5344 108.36 139.60
< @F 4150 5343 108.38 139.57
< @F 4151 5342 108.41 139.55
< @F 4152 5341 108.44 139.52
< @F 4153 5340 108.46 139.49
< @F 4154 5339 108.49 139.47
< @F 4155 5338 108.51 139.44
< @F 4156 5337 108.54 139.42
< @F 4157 5336 108.57 139.39
< @F 4158 5335 108.59 139.36
< @F 4159 5334 108.62 139.34
< @F 4160 5333 108.64 139.31
< @F 4161 5332 108.67 139.28
< @F 4162 5331 108.70 139.26
< @F 4163 5330 108.72 139.23
< @F 4164 5329 108.75 139.21
< @F 4165 5328 108.77 139.18
< @F 4166 5327 108.80 139.15
< @F 4167 5326 108.83 139.13
< @F 4168 5325 108.85 139.10
< @F 4169 5324 108.88 139.08
< @F 4170 5323 108.91 139.05
< @F 4171 5322 108.93 139.02
< @F 4172 5321 108.96 139.00
< @F 4173 5320 108.98 138.97
< @F 4174 5319 109.01 138.95
< @F 4175 5318 109.04 138.92
< @F 4176 5317 109.06 138.89
< @F 4177 5316 109.09 138.87
< @F 4178 5315 109.11 138.84
< @F 4179 5314 109.14 138.81
< @F 4180 5313 109.17 138.79
< @F 4181 5312 109.19 138.76
< @F 4182 5311 109.22 138.74
< @F 4183 5310 109.25 138.71
< @F 4184 5309 109.27 138.68
< @F 4185 5308 109.30 138.66
< @F 4186 5307 109.32 138.63
< @F 4187 5306 109.35 138.61
< @F 4188 5305 109.38 138.58
< @F 4189 5304 109.40 138.55
< @F 4190 5303 109.43 138.53
< @F 4191 5302 109.45 138.50
< @F 4192 5301 109.48 138.48
< @F 4193 5300 109.51 138.45
< @F 4194 5299 109.53 138.42
< @F 4195 5298 109.56 138.40
< @F 4196 5297 109.58 138.37
< @F 4197 5296 109.61 138.34
< @F 4198 5295 109.64 138.32
< @F 4199 5294 109.66 138.29
< @F 4200 5293 109.69 138.27
< @F 4201 5292 109.72 138.24
< @F 4202 5291 109.74 138.21
< @F 4203 5290 109.77 138.19
< @F 4204 5289 109.79 138.16
< @F 4205 5288 109.82 138.14
< @F 4206 5287 109.85 138.11
< @F 4207 5286 109.87 138.08
< @F 4208 5285 109.90 138.06
< @F 4209 5284 109.92 138.03
< @F 4210 5283 109.95 138.00
< @F 4211 5282 109.98 137.98
< @F 4212 5281 110.00 137.95
< @F 4213 5280 110.03 137.93
< @F 4214 5279 110.05 137.90
< @F 4215 5278 110.08 137.87
< @F 4216 5277 110.11 137.85
< @F 4217 5276 110.13 137.82
< @F 4218 5275 110.16 137.80
< @F 4219 5274 110.19 137.77
< @F 4220 5273 110.21 137.74
< @F 4221 5272 110.24 137.72
< @F 4222 5271 110.26 137.69
< @F 4223 5270 110.29 137.67
< @F 4224 5269 110.32 137.64
< @F 4225 5268 110.34 137.61
< @F 4226 5267 110.37 137.59
< @F 4227 5266 110.39 137.56
< @F 4228 5265 110.42 137.53
< @F 4229 5264 110.45 137.51
< @F 4230 5263 110.47 137.48
< @F 4231 5262 110.50 137.46
< @F 4232 5261 110.53 137.43
< @F 4233 5260 110.55 137.40
< @F 4234 5259 110.58 137.38
< @F 4235 5258 110.60 137.35
< @F 4236 5257 110.63 137.33
< @F 4237 5256 110.66 137.30
< @F 4238 5255 110.68 137.27
< @F 4239 5254 110.71 137.25
< @F 4240 5253 110.73 137.22
< @F 4241 5252 110.76 137.20
< @F 4242 5251 110.79 137.17
< @F 4243 5250 110.81 137.14
< @F 4244 5249 110.84 137.12
< @F 4245 5248 110.86 137.09
< @F 4246 5247 110.89 137.06
< @F 4247 5246 110.92 137.04
< @F 4248 5245 110.94 137.01
< @F 4249 5244 110.97 136.99
< @F 4250 5243 111.00 136.96
< @F 4251 5242 111.02 136.93
< @F 4252 5241 111.05 136.91
< @F 4253 5240 111.07 136.88
< @F 4254 5239 111.10 136.86
< @F 4255 5238 111.13 136.83
< @F 4256 5237 111.15 136.80
< @F 4257 5236 111.18 136.78
< @F 4258 5235 111.20 136.75
< @F 4259 5234 111.23 136.72
< @F 4260 5233 111.26 136.70
< @F 4261 5232 111.28 136.67
< @F 4262 5231 111.31 136.65
< @F 4263 5230 111.33 136.62
< @F 4264 5229 111.36 136.59
< @F 4265 5228 111.39 136.57
< @F 4266 5227 111.41 136.54
< @F 4267 5226 111.44 136.52
< @F 4268 5225 111.47 136.49
< @F 4269 5224 111.49 136.46
< @F 4270 5223 111.52 136.44
< @F 4271 5222 111.54 136.41
< @F 4272 5221 111.57 136.39
< @F 4273 5220 111.60 136.36
< @F 4274 5219 111.62 136.33
< @F 4275 5218 111.65 136.31
< @F 4276 5217 111.67 136.28
< @F 4277 5216 111.70 136.25
< @F 4278 5215 111.73 136.23
< @F 4279 5214 111.75 136.20
< @F 4280 5213 111.78 136.18
< @F 4281 5212 111.81 136.15
< @F 4282 5211 111.83 136.12
< @F 4283 5210 111.86 136.10
< @F 4284 5209 111.88 136.07
< @F 4285 5208 111.91 136.05
< @F 4286 5207 111.94 136.02
< @F 4287 5206 111.96 135.99
< @F 4288 5205 111.99 135.97
< @F 4289 5204 112.01 135.94
< @F 4290 5203 112.04 135.92
< @F 4291 5202 112.07 135.89
< @F 4292 5201 112.09 135.86
< @F 4293 5200 112.12 135.84
< @F 4294 5199 112.14 135.81
< @F 4295 5198 112.17 135.78
< @F 4296 5197 112.20 135.76
< @F 4297 5196 112.22 135.73
< @F 4298 5195 112.25 135.71
< @F 4299 5194 112.28 135.68
< @F 4300 5193 112.30 135.65
< @F 4301 5192 112.33 135.63
< @F 4302 5191 112.35 135.60
< @F 4303 5190 112.38 135.58
< @F 4304 5189 112.41 135.55
< @F 4305 5188 112.43 135.52
< @F 4306 5187 112.46 135.50
< @F 4307 5186 112.48 135.47
< @F 4308 5185 112.51 135.44
< @F 4309 5184 112.54 135.42
< @F 4310 5183 112.56 135.39
< @F 4311 5182 112.59 135.37
< @F 4312 5181 112.61 135.34
< @F 4313 5180 112.64 135.31
< @F 4314 5179 112.67 135.29
< @F 4315 5178 112.69 135.26
< @F 4316 5177 112.72 135.24
< @F 4317 5176 112.75 135.21
< @F 4318 5175 112.77 135.18
< @F 4319 5174 112.80 135.16
< @F 4320 5173 112.82 135.13
< @F 4321 5172 112.85 135.11
< @F 4322 5171 112.88 135.08
< @F 4323 5170 112.90 135.05
< @F 4324 5169 112.93 135.03
< @F 4325 5168 112.95 135.00
< @F 4326 5167 112.98 134.97
< @F 4327 5166 113.01 134.95
< @F 4328 5165 113.03 134.92
< @F 4329 5164 113.06 134.90
< @F 4330 5163 113.09 134.87
< @F 4331 5162 113.11 134.84
< @F 4332 5161 113.14 134.82
< @F 4333 5160 113.16 134.79
< @F 4334 5159 113.19 134.77
< @F 4335 5158 113.22 134.74
< @F 4336 5157 113.24 134.71
< @F 4337 5156 113.27 134.69
< @F 4338 5155 113.29 134.66
< @F 4339 5154 113.32 134.64
< @F 4340 5153 113.35 134.61
< @F 4341 5152 113.37 134.58
< @F 4342 5151 113.40 134.56
< @F 4343 5150 113.42 134.53
< @F 4344 5149 113.45 134.50
< @F 4345 5148 113.48 134.48
< @F 4346 5147 113.50 134.45
< @F 4347 5146 113.53 134.43
< @F 4348 5145 113.56 134.40
< @F 4349 5144 113.58 134.37
< @F 4350 5143 113.61 134.35
< @F 4351 5142 113.63 134.32
< @F 4352 5141 113.66 134.30
< @F 4353 5140 113.69 134.27
< @F 4354 5139 113.71 134.24
< @F 4355 5138 113.74 134.22
< @F 4356 5137 113.76 134.19
< @F 4357 5136 113.79 134.16
< @F 4358 5135 113.82 134.14
< @F 4359 5134 113.84 134.11
< @F 4360 5133 113.87 134.09
< @F 4361 5132 113.89 134.06
< @F 4362 5131 113.92 134.03
< @F 4363 5130 113.95 134.01
< @F 4364 5129 113.97 133.98
< @F 4365 5128 114.00 133.96
< @F 4366 5127 114.03 133.93
< @F 4367 5126 114.05 133.90
< @F 4368 5125 114.08 133.88
< @F 4369 5124 114.10 133.85
< @F 4370 5123 114.13 133.83
< @F 4371 5122 114.16 133.80
< @F 4372 5121 114.18 133.77
< @F 4373 5120 114.21 133.75
< @F 4374 5119 114.23 133.72
< @F 4375 5118 114.26 133.69
< @F 4376 5117 114.29 133.67
< @F 4377 5116 114.31 133.64
< @F 4378 5115 114.34 133.62
< @F 4379 5114 114.37 133.59
< @F 4380 5113 114.39 133.56
< @F 4381 5112 114.42 133.54
< @F 4382 5111 114.44 133.51
< @F 4383 5110 114.47 133.49
< @F 4384 5109 114.50 133.46
< @F 4385 5108 114.52 133.43
< @F 4386 5107 114.55 133.41
< @F 4387 5106 114.57 133.38
< @F 4388 5105 114.60 133.36
< @F 4389 5104 114.63 133.33
< @F 4390 5103 114.65 133.30
< @F 4391 5102 114.68 133.28
< @F 4392 5101 114.70 133.25
< @F 4393 5100 114.73 133.22
< @F 4394 5099 114.76 133.20
< @F 4395 5098 114.78 133.17
< @F 4396 5097 114.81 133.15
< @F 4397 5096 114.84 133.12
< @F 4398 5095 114.86 133.09
< @F 4399 5094 114.89 133.07
< @F 4400 5093 114.91 133.04
< @F 4401 5092 114.94 133.02
< @F 4402 5091 114.97 132.99
< @F 4403 5090 114.99 132.96
< @F 4404 5089 115.02 132.94
< @F 4405 5088 115.04 132.91
< @F 4406 5087 115.07 132.88
< @F 4407 5086 115.10 132.86
< @F 4408 5085 115.12 132.83
< @F 4409 5084 115.15 132.81
< @F 4410 5083 115.17 132.78
< @F 4411 5082 115.20 132.75
< @F 4412 5081 115.23 132.73
< @F 4413 5080 115.25 132.70
< @F 4414 5079 115.28 132.68
< @F 4415 5078 115.31 132.65
< @F 4416 5077 115.33 132.62
< @F 4417 5076 115.36 132.60
< @F 4418 5075 115.38 132.57
< @F 4419 5074 115.41 132.55
< @F 4420 5073 115.44 132.52
< @F 4421 5072 115.46 132.49
< @F 4422 5071 115.49 132.47
< @F 4423 5070 115.51 132.44
< @F 4424 5069 115.54 132.41
< @F 4425 5068 115.57 132.39
< @F 4426 5067 115.59 132.36
< @F 4427 5066 115.62 132.34
< @F 4428 5065 115.65 132.31
< @F 4429 5064 115.67 132.28
< @F 4430 5063 115.70 132.26
< @F 4431 5062 115.72 132.23
< @F 4432 5061 115.75 132.21
< @F 4433 5060 115.78 132.18
< @F 4434 5059 115.80 132.15
< @F 4435 5058 115.83 132.13
< @F 4436 5057 115.85 132.10
< @F 4437 5056 115.88 132.08
< @F 4438 5055 115.91 132.05
< @F 4439 5054 115.93 132.02
< @F 4440 5053 115.96 132.00
< @F 4441 5052 115.98 131.97
< @F 4442 5051 116.01 131.94
< @F 4443 5050 116.04 131.92
< @F 4444 5049 116.06 131.89
< @F 4445 5048 116.09 131.87
< @F 4446 5047 116.12 131.84
< @F 4447 5046 116.14 131.81
< @F 4448 5045 116.17 131.79
< @F 4449 5044 116.19 131.76
< @F 4450 5043 116.22 131.74
< @F 4451 5042 116.25 131.71
< @F 4452 5041 116.27 131.68
< @F 4453 5040 116.30 131.66
< @F 4454 5039 116.32 131.63
< @F 4455 5038 116.35 131.60
< @F 4456 5037 116.38 131.58
< @F 4457 5036 116.40 131.55
< @F 4458 5035 116.43 131.53
< @F 4459 5034 116.45 131.50
< @F 4460 5033 116.48 131.47
< @F 4461 5032 116.51 131.45
< @F 4462 5031 116.53 131.42
< @F 4463 5030 116.56 131.40
< @F 4464 5029 116.59 131.37
< @F 4465 5028 116.61 131.34
< @F 4466 5027 116.64 131.32
< @F 4467 5026 116.66 131.29
< @F 4468 5025 116.69 131.27
< @F 4469 5024 116.72 131.24
< @F 4470 5023 116.74 131.21
< @F 4471 5022 116.77 131.19
< @F 4472 5021 116.79 131.16
< @F 4473 5020 116.82 131.13
< @F 4474 5019 116.85 131.11
< @F 4475 5018 116.87 131.08
< @F 4476 5017 116.90 131.06
< @F 4477 5016 116.93 131.03
< @F 4478 5015 116.95 131.00
< @F 4479 5014 116.98 130.98
< @F 4480 5013 117.00 130.95
< @F 4481 5012 117.03 130.93
< @F 4482 5011 117.06 130.90
< @F 4483 5010 117.08 130.87
< @F 4484 5009 117.11 130.85
< @F 4485 5008 117.13 130.82
< @F 4486 5007 117.16 130.80
< @F 4487 5006 117.19 130.77
< @F 4488 5005 117.21 130.74
< @F 4489 5004 117.24 130.72
< @F 4490 5003 117.26 130.69
< @F 4491 5002 117.29 130.66
< @F 4492 5001 117.32 130.64
< @F 4493 5000 117.34 130.61
< @F 4494 4999 117.37 130.59
< @F 4495 4998 117.40 130.56
< @F 4496 4997 117.42 130.53
< @F 4497 4996 117.45 130.51
< @F 4498 4995 117.47 130.48
< @F 4499 4994 117.50 130.46
< @F 4500 4993 117.53 130.43
< @F 4501 4992 117.55 130.40
< @F 4502 4991 117.58 130.38
< @F 4503 4990 117.60 130.35
< @F 4504 4989 117.63 130.32
< @F 4505 4988 117.66 130.30
< @F 4506 4987 117.68 130.27
< @F 4507 4986 117.71 130.25
< @F 4508 4985 117.73 130.22
< @F 4509 4984 117.76 130.19
< @F 4510 4983 117.79 130.17
< @F 4511 4982 117.81 130.14
< @F 4512 4981 117.84 130.12
< @F 4513 4980 117.87 130.09
< @F 4514 4979 117.89 130.06
< @F 4515 4978 117.92 130.04
< @F 4516 4977 117.94 130.01
< @F 4517 4976 117.97 129.99
< @F 4518 4975 118.00 129.96
< @F 4519 4974 118.02 129.93
< @F 4520 4973 118.05 129.91
< @F 4521 4972 118.07 129.88
< @F 4522 4971 118.10 129.85
< @F 4523 4970 118.13 129.83
< @F 4524 4969 118.15 129.80
< @F 4525 4968 118.18 129.78
< @F 4526 4967 118.21 129.75
< @F 4527 4966 118.23 129.72
< @F 4528 4965 118.26 129.70
< @F 4529 4964 118.28 129.67
< @F 4530 4963 118.31 129.65
< @F 4531 4962 118.34 129.62
< @F 4532 4961 118.36 129.59
< @F 4533 4960 118.39 129.57
< @F 4534 4959 118.41 129.54
< @F 4535 4958 118.44 129.52
< @F 4536 4957 118.47 129.49
< @F 4537 4956 118.49 129.46
< @F 4538 4955 118.52 129.44
< @F 4539 4954 118.54 129.41
< @F 4540 4953 118.57 129.38
< @F 4541 4952 118.60 129.36
< @F 4542 4951 118.62 129.33
< @F 4543 4950 118.65 129.31
< @F 4544 4949 118.68 129.28
< @F 4545 4948 118.70 129.25
< @F 4546 4947 118.73 129.23
< @F 4547 4946 118.75 129.20
< @F 4548 4945 118.78 129.18
< @F 4549 4944 118.81 129.15
< @F 4550 4943 118.83 129.12
< @F 4551 4942 118.86 129.10
< @F 4552 4941 118.88 129.07
< @F 4553 4940 118.91 129.04
< @F 4554 4939 118.94 129.02
< @F 4555 4938 118.96 128.99
< @F 4556 4937 118.99 128.97
< @F 4557 4936 119.01 128.94
< @F 4558 4935 119.04 128.91
< @F 4559 4934 119.07 128.89
< @F 4560 4933 119.09 128.86
< @F 4561 4932 119.12 128.84
< @F 4562 4931 119.15 128.81
< @F 4563 4930 119.17 128.78
< @F 4564 4929 119.20 128.76
< @F 4565 4928 119.22 128.73
< @F 4566 4927 119.25 128.71
< @F 4567 4926 119.28 128.68
< @F 4568 4925 119.30 128.65
< @F 4569 4924 119.33 128.63
< @F 4570 4923 119.35 128.60
< @F 4571 4922 119.38 128.57
< @F 4572 4921 119.41 128.55
< @F 4573 4920 119.43 128.52
< @F 4574 4919 119.46 128.50
< @F 4575 4918 119.49 128.47
< @F 4576 4917 119.51 128.44
< @F 4577 4916 119.54 128.42
< @F 4578 4915 119.56 128.39
< @F 4579 4914 119.59 128.37
< @F 4580 4913 119.62 128.34
< @F 4581 4912 119.64 128.31
< @F 4582 4911 119.67 128.29
< @F 4583 4910 119.69 128.26
< @F 4584 4909 119.72 128.24
< @F 4585 4908 119.75 128.21
< @F 4586 4907 119.77 128.18
< @F 4587 4906 119.80 128.16
< @F 4588 4905 119.82 128.13
< @F 4589 4904 119.85 128.10
< @F 4590 4903 119.88 128.08
< @F 4591 4902 119.90 128.05
< @F 4592 4901 119.93 128.03
< @F 4593 4900 119.96 128.00
< @F 4594 4899 119.98 127.97
< @F 4595 4898 120.01 127.95
< @F 4596 4897 120.03 127.92
< @F 4597 4896 120.06 127.90
< @F 4598 4895 120.09 127.87
< @F 4599 4894 120.11 127.84
< @F 4600 4893 120.14 127.82
< @F 4601 4892 120.16 127.79
< @F 4602 4891 120.19 127.76
< @F 4603 4890 120.22 127.74
< @F 4604 4889 120.24 127.71
< @F 4605 4888 120.27 127.69
< @F 4606 4887 120.29 127.66
< @F 4607 4886 120.32 127.63
< @F 4608 4885 120.35 127.61
< @F 4609 4884 120.37 127.58
< @F 4610 4883 120.40 127.56
< @F 4611 4882 120.43 127.53
< @F 4612 4881 120.45 127.50
< @F 4613 4880 120.48 127.48
< @F 4614 4879 120.50 127.45
< @F 4615 4878 120.53 127.43
< @F 4616 4877 120.56 127.40
< @F 4617 4876 120.58 127.37
< @F 4618 4875 120.61 127.35
< @F 4619 4874 120.63 127.32
< @F 4620 4873 120.66 127.29
< @F 4621 4872 120.69 127.27
< @F 4622 4871 120.71 127.24
< @F 4623 4870 120.74 127.22
< @F 4624 4869 120.77 127.19
< @F 4625 4868 120.79 127.16
< @F 4626 4867 120.82 127.14
< @F 4627 4866 120.84 127.11
< @F 4628 4865 120.87 127.09
< @F 4629 4864 120.90 127.06
< @F 4630 4863 120.92 127.03
< @F 4631 4862 120.95 127.01
< @F 4632 4861 120.97 126.98
< @F 4633 4860 121.00 126.96
< @F 4634 4859 121.03 126.93
< @F 4635 4858 121.05 126.90
< @F 4636 4857 121.08 126.88
< @F 4637 4856 121.10 126.85
< @F 4638 4855 121.13 126.82
< @F 4639 4854 121.16 126.80
< @F 4640 4853 121.18 126.77
< @F 4641 4852 121.21 126.75
< @F 4642 4851 121.24 126.72
< @F 4643 4850 121.26 126.69
< @F 4644 4849 121.29 126.67
< @F 4645 4848 121.31 126.64
< @F 4646 4847 121.34 126.62
< @F 4647 4846 121.37 126.59
< @F 4648 4845 121.39 126.56
< @F 4649 4844 121.42 126.54
< @F 4650 4843 121.44 126.51
< @F 4651 4842 121.47 126.48
< @F 4652 4841 121.50 126.46
< @F 4653 4840 121.52 126.43
< @F 4654 4839 121.55 126.41
< @F 4655 4838 121.57 126.38
< @F 4656 4837 121.60 126.35
< @F 4657 4836 121.63 126.33
< @F 4658 4835 121.65 126.30
< @F 4659 4834 121.68 126.28
< @F 4660 4833 121.71 126.25
< @F 4661 4832 121.73 126.22
< @F 4662 4831 121.76 126.20
< @F 4663 4830 121.78 126.17
< @F 4664 4829 121.81 126.15
< @F 4665 4828 121.84 126.12
< @F 4666 4827 121.86 126.09
< @F 4667 4826 121.89 126.07
< @F 4668 4825 121.91 126.04
< @F 4669 4824 121.94 126.01
< @F 4670 4823 121.97 125.99
< @F 4671 4822 121.99 125.96
< @F 4672 4821 122.02 125.94
< @F 4673 4820 122.05 125.91
< @F 4674 4819 122.07 125.88
< @F 4675 4818 122.10 125.86
< @F 4676 4817 122.12 125.83
< @F 4677 4816 122.15 125.81
< @F 4678 4815 122.18 125.78
< @F 4679 4814 122.20 125.75
< @F 4680 4813 122.23 125.73
< @F 4681 4812 122.25 125.70
< @F 4682 4811 122.28 125.68
< @F 4683 4810 122.31 125.65
< @F 4684 4809 122.33 125.62
< @F 4685 4808 122.36 125.60
< @F 4686 4807 122.38 125.57
< @F 4687 4806 122.41 125.54
< @F 4688 4805 122.44 125.52
< @F 4689 4804 122.46 125.49
< @F 4690 4803 122.49 125.47
< @F 4691 4802 122.52 125.44
< @F 4692 4801 122.54 125.41
< @F 4693 4800 122.57 125.39
< @F 4694 4799 122.59 125.36
< @F 4695 4798 122.62 125.34
< @F 4696 4797 122.65 125.31
< @F 4697 4796 122.67 125.28
< @F 4698 4795 122.70 125.26
< @F 4699 4794 122.72 125.23
< @F 4700 4793 122.75 125.20
< @F 4701 4792 122.78 125.18
< @F 4702 4791 122.80 125.15
< @F 4703 4790 122.83 125.13
< @F 4704 4789 122.85 125.10
< @F 4705 4788 122.88 125.07
< @F 4706 4787 122.91 125.05
< @F 4707 4786 122.93 125.02
< @F 4708 4785 122.96 125.00
< @F 4709 4784 122.99 124.97
< @F 4710 4783 123.01 124.94
< @F 4711 4782 123.04 124.92
< @F 4712 4781 123.06 124.89
< @F 4713 4780 123.09 124.87
< @F 4714 4779 123.12 124.84
< @F 4715 4778 123.14 124.81
< @F 4716 4777 123.17 124.79
< @F 4717 4776 123.19 124.76
< @F 4718 4775 123.22 124.73
< @F 4719 4774 123.25 124.71
< @F 4720 4773 123.27 124.68
< @F 4721 4772 123.30 124.66
< @F 4722 4771 123.33 124.63
< @F 4723 4770 123.35 124.60
< @F 4724 4769 123.38 124.58
< @F 4725 4768 123.40 124.55
< @F 4726 4767 123.43 124.53
< @F 4727 4766 123.46 124.50
< @F 4728 4765 123.48 124.47
< @F 4729 4764 123.51 124.45
< @F 4730 4763 123.53 124.42
< @F 4731 4762 123.56 124.40
< @F 4732 4761 123.59 124.37
< @F 4733 4760 123.61 124.34
< @F 4734 4759 123.64 124.32
< @F 4735 4758 123.66 124.29
< @F 4736 4757 123.69 124.26
< @F 4737 4756 123.72 124.24
< @F 4738 4755 123.74 124.21
< @F 4739 4754 123.77 124.19
< @F 4740 4753 123.80 124.16
< @F 4741 4752 123.82 124.13
< @F 4742 4751 123.85 124.11
< @F 4743 4750 123.87 124.08
< @F 4744 4749 123.90 124.06
< @F 4745 4748 123.93 124.03
< @F 4746 4747 123.95 124.00
< @F 4747 4746 123.98 123.98
< @F 4748 4745 124.00 123.95
< @F 4749 4744 124.03 123.92
< @F 4750 4743 124.06 123.90
< @F 4751 4742 124.08 123.87
< @F 4752 4741 124.11 123.85
< @F 4753 4740 124.13 123.82
< @F 4754 4739 124.16 123.79
< @F 4755 4738 124.19 123.77
< @F 4756 4737 124.21 123.74
< @F 4757 4736 124.24 123.72
< @F 4758 4735 124.27 123.69
< @F 4759 4734 124.29 123.66
< @F 4760 4733 124.32 123.64
< @F 4761 4732 124.34 123.61
< @F 4762 4731 124.37 123.59
< @F 4763 4730 124.40 123.56
< @F 4764 4729 124.42 123.53
< @F 4765 4728 124.45 123.51
< @F 4766 4727 124.47 123.48
< @F 4767 4726 124.50 123.45
< @F 4768 4725 124.53 123.43
< @F 4769 4724 124.55 123.40
< @F 4770 4723 124.58 123.38
< @F 4771 4722 124.61 123.35
< @F 4772 4721 124.63 123.32
< @F 4773 4720 124.66 123.30
< @F 4774 4719 124.68 123.27
< @F 4775 4718 124.71 123.25
< @F 4776 4717 124.74 123.22
< @F 4777 4716 124.76 123.19
< @F 4778 4715 124.79 123.17
< @F 4779 4714 124.81 123.14
< @F 4780 4713 124.84 123.12
< @F 4781 4712 124.87 123.09
< @F 4782 4711 124.89 123.06
< @F 4783 4710 124.92 123.04
< @F 4784 4709 124.94 123.01
< @F 4785 4708 124.97 122.98
< @F 4786 4707 125.00 122.96
< @F 4787 4706 125.02 122.93
< @F 4788 4705 125.05 122.91
< @F 4789 4704 125.08 122.88
< @F 4790 4703 125.10 122.85
< @F 4791 4702 125.13 122.83
< @F 4792 4701 125.15 122.80
< @F 4793 4700 125.18 122.78
< @F 4794 4699 125.21 122.75
< @F 4795 4698 125.23 122.72
< @F 4796 4697 125.26 122.70
< @F 4797 4696 125.28 122.67
< @F 4798 4695 125.31 122.64
< @F 4799 4694 125.34 122.62
< @F 4800 4693 125.36 122.59
< @F 4801 4692 125.39 122.57
< @F 4802 4691 125.41 122.54
< @F 4803 4690 125.44 122.51
< @F 4804 4689 125.47 122.49
< @F 4805 4688 125.49 122.46
< @F 4806 4687 125.52 122.44
< @F 4807 4686 125.55 122.41
< @F 4808 4685 125.57 122.38
< @F 4809 4684 125.60 122.36
< @F 4810 4683 125.62 122.33
< @F 4811 4682 125.65 122.31
< @F 4812 4681 125.68 122.28
< @F 4813 4680 125.70 122.25
< @F 4814 4679 125.73 122.23
< @F 4815 4678 125.75 122.20
< @F 4816 4677 125.78 122.17
< @F 4817 4676 125.81 122.15
< @F 4818 4675 125.83 122.12
< @F 4819 4674 125.86 122.10
< @F 4820 4673 125.89 122.07
< @F 4821 4672 125.91 122.04
< @F 4822 4671 125.94 122.02
< @F 4823 4670 125.96 121.99
< @F 4824 4669 125.99 121.97
< @F 4825 4668 126.02 121.94
< @F 4826 4667 126.04 121.91
< @F 4827 4666 126.07 121.89
< @F 4828 4665 126.09 121.86
< @F 4829 4664 126.12 121.84
< @F 4830 4663 126.15 121.81
< @F 4831 4662 126.17 121.78
< @F 4832 4661 126.20 121.76
< @F 4833 4660 126.22 121.73
< @F 4834 4659 126.25 121.70
< @F 4835 4658 126.28 121.68
< @F 4836 4657 126.30 121.65
< @F 4837 4656 126.33 121.63
< @F 4838 4655 126.36 121.60
< @F 4839 4654 126.38 121.57
< @F 4840 4653 126.41 121.55
< @F 4841 4652 126.43 121.52
< @F 4842 4651 126.46 121.50
< @F 4843 4650 126.49 121.47
< @F 4844 4649 126.51 121.44
< @F 4845 4648 126.54 121.42
< @F 4846 4647 126.56 121.39
< @F 4847 4646 126.59 121.36
< @F 4848 4645 126.62 121.34
< @F 4849 4644 126.64 121.31
< @F 4850 4643 126.67 121.29
< @F 4851 4642 126.69 121.26
< @F 4852 4641 126.72 121.23
< @F 4853 4640 126.75 121.21
< @F 4854 4639 126.77 121.18
< @F 4855 4638 126.80 121.16
< @F 4856 4637 126.83 121.13
< @F 4857 4636 126.85 121.10
< @F 4858 4635 126.88 121.08
< @F 4859 4634 126.90 121.05
< @F 4860 4633 126.93 121.03
< @F 4861 4632 126.96 121.00
< @F 4862 4631 126.98 120.97
< @F 4863 4630 127.01 120.95
< @F 4864 4629 127.03 120.92
< @F 4865 4628 127.06 120.89
< @F 4866 4627 127.09 120.87
< @F 4867 4626 127.11 120.84
< @F 4868 4625 127.14 120.82
< @F 4869 4624 127.17 120.79
< @F 4870 4623 127.19 120.76
< @F 4871 4622 127.22 120.74
< @F 4872 4621 127.24 120.71
< @F 4873 4620 127.27 120.69
< @F 4874 4619 127.30 120.66
< @F 4875 4618 127.32 120.63
< @F 4876 4617 127.35 120.61
< @F 4877 4616 127.37 120.58
< @F 4878 4615 127.40 120.56
< @F 4879 4614 127.43 120.53
< @F 4880 4613 127.45 120.50
< @F 4881 4612 127.48 120.48
< @F 4882 4611 127.50 120.45
< @F 4883 4610 127.53 120.42
< @F 4884 4609 127.56 120.40
< @F 4885 4608 127.58 120.37
< @F 4886 4607 127.61 120.35
< @F 4887 4606 127.64 120.32
< @F 4888 4605 127.66 120.29
< @F 4889 4604 127.69 120.27
< @F 4890 4603 127.71 120.24
< @F 4891 4602 127.74 120.22
< @F 4892 4601 127.77 120.19
< @F 4893 4600 127.79 120.16
< @F 4894 4599 127.82 120.14
< @F 4895 4598 127.84 120.11
< @F 4896 4597 127.87 120.08
< @F 4897 4596 127.90 120.06
< @F 4898 4595 127.92 120.03
< @F 4899 4594 127.95 120.01
< @F 4900 4593 127.97 119.98
< @F 4901 4592 128.00 119.95
< @F 4902 4591 128.03 119.93
< @F 4903 4590 128.05 119.90
< @F 4904 4589 128.08 119.88
< @F 4905 4588 128.11 119.85
< @F 4906 4587 128.13 119.82
< @F 4907 4586 128.16 119.80
< @F 4908 4585 128.18 119.77
< @F 4909 4584 128.21 119.75
< @F 4910 4583 128.24 119.72
< @F 4911 4582 128.26 119.69
< @F 4912 4581 128.29 119.67
< @F 4913 4580 128.31 119.64
< @F 4914 4579 128.34 119.61
< @F 4915 4578 128.37 119.59
< @F 4916 4577 128.39 119.56
< @F 4917 4576 128.42 119.54
< @F 4918 4575 128.45 119.51
< @F 4919 4574 128.47 119.48
< @F 4920 4573 128.50 119.46
< @F 4921 4572 128.52 119.43
< @F 4922 4571 128.55 119.41
< @F 4923 4570 128.58 119.38
< @F 4924 4569 128.60 119.35
< @F 4925 4568 128.63 119.33
< @F 4926 4567 128.65 119.30
< @F 4927 4566 128.68 119.28
< @F 4928 4565 128.71 119.25
< @F 4929 4564 128.73 119.22
< @F 4930 4563 128.76 119.20
< @F 4931 4562 128.78 119.17
< @F 4932 4561 128.81 119.14
< @F 4933 4560 128.84 119.12
< @F 4934 4559 128.86 119.09
< @F 4935 4558 128.89 119.07
< @F 4936 4557 128.92 119.04
< @F 4937 4556 128.94 119.01
< @F 4938 4555 128.97 118.99
< @F 4939 4554 128.99 118.96
< @F 4940 4553 129.02 118.94
< @F 4941 4552 129.05 118.91
< @F 4942 4551 129.07 118.88
< @F 4943 4550 129.10 118.86
< @F 4944 4549 129.12 118.83
< @F 4945 4548 129.15 118.80
< @F 4946 4547 129.18 118.78
< @F 4947 4546 129.20 118.75
< @F 4948 4545 129.23 118.73
< @F 4949 4544 129.25 118.70
< @F 4950 4543 129.28 118.67
< @F 4951 4542 129.31 118.65
< @F 4952 4541 129.33 118.62
< @F 4953 4540 129.36 118.60
< @F 4954 4539 129.39 118.57
< @F 4955 4538 129.41 118.54
< @F 4956 4537 129.44 118.52
< @F 4957 4536 129.46 118.49
< @F 4958 4535 129.49 118.47
< @F 4959 4534 129.52 118.44
< @F 4960 4533 129.54 118.41
< @F 4961 4532 129.57 118.39
< @F 4962 4531 129.59 118.36
< @F 4963 4530 129.62 118.33
< @F 4964 4529 129.65 118.31
< @F 4965 4528 129.67 118.28
< @F 4966 4527 129.70 118.26
< @F 4967 4526 129.73 118.23
< @F 4968 4525 129.75 118.20
< @F 4969 4524 129.78 118.18
< @F 4970 4523 129.80 118.15
< @F 4971 4522 129.83 118.13
< @F 4972 4521 129.86 118.10
< @F 4973 4520 129.88 118.07
< @F 4974 4519 129.91 118.05
< @F 4975 4518 129.93 118.02
< @F 4976 4517 129.96 118.00
< @F 4977 4516 129.99 117.97
< @F 4978 4515 130.01 117.94
< @F 4979 4514 130.04 117.92
< @F 4980 4513 130.06 117.89
< @F 4981 4512 130.09 117.86
< @F 4982 4511 130.12 117.84
< @F 4983 4510 130.14 117.81
< @F 4984 4509 130.17 117.79
< @F 4985 4508 130.20 117.76
< @F 4986 4507 130.22 117.73
< @F 4987 4506 130.25 117.71
< @F 4988 4505 130.27 117.68
< @F 4989 4504 130.30 117.66
< @F 4990 4503 130.33 117.63
< @F 4991 4502 130.35 117.60
< @F 4992 4501 130.38 117.58
< @F 4993 4500 130.40 117.55
< @F 4994 4499 130.43 117.52
< @F 4995 4498 130.46 117.50
< @F 4996 4497 130.48 117.47
< @F 4997 4496 130.51 117.45
< @F 4998 4495 130.53 117.42
< @F 4999 4494 130.56 117.39
< @F 5000 4493 130.59 117.37
< @F 5001 4492 130.61 117.34
< @F 5002 4491 130.64 117.32
< @F 5003 4490 130.67 117.29
< @F 5004 4489 130.69 117.26
< @F 5005 4488 130.72 117.24
< @F 5006 4487 130.74 117.21
< @F 5007 4486 130.77 117.19
< @F 5008 4485 130.80 117.16
< @F 5009 4484 130.82 117.13
< @F 5010 4483 130.85 117.11
< @F 5011 4482 130.87 117.08
< @F 5012 4481 130.90 117.05
< @F 5013 4480 130.93 117.03
< @F 5014 4479 130.95 117.00
< @F 5015 4478 130.98 116.98
< @F 5016 4477 131.01 116.95
< @F 5017 4476 131.03 116.92
< @F 5018 4475 131.06 116.90
< @F 5019 4474 131.08 116.87
< @F 5020 4473 131.11 116.85
< @F 5021 4472 131.14 116.82
< @F 5022 4471 131.16 116.79
< @F 5023 4470 131.19 116.77
< @F 5024 4469 131.21 116.74
< @F 5025 4468 131.24 116.72
< @F 5026 4467 131.27 116.69
< @F 5027 4466 131.29 116.66
< @F 5028 4465 131.32 116.64
< @F 5029 4464 131.34 116.61
< @F 5030 4463 131.37 116.58
< @F 5031 4462 131.40 116.56
< @F 5032 4461 131.42 116.53
< @F 5033 4460 131.45 116.51
< @F 5034 4459 131.48 116.48
< @F 5035 4458 131.50 116.45
< @F 5036 4457 131.53 116.43
< @F 5037 4456 131.55 116.40
< @F 5038 4455 131.58 116.38
< @F 5039 4454 131.61 116.35
< @F 5040 4453 131.63 116.32
< @F 5041 4452 131.66 116.30
< @F 5042 4451 131.68 116.27
< @F 5043 4450 131.71 116.24
< @F 5044 4449 131.74 116.22
< @F 5045 4448 131.76 116.19
< @F 5046 4447 131.79 116.17
< @F 5047 4446 131.81 116.14
< @F 5048 4445 131.84 116.11
< @F 5049 4444 131.87 116.09
< @F 5050 4443 131.89 116.06
< @F 5051 4442 131.92 116.04
< @F 5052 4441 131.95 116.01
< @F 5053 4440 131.97 115.98
< @F 5054 4439 132.00 115.96
< @F 5055 4438 132.02 115.93
< @F 5056 4437 132.05 115.91
< @F 5057 4436 132.08 115.88
< @F 5058 4435 132.10 115.85
< @F 5059 4434 132.13 115.83
< @F 5060 4433 132.15 115.80
< @F 5061 4432 132.18 115.77
< @F 5062 4431 132.21 115.75
< @F 5063 4430 132.23 115.72
< @F 5064 4429 132.26 115.70
< @F 5065 4428 132.29 115.67
< @F 5066 4427 132.31 115.64
< @F 5067 4426 132.34 115.62
< @F 5068 4425 132.36 115.59
< @F 5069 4424 132.39 115.57
< @F 5070 4423 132.42 115.54
< @F 5071 4422 132.44 115.51
< @F 5072 4421 132.47 115.49
< @F 5073 4420 132.49 115.46
< @F 5074 4419 132.52 115.44
< @F 5075 4418 132.55 115.41
< @F 5076 4417 132.57 115.38
< @F 5077 4416 132.60 115.36
< @F 5078 4415 132.62 115.33
< @F 5079 4414 132.65 115.30
< @F 5080 4413 132.68 115.28
< @F 5081 4412 132.70 115.25
< @F 5082 4411 132.73 115.23
< @F 5083 4410 132.76 115.20
< @F 5084 4409 132.78 115.17
< @F 5085 4408 132.81 115.15
< @F 5086 4407 132.83 115.12
< @F 5087 4406 132.86 115.10
< @F 5088 4405 132.89 115.07
< @F 5089 4404 132.91 115.04
< @F 5090 4403 132.94 115.02
< @F 5091 4402 132.96 114.99
< @F 5092 4401 132.99 114.96
< @F 5093 4400 133.02 114.94
< @F 5094 4399 133.04 114.91
< @F 5095 4398 133.07 114.89
< @F 5096 4397 133.09 114.86
< @F 5097 4396 133.12 114.83
< @F 5098 4395 133.15 114.81
< @F 5099 4394 133.17 114.78
< @F 5100 4393 133.20 114.76
< @F 5101 4392 133.23 114.73
< @F 5102 4391 133.25 114.70
< @F 5103 4390 133.28 114.68
< @F 5104 4389 133.30 114.65
< @F 5105 4388 133.33 114.63
< @F 5106 4387 133.36 114.60
< @F 5107 4386 133.38 114.57
< @F 5108 4385 133.41 114.55
< @F 5109 4384 133.43 114.52
< @F 5110 4383 133.46 114.49
< @F 5111 4382 133.49 114.47
< @F 5112 4381 133.51 114.44
< @F 5113 4380 133.54 114.42
< @F 5114 4379 133.57 114.39
< @F 5115 4378 133.59 114.36
< @F 5116 4377 133.62 114.34
< @F 5117 4376 133.64 114.31
< @F 5118 4375 133.67 114.29
< @F 5119 4374 133.70 114.26
< @F 5120 4373 133.72 114.23
< @F 5121 4372 133.75 114.21
< @F 5122 4371 133.77 114.18
< @F 5123 4370 133.80 114.16
< @F 5124 4369 133.83 114.13
< @F 5125 4368 133.85 114.10
< @F 5126 4367 133.88 114.08
< @F 5127 4366 133.90 114.05
< @F 5128 4365 133.93 114.02
< @F 5129 4364 133.96 114.00
< @F 5130 4363 133.98 113.97
< @F 5131 4362 134.01 113.95
< @F 5132 4361 134.04 113.92
< @F 5133 4360 134.06 113.89
< @F 5134 4359 134.09 113.87
< @F 5135 4358 134.11 113.84
< @F 5136 4357 134.14 113.82
< @F 5137 4356 134.17 113.79
< @F 5138 4355 134.19 113.76
< @F 5139 4354 134.22 113.74
< @F 5140 4353 134.24 113.71
< @F 5141 4352 134.27 113.68
< @F 5142 4351 134.30 113.66
< @F 5143 4350 134.32 113.63
< @F 5144 4349 134.35 113.61
< @F 5145 4348 134.37 113.58
< @F 5146 4347 134.40 113.55
< @F 5147 4346 134.43 113.53
< @F 5148 4345 134.45 113.50
< @F 5149 4344 134.48 113.48
< @F 5150 4343 134.51 113.45
< @F 5151 4342 134.53 113.42
< @F 5152 4341 134.56 113.40
< @F 5153 4340 134.58 113.37
< @F 5154 4339 134.61 113.35
< @F 5155 4338 134.64 113.32
< @F 5156 4337 134.66 113.29
< @F 5157 4336 134.69 113.27
< @F 5158 4335 134.71 113.24
< @F 5159 4334 134.74 113.21
< @F 5160 4333 134.77 113.19
< @F 5161 4332 134.79 113.16
< @F 5162 4331 134.82 113.14
< @F 5163 4330 134.85 113.11
< @F 5164 4329 134.87 113.08
< @F 5165 4328 134.90 113.06
< @F 5166 4327 134.92 113.03
< @F 5167 4326 134.95 113.01
< @F 5168 4325 134.98 112.98
< @F 5169 4324 135.00 112.95
< @F 5170 4323 135.03 112.93
< @F 5171 4322 135.05 112.90
< @F 5172 4321 135.08 112.88
< @F 5173 4320 135.11 112.85
< @F 5174 4319 135.13 112.82
< @F 5175 4318 135.16 112.80
< @F 5176 4317 135.18 112.77
< @F 5177 4316 135.21 112.74
< @F 5178 4315 135.24 112.72
< @F 5179 4314 135.26 112.69
< @F 5180 4313 135.29 112.67
< @F 5181 4312 135.32 112.64
< @F 5182 4311 135.34 112.61
< @F 5183 4310 135.37 112.59
< @F 5184 4309 135.39 112.56
< @F 5185 4308 135.42 112.54
< @F 5186 4307 135.45 112.51
< @F 5187 4306 135.47 112.48
< @F 5188 4305 135.50 112.46
< @F 5189 4304 135.52 112.43
< @F 5190 4303 135.55 112.40
< @F 5191 4302 135.58 112.38
< @F 5192 4301 135.60 112.35
< @F 5193 4300 135.63 112.33
< @F 5194 4299 135.65 112.30
< @F 5195 4298 135.68 112.27
< @F 5196 4297 135.71 112.25
< @F 5197 4296 135.73 112.22
< @F 5198 4295 135.76 112.20
< @F 5199 4294 135.79 112.17
< @F 5200 4293 135.81 112.14
< @F 5201 4292 135.84 112.12
< @F 5202 4291 135.86 112.09
< @F 5203 4290 135.89 112.07
< @F 5204 4289 135.92 112.04
< @F 5205 4288 135.94 112.01
< @F 5206 4287 135.97 111.99
< @F 5207 4286 135.99 111.96
< @F 5208 4285 136.02 111.93
< @F 5209 4284 136.05 111.91
< @F 5210 4283 136.07 111.88
< @F 5211 4282 136.10 111.86
< @F 5212 4281 136.13 111.83
< @F 5213 4280 136.15 111.80
< @F 5214 4279 136.18 111.78
< @F 5215 4278 136.20 111.75
< @F 5216 4277 136.23 111.73
< @F 5217 4276 136.26 111.70
< @F 5218 4275 136.28 111.67
< @F 5219 4274 136.31 111.65
< @F 5220 4273 136.33 111.62
< @F 5221 4272 136.36 111.60
< @F 5222 4271 136.39 111.57
< @F 5223 4270 136.41 111.54
< @F 5224 4269 136.44 111.52
< @F 5225 4268 136.46 111.49
< @F 5226 4267 136.49 111.46
< @F 5227 4266 136.52 111.44
< @F 5228 4265 136.54 111.41
< @F 5229 4264 136.57 111.39
< @F 5230 4263 136.60 111.36
< @F 5231 4262 136.62 111.33
< @F 5232 4261 136.65 111.31
< @F 5233 4260 136.67 111.28
< @F 5234 4259 136.70 111.26
< @F 5235 4258 136.73 111.23
< @F 5236 4257 136.75 111.20
< @F 5237 4256 136.78 111.18
< @F 5238 4255 136.80 111.15
< @F 5239 4254 136.83 111.12
< @F 5240 4253 136.86 111.10
< @F 5241 4252 136.88 111.07
< @F 5242 4251 136.91 111.05
< @F 5243 4250 136.93 111.02
< @F 5244 4249 136.96 110.99
< @F 5245 4248 136.99 110.97
< @F 5246 4247 137.01 110.94
< @F 5247 4246 137.04 110.92
< @F 5248 4245 137.07 110.89
< @F 5249 4244 137.09 110.86
< @F 5250 4243 137.12 110.84
< @F 5251 4242 137.14 110.81
< @F 5252 4241 137.17 110.79
< @F 5253 4240 137.20 110.76
< @F 5254 4239 137.22 110.73
< @F 5255 4238 137.25 110.71
< @F 5256 4237 137.27 110.68
< @F 5257 4236 137.30 110.65
< @F 5258 4235 137.33 110.63
< @F 5259 4234 137.35 110.60
< @F 5260 4233 137.38 110.58
< @F 5261 4232 137.41 110.55
< @F 5262 4231 137.43 110.52
< @F 5263 4230 137.46 110.50
< @F 5264 4229 137.48 110.47
< @F 5265 4228 137.51 110.45
< @F 5266 4227 137.54 110.42
< @F 5267 4226 137.56 110.39
< @F 5268 4225 137.59 110.37
< @F 5269 4224 137.61 110.34
< @F 5270 4223 137.64 110.32
< @F 5271 4222 137.67 110.29
< @F 5272 4221 137.69 110.26
< @F 5273 4220 137.72 110.24
< @F 5274 4219 137.74 110.21
< @F 5275 4218 137.77 110.18
< @F 5276 4217 137.80 110.16
< @F 5277 4216 137.82 110.13
< @F 5278 4215 137.85 110.11
< @F 5279 4214 137.88 110.08
< @F 5280 4213 137.90 110.05
< @F 5281 4212 137.93 110.03
< @F 5282 4211 137.95 110.00
< @F 5283 4210 137.98 109.98
< @F 5284 4209 138.01 109.95
< @F 5285 4208 138.03 109.92
< @F 5286 4207 138.06 109.90
< @F 5287 4206 138.08 109.87
< @F 5288 4205 138.11 109.84
< @F 5289 4204 138.14 109.82
< @F 5290 4203 138.16 109.79
< @F 5291 4202 138.19 109.77
< @F 5292 4201 138.21 109.74
< @F 5293 4200 138.24 109.71
< @F 5294 4199 138.27 109.69
< @F 5295 4198 138.29 109.66
< @F 5296 4197 138.32 109.64
< @F 5297 4196 138.35 109.61
< @F 5298 4195 138.37 109.58
< @F 5299 4194 138.40 109.56
< @F 5300 4193 138.42 109.53
< @F 5301 4192 138.45 109.51
< @F 5302 4191 138.48 109.48
< @F 5303 4190 138.50 109.45
< @F 5304 4189 138.53 109.43
< @F 5305 4188 138.55 109.40
< @F 5306 4187 138.58 109.37
< @F 5307 4186 138.61 109.35
< @F 5308 4185 138.63 109.32
< @F 5309 4184 138.66 109.30
< @F 5310 4183 138.69 109.27
< @F 5311 4182 138.71 109.24
< @F 5312 4181 138.74 109.22
< @F 5313 4180 138.76 109.19
< @F 5314 4179 138.79 109.17
< @F 5315 4178 138.82 109.14
< @F 5316 4177 138.84 109.11
< @F 5317 4176 138.87 109.09
< @F 5318 4175 138.89 109.06
< @F 5319 4174 138.92 109.04
< @F 5320 4173 138.95 109.01
< @F 5321 4172 138.97 108.98
< @F 5322 4171 139.00 108.96
< @F 5323 4170 139.02 108.93
< @F 5324 4169 139.05 108.90
< @F 5325 4168 139.08 108.88
< @F 5326 4167 139.10 108.85
< @F 5327 4166 139.13 108.83
< @F 5328 4165 139.16 108.80
< @F 5329 4164 139.18 108.77
< @F 5330 4163 139.21 108.75
< @F 5331 4162 139.23 108.72
< @F 5332 4161 139.26 108.70
< @F 5333 4160 139.29 108.67
< @F 5334 4159 139.31 108.64
< @F 5335 4158 139.34 108.62
< @F 5336 4157 139.36 108.59
< @F 5337 4156 139.39 108.56
< @F 5338 4155 139.42 108.54
< @F 5339 4154 139.44 108.51
< @F 5340 4153 139.47 108.49
< @F 5341 4152 139.49 108.46
< @F 5342 4151 139.52 108.43
< @F 5343 4150 139.55 108.41
< @F 5344 4149 139.57 108.38
< @F 5345 4148 139.60 108.36
< @F 5346 4147 139.63 108.33
< @F 5347 4146 139.65 108.30
< @F 5348 4145 139.68 108.28
< @F 5349 4144 139.70 108.25
< @F 5350 4143 139.73 108.23
< @F 5351 4142 139.76 108.20
< @F 5352 4141 139.78 108.17
< @F 5353 4140 139.81 108.15
< @F 5354 4139 139.83 108.12
< @F 5355 4138 139.86 108.09
< @F 5356 4137 139.89 108.07
< @F 5357 4136 139.91 108.04
< @F 5358 4135 139.94 108.02
< @F 5359 4134 139.97 107.99
< @F 5360 4133 139.99 107.96
< @F 5361 4132 140.02 107.94
< @F 5362 4131 140.04 107.91
< @F 5363 4130 140.07 107.89
< @F 5364 4129 140.10 107.86
< @F 5365 4128 140.12 107.83
< @F 5366 4127 140.15 107.81
< @F 5367 4126 140.17 107.78
< @F 5368 4125 140.20 107.76
< @F 5369 4124 140.23 107.73
< @F 5370 4123 140.25 107.70
< @F 5371 4122 140.28 107.68
< @F 5372 4121 140.30 107.65
< @F 5373 4120 140.33 107.62
< @F 5374 4119 140.36 107.60
< @F 5375 4118 140.38 107.57
< @F 5376 4117 140.41 107.55
< @F 5377 4116 140.44 107.52
< @F 5378 4115 140.46 107.49
< @F 5379 4114 140.49 107.47
< @F 5380 4113 140.51 107.44
< @F 5381 4112 140.54 107.42
< @F 5382 4111 140.57 107.39
< @F 5383 4110 140.59 107.36
< @F 5384 4109 140.62 107.34
< @F 5385 4108 140.64 107.31
< @F 5386 4107 140.67 107.28
< @F 5387 4106 140.70 107.26
< @F 5388 4105 140.72 107.23
< @F 5389 4104 140.75 107.21
< @F 5390 4103 140.77 107.18
< @F 5391 4102 140.80 107.15
< @F 5392 4101 140.83 107.13
< @F 5393 4100 140.85 107.10
< @F 5394 4099 140.88 107.08
< @F 5395 4098 140.91 107.05
< @F 5396 4097 140.93 107.02
< @F 5397 4096 140.96 107.00
< @F 5398 4095 140.98 106.97
< @F 5399 4094 141.01 106.95
< @F 5400 4093 141.04 106.92
< @F 5401 4092 141.06 106.89
< @F 5402 4091 141.09 106.87
< @F 5403 4090 141.11 106.84
< @F 5404 4089 141.14 106.81
< @F 5405 4088 141.17 106.79
< @F 5406 4087 141.19 106.76
< @F 5407 4086 141.22 106.74
< @F 5408 4085 141.25 106.71
< @F 5409 4084 141.27 106.68
< @F 5410 4083 141.30 106.66
< @F 5411 4082 141.32 106.63
< @F 5412 4081 141.35 106.61
< @F 5413 4080 141.38 106.58
< @F 5414 4079 141.40 106.55
< @F 5415 4078 141.43 106.53
< @F 5416 4077 141.45 106.50
< @F 5417 4076 141.48 106.48
< @F 5418 4075 141.51 106.45
< @F 5419 4074 141.53 106.42
< @F 5420 4073 141.56 106.40
< @F 5421 4072 141.58 106.37
< @F 5422 4071 141.61 106.34
< @F 5423 4070 141.64 106.32
< @F 5424 4069 141.66 106.29
< @F 5425 4068 141.69 106.27
< @F 5426 4067 141.72 106.24
< @F 5427 4066 141.74 106.21
< @F 5428 4065 141.77 106.19
< @F 5429 4064 141.79 106.16
< @F 5430 4063 141.82 106.14
< @F 5431 4062 141.85 106.11
< @F 5432 4061 141.87 106.08
< @F 5433 4060 141.90 106.06
< @F 5434 4059 141.92 106.03
< @F 5435 4058 141.95 106.00
< @F 5436 4057 141.98 105.98
< @F 5437 4056 142.00 105.95
< @F 5438 4055 142.03 105.93
< @F 5439 4054 142.05 105.90
< @F 5440 4053 142.08 105.87
< @F 5441 4052 142.11 105.85
< @F 5442 4051 142.13 105.82
< @F 5443 4050 142.16 105.80
< @F 5444 4049 142.19 105.77
< @F 5445 4048 142.21 105.74
< @F 5446 4047 142.24 105.72
< @F 5447 4046 142.26 105.69
< @F 5448 4045 142.29 105.67
< @F 5449 4044 142.32 105.64
< @F 5450 4043 142.34 105.61
< @F 5451 4042 142.37 105.59
< @F 5452 4041 142.39 105.56
< @F 5453 4040 142.42 105.53
< @F 5454 4039 142.45 105.51
< @F 5455 4038 142.47 105.48
< @F 5456 4037 142.50 105.46
< @F 5457 4036 142.53 105.43
< @F 5458 4035 142.55 105.40
< @F 5459 4034 142.58 105.38
< @F 5460 4033 142.60 105.35
< @F 5461 4032 142.63 105.33
< @F 5462 4031 142.66 105.30
< @F 5463 4030 142.68 105.27
< @F 5464 4029 142.71 105.25
< @F 5465 4028 142.73 105.22
< @F 5466 4027 142.76 105.20
< @F 5467 4026 142.79 105.17
< @F 5468 4025 142.81 105.14
< @F 5469 4024 142.84 105.12
< @F 5470 4023 142.86 105.09
< @F 5471 4022 142.89 105.06
< @F 5472 4021 142.92 105.04
< @F 5473 4020 142.94 105.01
< @F 5474 4019 142.97 104.99
< @F 5475 4018 143.00 104.96
< @F 5476 4017 143.02 104.93
< @F 5477 4016 143.05 104.91
< @F 5478 4015 143.07 104.88
< @F 5479 4014 143.10 104.86
< @F 5480 4013 143.13 104.83
< @F 5481 4012 143.15 104.80
< @F 5482 4011 143.18 104.78
< @F 5483 4010 143.20 104.75
< @F 5484 4009 143.23 104.72
< @F 5485 4008 143.26 104.70
< @F 5486 4007 143.28 104.67
< @F 5487 4006 143.31 104.65
< @F 5488 4005 143.33 104.62
< @F 5489 4004 143.36 104.59
< @F 5490 4003 143.39 104.57
< @F 5491 4002 143.41 104.54
< @F 5492 4001 143.44 104.52
< @F 5493 4000 143.47 104.49
< @F 5494 3999 143.49 104.46
< @F 5495 3998 143.52 104.44
< @F 5496 3997 143.54 104.41
< @F 5497 3996 143.57 104.39
< @F 5498 3995 143.60 104.36
< @F 5499 3994 143.62 104.33
< @F 5500 3993 143.65 104.31
< @F 5501 3992 143.67 104.28
< @F 5502 3991 143.70 104.25
< @F 5503 3990 143.73 104.23
< @F 5504 3989 143.75 104.20
< @F 5505 3988 143.78 104.18
< @F 5506 3987 143.81 104.15
< @F 5507 3986 143.83 104.12
< @F 5508 3985 143.86 104.10
< @F 5509 3984 143.88 104.07
< @F 5510 3983 143.91 104.05
< @F 5511 3982 143.94 104.02
< @F 5512 3981 143.96 103.99
< @F 5513 3980 143.99 103.97
< @F 5514 3979 144.01 103.94
< @F 5515 3978 144.04 103.92
< @F 5516 3977 144.07 103.89
< @F 5517 3976 144.09 103.86
< @F 5518 3975 144.12 103.84
< @F 5519 3974 144.14 103.81
< @F 5520 3973 144.17 103.78
< @F 5521 3972 144.20 103.76
< @F 5522 3971 144.22 103.73
< @F 5523 3970 144.25 103.71
< @F 5524 3969 144.28 103.68
< @F 5525 3968 144.30 103.65
< @F 5526 3967 144.33 103.63
< @F 5527 3966 144.35 103.60
< @F 5528 3965 144.38 103.58
< @F 5529 3964 144.41 103.55
< @F 5530 3963 144.43 103.52
< @F 5531 3962 144.46 103.50
< @F 5532 3961 144.48 103.47
< @F 5533 3960 144.51 103.44
< @F 5534 3959 144.54 103.42
< @F 5535 3958 144.56 103.39
< @F 5536 3957 144.59 103.37
< @F 5537 3956 144.61 103.34
< @F 5538 3955 144.64 103.31
< @F 5539 3954 144.67 103.29
< @F 5540 3953 144.69 103.26
< @F 5541 3952 144.72 103.24
< @F 5542 3951 144.75 103.21
< @F 5543 3950 144.77 103.18
< @F 5544 3949 144.80 103.16
< @F 5545 3948 144.82 103.13
< @F 5546 3947 144.85 103.11
< @F 5547 3946 144.88 103.08
< @F 5548 3945 144.90 103.05
< @F 5549 3944 144.93 103.03
< @F 5550 3943 144.95 103.00
< @F 5551 3942 144.98 102.97
< @F 5552 3941 145.01 102.95
< @F 5553 3940 145.03 102.92
< @F 5554 3939 145.06 102.90
< @F 5555 3938 145.09 102.87
< @F 5556 3937 145.11 102.84
< @F 5557 3936 145.14 102.82
< @F 5558 3935 145.16 102.79
< @F 5559 3934 145.19 102.77
< @F 5560 3933 145.22 102.74
< @F 5561 3932 145.24 102.71
< @F 5562 3931 145.27 102.69
< @F 5563 3930 145.29 102.66
< @F 5564 3929 145.32 102.64
< @F 5565 3928 145.35 102.61
< @F 5566 3927 145.37 102.58
< @F 5567 3926 145.40 102.56
< @F 5568 3925 145.42 102.53
< @F 5569 3924 145.45 102.50
< @F 5570 3923 145.48 102.48
< @F 5571 3922 145.50 102.45
< @F 5572 3921 145.53 102.43
< @F 5573 3920 145.56 102.40
< @F 5574 3919 145.58 102.37
< @F 5575 3918 145.61 102.35
< @F 5576 3917 145.63 102.32
< @F 5577 3916 145.66 102.30
< @F 5578 3915 145.69 102.27
< @F 5579 3914 145.71 102.24
< @F 5580 3913 145.74 102.22
< @F 5581 3912 145.76 102.19
< @F 5582 3911 145.79 102.16
< @F 5583 3910 145.82 102.14
< @F 5584 3909 145.84 102.11
< @F 5585 3908 145.87 102.09
< @F 5586 3907 145.89 102.06
< @F 5587 3906 145.92 102.03
< @F 5588 3905 145.95 102.01
< @F 5589 3904 145.97 101.98
< @F 5590 3903 146.00 101.96
< @F 5591 3902 146.03 101.93
< @F 5592 3901 146.05 101.90
< @F 5593 3900 146.08 101.88
< @F 5594 3899 146.10 101.85
< @F 5595 3898 146.13 101.83
< @F 5596 3897 146.16 101.80
< @F 5597 3896 146.18 101.77
< @F 5598 3895 146.21 101.75
< @F 5599 3894 146.23 101.72
< @F 5600 3893 146.26 101.69
< @F 5601 3892 146.29 101.67
< @F 5602 3891 146.31 101.64
< @F 5603 3890 146.34 101.62
< @F 5604 3889 146.37 101.59
< @F 5605 3888 146.39 101.56
< @F 5606 3887 146.42 101.54
< @F 5607 3886 146.44 101.51
< @F 5608 3885 146.47 101.49
< @F 5609 3884 146.50 101.46
< @F 5610 3883 146.52 101.43
< @F 5611 3882 146.55 101.41
< @F 5612 3881 146.57 101.38
< @F 5613 3880 146.60 101.36
< @F 5614 3879 146.63 101.33
< @F 5615 3878 146.65 101.30
< @F 5616 3877 146.68 101.28
< @F 5617 3876 146.70 101.25
< @F 5618 3875 146.73 101.22
< @F 5619 3874 146.76 101.20
< @F 5620 3873 146.78 101.17
< @F 5621 3872 146.81 101.15
< @F 5622 3871 146.84 101.12
< @F 5623 3870 146.86 101.09
< @F 5624 3869 146.89 101.07
< @F 5625 3868 146.91 101.04
< @F 5626 3867 146.94 101.02
< @F 5627 3866 146.97 100.99
< @F 5628 3865 146.99 100.96
< @F 5629 3864 147.02 100.94
< @F 5630 3863 147.04 100.91
< @F 5631 3862 147.07 100.88
< @F 5632 3861 147.10 100.86
< @F 5633 3860 147.12 100.83
< @F 5634 3859 147.15 100.81
< @F 5635 3858 147.17 100.78
< @F 5636 3857 147.20 100.75
< @F 5637 3856 147.23 100.73
< @F 5638 3855 147.25 100.70
< @F 5639 3854 147.28 100.68
< @F 5640 3853 147.31 100.65
< @F 5641 3852 147.33 100.62
< @F 5642 3851 147.36 100.60
< @F 5643 3850 147.38 100.57
< @F 5644 3849 147.41 100.55
< @F 5645 3848 147.44 100.52
< @F 5646 3847 147.46 100.49
< @F 5647 3846 147.49 100.47
< @F 5648 3845 147.51 100.44
< @F 5649 3844 147.54 100.41
< @F 5650 3843 147.57 100.39
< @F 5651 3842 147.59 100.36
< @F 5652 3841 147.62 100.34
< @F 5653 3840 147.65 100.31
< @F 5654 3839 147.67 100.28
< @F 5655 3838 147.70 100.26
< @F 5656 3837 147.72 100.23
< @F 5657 3836 147.75 100.21
< @F 5658 3835 147.78 100.18
< @F 5659 3834 147.80 100.15
< @F 5660 3833 147.83 100.13
< @F 5661 3832 147.85 100.10
< @F 5662 3831 147.88 100.08
< @F 5663 3830 147.91 100.05
< @F 5664 3829 147.93 100.02
< @F 5665 3828 147.96 100.00
< @F 5666 3827 147.98 99.97
< @F 5667 3826 148.01 99.94
< @F 5668 3825 148.04 99.92
< @F 5669 3824 148.06 99.89
< @F 5670 3823 148.09 99.87
< @F 5671 3822 148.12 99.84
< @F 5672 3821 148.14 99.81
< @F 5673 3820 148.17 99.79
< @F 5674 3819 148.19 99.76
< @F 5675 3818 148.22 99.74
< @F 5676 3817 148.25 99.71
< @F 5677 3816 148.27 99.68
< @F 5678 3815 148.30 99.66
< @F 5679 3814 148.32 99.63
< @F 5680 3813 148.35 99.60
< @F 5681 3812 148.38 99.58
< @F 5682 3811 148.40 99.55
< @F 5683 3810 148.43 99.53
< @F 5684 3809 148.45 99.50
< @F 5685 3808 148.48 99.47
< @F 5686 3807 148.51 99.45
< @F 5687 3806 148.53 99.42
< @F 5688 3805 148.56 99.40
< @F 5689 3804 148.59 99.37
< @F 5690 3803 148.61 99.34
< @F 5691 3802 148.64 99.32
< @F 5692 3801 148.66 99.29
< @F 5693 3800 148.69 99.27
< @F 5694 3799 148.72 99.24
< @F 5695 3798 148.74 99.21
< @F 5696 3797 148.77 99.19
< @F 5697 3796 148.79 99.16
< @F 5698 3795 148.82 99.13
< @F 5699 3794 148.85 99.11
< @F 5700 3793 148.87 99.08
< @F 5701 3792 148.90 99.06
< @F 5702 3791 148.93 99.03
< @F 5703 3790 148.95 99.00
< @F 5704 3789 148.98 98.98
< @F 5705 3788 149.00 98.95
< @F 5706 3787 149.03 98.93
< @F 5707 3786 149.06 98.90
< @F 5708 3785 149.08 98.87
< @F 5709 3784 149.11 98.85
< @F 5710 3783 149.13 98.82
< @F 5711 3782 149.16 98.80
< @F 5712 3781 149.19 98.77
< @F 5713 3780 149.21 98.74
< @F 5714 3779 149.24 98.72
< @F 5715 3778 149.26 98.69
< @F 5716 3777 149.29 98.66
< @F 5717 3776 149.32 98.64
< @F 5718 3775 149.34 98.61
< @F 5719 3774 149.37 98.59
< @F 5720 3773 149.40 98.56
< @F 5721 3772 149.42 98.53
< @F 5722 3771 149.45 98.51
< @F 5723 3770 149.47 98.48
< @F 5724 3769 149.50 98.46
< @F 5725 3768 149.53 98.43
< @F 5726 3767 149.55 98.40
< @F 5727 3766 149.58 98.38
< @F 5728 3765 149.60 98.35
< @F 5729 3764 149.63 98.32
< @F 5730 3763 149.66 98.30
< @F 5731 3762 149.68 98.27
< @F 5732 3761 149.71 98.25
< @F 5733 3760 149.73 98.22
< @F 5734 3759 149.76 98.19
< @F 5735 3758 149.79 98.17
< @F 5736 3757 149.81 98.14
< @F 5737 3756 149.84 98.12
< @F 5738 3755 149.87 98.09
< @F 5739 3754 149.89 98.06
< @F 5740 3753 149.92 98.04
< @F 5741 3752 149.94 98.01
< @F 5742 3751 149.97 97.99
< @F 5743 3750 150.00 97.96
< @F 5744 3749 150.02 97.93
< @F 5745 3748 150.05 97.91
< @F 5746 3747 150.07 97.88
< @F 5747 3746 150.10 97.85
< @F 5748 3745 150.13 97.83
< @F 5749 3744 150.15 97.80
< @F 5750 3743 150.18 97.78
< @F 5751 3742 150.21 97.75
< @F 5752 3741 150.23 97.72
< @F 5753 3740 150.26 97.70
< @F 5754 3739 150.28 97.67
< @F 5755 3738 150.31 97.65
< @F 5756 3737 150.34 97.62
< @F 5757 3736 150.36 97.59
< @F 5758 3735 150.39 97.57
< @F 5759 3734 150.41 97.54
< @F 5760 3733 150.44 97.52
< @F 5761 3732 150.47 97.49
< @F 5762 3731 150.49 97.46
< @F 5763 3730 150.52 97.44
< @F 5764 3729 150.54 97.41
< @F 5765 3728 150.57 97.38
< @F 5766 3727 150.60 97.36
< @F 5767 3726 150.62 97.33
< @F 5768 3725 150.65 97.31
< @F 5769 3724 150.68 97.28
< @F 5770 3723 150.70 97.25
< @F 5771 3722 150.73 97.23
< @F 5772 3721 150.75 97.20
< @F 5773 3720 150.78 97.18
< @F 5774 3719 150.81 97.15
< @F 5775 3718 150.83 97.12
< @F 5776 3717 150.86 97.10
< @F 5777 3716 150.88 97.07
< @F 5778 3715 150.91 97.04
< @F 5779 3714 150.94 97.02
< @F 5780 3713 150.96 96.99
< @F 5781 3712 150.99 96.97
< @F 5782 3711 151.01 96.94
< @F 5783 3710 151.04 96.91
< @F 5784 3709 151.07 96.89
< @F 5785 3708 151.09 96.86
< @F 5786 3707 151.12 96.84
< @F 5787 3706 151.15 96.81
< @F 5788 3705 151.17 96.78
< @F 5789 3704 151.20 96.76
< @F 5790 3703 151.22 96.73
< @F 5791 3702 151.25 96.71
< @F 5792 3701 151.28 96.68
< @F 5793 3700 151.30 96.65
< @F 5794 3699 151.33 96.63
< @F 5795 3698 151.35 96.60
< @F 5796 3697 151.38 96.57
< @F 5797 3696 151.41 96.55
< @F 5798 3695 151.43 96.52
< @F 5799 3694 151.46 96.50
< @F 5800 3693 151.49 96.47
< @F 5801 3692 151.51 96.44
< @F 5802 3691 151.54 96.42
< @F 5803 3690 151.56 96.39
< @F 5804 3689 151.59 96.37
< @F 5805 3688 151.62 96.34
< @F 5806 3687 151.64 96.31
< @F 5807 3686 151.67 96.29
< @F 5808 3685 151.69 96.26
< @F 5809 3684 151.72 96.24
< @F 5810 3683 151.75 96.21
< @F 5811 3682 151.77 96.18
< @F 5812 3681 151.80 96.16
< @F 5813 3680 151.82 96.13
< @F 5814 3679 151.85 96.10
< @F 5815 3678 151.88 96.08
< @F 5816 3677 151.90 96.05
< @F 5817 3676 151.93 96.03
< @F 5818 3675 151.96 96.00
< @F 5819 3674 151.98 95.97
< @F 5820 3673 152.01 95.95
< @F 5821 3672 152.03 95.92
< @F 5822 3671 152.06 95.90
< @F 5823 3670 152.09 95.87
< @F 5824 3669 152.11 95.84
< @F 5825 3668 152.14 95.82
< @F 5826 3667 152.16 95.79
< @F 5827 3666 152.19 95.76
< @F 5828 3665 152.22 95.74
< @F 5829 3664 152.24 95.71
< @F 5830 3663 152.27 95.69
< @F 5831 3662 152.29 95.66
< @F 5832 3661 152.32 95.63
< @F 5833 3660 152.35 95.61
< @F 5834 3659 152.37 95.58
< @F 5835 3658 152.40 95.56
< @F 5836 3657 152.43 95.53
< @F 5837 3656 152.45 95.50
< @F 5838 3655 152.48 95.48
< @F 5839 3654 152.50 95.45
< @F 5840 3653 152.53 95.43
< @F 5841 3652 152.56 95.40
< @F 5842 3651 152.58 95.37
< @F 5843 3650 152.61 95.35
< @F 5844 3649 152.63 95.32
< @F 5845 3648 152.66 95.29
< @F 5846 3647 152.69 95.27
< @F 5847 3646 152.71 95.24
< @F 5848 3645 152.74 95.22
< @F 5849 3644 152.77 95.19
< @F 5850 3643 152.79 95.16
< @F 5851 3642 152.82 95.14
< @F 5852 3641 152.84 95.11
< @F 5853 3640 152.87 95.09
< @F 5854 3639 152.90 95.06
< @F 5855 3638 152.92 95.03
< @F 5856 3637 152.95 95.01
< @F 5857 3636 152.97 94.98
< @F 5858 3635 153.00 94.96
< @F 5859 3634 153.03 94.93
< @F 5860 3633 153.05 94.90
< @F 5861 3632 153.08 94.88
< @F 5862 3631 153.10 94.85
< @F 5863 3630 153.13 94.82
< @F 5864 3629 153.16 94.80
< @F 5865 3628 153.18 94.77
< @F 5866 3627 153.21 94.75
< @F 5867 3626 153.24 94.72
< @F 5868 3625 153.26 94.69
< @F 5869 3624 153.29 94.67
< @F 5870 3623 153.31 94.64
< @F 5871 3622 153.34 94.62
< @F 5872 3621 153.37 94.59
< @F 5873 3620 153.39 94.56
< @F 5874 3619 153.42 94.54
< @F 5875 3618 153.44 94.51
< @F 5876 3617 153.47 94.48
< @F 5877 3616 153.50 94.46
< @F 5878 3615 153.52 94.43
< @F 5879 3614 153.55 94.41
< @F 5880 3613 153.57 94.38
< @F 5881 3612 153.60 94.35
< @F 5882 3611 153.63 94.33
< @F 5883 3610 153.65 94.30
< @F 5884 3609 153.68 94.28
< @F 5885 3608 153.71 94.25
< @F 5886 3607 153.73 94.22
< @F 5887 3606 153.76 94.20
< @F 5888 3605 153.78 94.17
< @F 5889 3604 153.81 94.15
< @F 5890 3603 153.84 94.12
< @F 5891 3602 153.86 94.09
< @F 5892 3601 153.89 94.07
< @F 5893 3600 153.91 94.04
< @F 5894 3599 153.94 94.01
< @F 5895 3598 153.97 93.99
< @F 5896 3597 153.99 93.96
< @F 5897 3596 154.02 93.94
< @F 5898 3595 154.05 93.91
< @F 5899 3594 154.07 93.88
< @F 5900 3593 154.10 93.86
< @F 5901 3592 154.12 93.83
< @F 5902 3591 154.15 93.81
< @F 5903 3590 154.18 93.78
< @F 5904 3589 154.20 93.75
< @F 5905 3588 154.23 93.73
< @F 5906 3587 154.25 93.70
< @F 5907 3586 154.28 93.68
< @F 5908 3585 154.31 93.65
< @F 5909 3584 154.33 93.62
< @F 5910 3583 154.36 93.60
< @F 5911 3582 154.38 93.57
< @F 5912 3581 154.41 93.54
< @F 5913 3580 154.44 93.52
< @F 5914 3579 154.46 93.49
< @F 5915 3578 154.49 93.47
< @F 5916 3577 154.52 93.44
< @F 5917 3576 154.54 93.41
< @F 5918 3575 154.57 93.39
< @F 5919 3574 154.59 93.36
< @F 5920 3573 154.62 93.34
< @F 5921 3572 154.65 93.31
< @F 5922 3571 154.67 93.28
< @F 5923 3570 154.70 93.26
< @F 5924 3569 154.72 93.23
< @F 5925 3568 154.75 93.20
< @F 5926 3567 154.78 93.18
< @F 5927 3566 154.80 93.15
< @F 5928 3565 154.83 93.13
< @F 5929 3564 154.85 93.10
< @F 5930 3563 154.88 93.07
< @F 5931 3562 154.91 93.05
< @F 5932 3561 154.93 93.02
< @F 5933 3560 154.96 93.00
< @F 5934 3559 154.99 92.97
< @F 5935 3558 155.01 92.94
< @F 5936 3557 155.04 92.92
< @F 5937 3556 155.06 92.89
< @F 5938 3555 155.09 92.87
< @F 5939 3554 155.12 92.84
< @F 5940 3553 155.14 92.81
< @F 5941 3552 155.17 92.79
< @F 5942 3551 155.19 92.76
< @F 5943 3550 155.22 92.73
< @F 5944 3549 155.25 92.71
< @F 5945 3548 155.27 92.68
< @F 5946 3547 155.30 92.66
< @F 5947 3546 155.33 92.63
< @F 5948 3545 155.35 92.60
< @F 5949 3544 155.38 92.58
< @F 5950 3543 155.40 92.55
< @F 5951 3542 155.43 92.53
< @F 5952 3541 155.46 92.50
< @F 5953 3540 155.48 92.47
< @F 5954 3539 155.51 92.45
< @F 5955 3538 155.53 92.42
< @F 5956 3537 155.56 92.40
< @F 5957 3536 155.59 92.37
< @F 5958 3535 155.61 92.34
< @F 5959 3534 155.64 92.32
< @F 5960 3533 155.66 92.29
< @F 5961 3532 155.69 92.26
< @F 5962 3531 155.72 92.24
< @F 5963 3530 155.74 92.21
< @F 5964 3529 155.77 92.19
< @F 5965 3528 155.80 92.16
< @F 5966 3527 155.82 92.13
< @F 5967 3526 155.85 92.11
< @F 5968 3525 155.87 92.08
< @F 5969 3524 155.90 92.06
< @F 5970 3523 155.93 92.03
< @F 5971 3522 155.95 92.00
< @F 5972 3521 155.98 91.98
< @F 5973 3520 156.00 91.95
< @F 5974 3519 156.03 91.92
< @F 5975 3518 156.06 91.90
< @F 5976 3517 156.08 91.87
< @F 5977 3516 156.11 91.85
< @F 5978 3515 156.13 91.82
< @F 5979 3514 156.16 91.79
< @F 5980 3513 156.19 91.77
< @F 5981 3512 156.21 91.74
< @F 5982 3511 156.24 91.72
< @F 5983 3510 156.27 91.69
< @F 5984 3509 156.29 91.66
< @F 5985 3508 156.32 91.64
< @F 5986 3507 156.34 91.61
< @F 5987 3506 156.37 91.59
< @F 5988 3505 156.40 91.56
< @F 5989 3504 156.42 91.53
< @F 5990 3503 156.45 91.51
< @F 5991 3502 156.47 91.48
< @F 5992 3501 156.50 91.45
< @F 5993 3500 156.53 91.43
< @F 5994 3499 156.55 91.40
< @F 5995 3498 156.58 91.38
< @F 5996 3497 156.61 91.35
< @F 5997 3496 156.63 91.32
< @F 5998 3495 156.66 91.30
< @F 5999 3494 156.68 91.27
< @F 6000 3493 156.71 91.25
< @F 6001 3492 156.74 91.22
< @F 6002 3491 156.76 91.19
< @F 6003 3490 156.79 91.17
< @F 6004 3489 156.81 91.14
< @F 6005 3488 156.84 91.12
< @F 6006 3487 156.87 91.09
< @F 6007 3486 156.89 91.06
< @F 6008 3485 156.92 91.04
< @F 6009 3484 156.94 91.01
< @F 6010 3483 156.97 90.98
< @F 6011 3482 157.00 90.96
< @F 6012 3481 157.02 90.93
< @F 6013 3480 157.05 90.91
< @F 6014 3479 157.08 90.88
< @F 6015 3478 157.10 90.85
< @F 6016 3477 157.13 90.83
< @F 6017 3476 157.15 90.80
< @F 6018 3475 157.18 90.78
< @F 6019 3474 157.21 90.75
< @F 6020 3473 157.23 90.72
< @F 6021 3472 157.26 90.70
< @F 6022 3471 157.28 90.67
< @F 6023 3470 157.31 90.64
< @F 6024 3469 157.34 90.62
< @F 6025 3468 157.36 90.59
< @F 6026 3467 157.39 90.57
< @F 6027 3466 157.41 90.54
< @F 6028 3465 157.44 90.51
< @F 6029 3464 157.47 90.49
< @F 6030 3463 157.49 90.46
< @F 6031 3462 157.52 90.44
< @F 6032 3461 157.55 90.41
< @F 6033 3460 157.57 90.38
< @F 6034 3459 157.60 90.36
< @F 6035 3458 157.62 90.33
< @F 6036 3457 157.65 90.31
< @F 6037 3456 157.68 90.28
< @F 6038 3455 157.70 90.25
< @F 6039 3454 157.73 90.23
< @F 6040 3453 157.75 90.20
< @F 6041 3452 157.78 90.17
< @F 6042 3451 157.81 90.15
< @F 6043 3450 157.83 90.12
< @F 6044 3449 157.86 90.10
< @F 6045 3448 157.89 90.07
< @F 6046 3447 157.91 90.04
< @F 6047 3446 157.94 90.02
< @F 6048 3445 157.96 89.99
< @F 6049 3444 157.99 89.97
< @F 6050 3443 158.02 89.94
< @F 6051 3442 158.04 89.91
< @F 6052 3441 158.07 89.89
< @F 6053 3440 158.09 89.86
< @F 6054 3439 158.12 89.84
< @F 6055 3438 158.15 89.81
< @F 6056 3437 158.17 89.78
< @F 6057 3436 158.20 89.76
< @F 6058 3435 158.22 89.73
< @F 6059 3434 158.25 89.70
< @F 6060 3433 158.28 89.68
< @F 6061 3432 158.30 89.65
< @F 6062 3431 158.33 89.63
< @F 6063 3430 158.36 89.60
< @F 6064 3429 158.38 89.57
< @F 6065 3428 158.41 89.55
< @F 6066 3427 158.43 89.52
< @F 6067 3426 158.46 89.50
< @F 6068 3425 158.49 89.47
< @F 6069 3424 158.51 89.44
< @F 6070 3423 158.54 89.42
< @F 6071 3422 158.56 89.39
< @F 6072 3421 158.59 89.36
< @F 6073 3420 158.62 89.34
< @F 6074 3419 158.64 89.31
< @F 6075 3418 158.67 89.29
< @F 6076 3417 158.69 89.26
< @F 6077 3416 158.72 89.23
< @F 6078 3415 158.75 89.21
< @F 6079 3414 158.77 89.18
< @F 6080 3413 158.80 89.16
< @F 6081 3412 158.83 89.13
< @F 6082 3411 158.85 89.10
< @F 6083 3410 158.88 89.08
< @F 6084 3409 158.90 89.05
< @F 6085 3408 158.93 89.03
< @F 6086 3407 158.96 89.00
< @F 6087 3406 158.98 88.97
< @F 6088 3405 159.01 88.95
< @F 6089 3404 159.03 88.92
< @F 6090 3403 159.06 88.89
< @F 6091 3402 159.09 88.87
< @F 6092 3401 159.11 88.84
< @F 6093 3400 159.14 88.82
< @F 6094 3399 159.17 88.79
< @F 6095 3398 159.19 88.76
< @F 6096 3397 159.22 88.74
< @F 6097 3396 159.24 88.71
< @F 6098 3395 159.27 88.69
< @F 6099 3394 159.30 88.66
< @F 6100 3393 159.32 88.63
< @F 6101 3392 159.35 88.61
< @F 6102 3391 159.37 88.58
< @F 6103 3390 159.40 88.56
< @F 6104 3389 159.43 88.53
< @F 6105 3388 159.45 88.50
< @F 6106 3387 159.48 88.48
< @F 6107 3386 159.50 88.45
< @F 6108 3385 159.53 88.42
< @F 6109 3384 159.56 88.40
< @F 6110 3383 159.58 88.37
< @F 6111 3382 159.61 88.35
< @F 6112 3381 159.64 88.32
< @F 6113 3380 159.66 88.29
< @F 6114 3379 159.69 88.27
< @F 6115 3378 159.71 88.24
< @F 6116 3377 159.74 88.22
< @F 6117 3376 159.77 88.19
< @F 6118 3375 159.79 88.16
< @F 6119 3374 159.82 88.14
< @F 6120 3373 159.84 88.11
< @F 6121 3372 159.87 88.08
< @F 6122 3371 159.90 88.06
< @F 6123 3370 159.92 88.03
< @F 6124 3369 159.95 88.01
< @F 6125 3368 159.97 87.98
< @F 6126 3367 160.00 87.95
< @F 6127 3366 160.03 87.93
< @F 6128 3365 160.05 87.90
< @F 6129 3364 160.08 87.88
< @F 6130 3363 160.11 87.85
< @F 6131 3362 160.13 87.82
< @F 6132 3361 160.16 87.80
< @F 6133 3360 160.18 87.77
< @F 6134 3359 160.21 87.75
< @F 6135 3358 160.24 87.72
< @F 6136 3357 160.26 87.69
< @F 6137 3356 160.29 87.67
< @F 6138 3355 160.31 87.64
< @F 6139 3354 160.34 87.61
< @F 6140 3353 160.37 87.59
< @F 6141 3352 160.39 87.56
< @F 6142 3351 160.42 87.54
< @F 6143 3350 160.45 87.51
< @F 6144 3349 160.47 87.48
< @F 6145 3348 160.50 87.46
< @F 6146 3347 160.52 87.43
< @F 6147 3346 160.55 87.41
< @F 6148 3345 160.58 87.38
< @F 6149 3344 160.60 87.35
< @F 6150 3343 160.63 87.33
< @F 6151 3342 160.65 87.30
< @F 6152 3341 160.68 87.28
< @F 6153 3340 160.71 87.25
< @F 6154 3339 160.73 87.22
< @F 6155 3338 160.76 87.20
< @F 6156 3337 160.78 87.17
< @F 6157 3336 160.81 87.14
< @F 6158 3335 160.84 87.12
< @F 6159 3334 160.86 87.09
< @F 6160 3333 160.89 87.07
< @F 6161 3332 160.92 87.04
< @F 6162 3331 160.94 87.01
< @F 6163 3330 160.97 86.99
< @F 6164 3329 160.99 86.96
< @F 6165 3328 161.02 86.94
< @F 6166 3327 161.05 86.91
< @F 6167 3326 161.07 86.88
< @F 6168 3325 161.10 86.86
< @F 6169 3324 161.12 86.83
< @F 6170 3323 161.15 86.80
< @F 6171 3322 161.18 86.78
< @F 6172 3321 161.20 86.75
< @F 6173 3320 161.23 86.73
< @F 6174 3319 161.25 86.70
< @F 6175 3318 161.28 86.67
< @F 6176 3317 161.31 86.65
< @F 6177 3316 161.33 86.62
< @F 6178 3315 161.36 86.60
< @F 6179 3314 161.39 86.57
< @F 6180 3313 161.41 86.54
< @F 6181 3312 161.44 86.52
< @F 6182 3311 161.46 86.49
< @F 6183 3310 161.49 86.47
< @F 6184 3309 161.52 86.44
< @F 6185 3308 161.54 86.41
< @F 6186 3307 161.57 86.39
< @F 6187 3306 161.59 86.36
< @F 6188 3305 161.62 86.33
< @F 6189 3304 161.65 86.31
< @F 6190 3303 161.67 86.28
< @F 6191 3302 161.70 86.26
< @F 6192 3301 161.73 86.23
< @F 6193 3300 161.75 86.20
< @F 6194 3299 161.78 86.18
< @F 6195 3298 161.80 86.15
< @F 6196 3297 161.83 86.13
< @F 6197 3296 161.86 86.10
< @F 6198 3295 161.88 86.07
< @F 6199 3294 161.91 86.05
< @F 6200 3293 161.93 86.02
< @F 6201 3292 161.96 86.00
< @F 6202 3291 161.99 85.97
< @F 6203 3290 162.01 85.94
< @F 6204 3289 162.04 85.92
< @F 6205 3288 162.06 85.89
< @F 6206 3287 162.09 85.86
< @F 6207 3286 162.12 85.84
< @F 6208 3285 162.14 85.81
< @F 6209 3284 162.17 85.79
< @F 6210 3283 162.20 85.76
< @F 6211 3282 162.22 85.73
< @F 6212 3281 162.25 85.71
< @F 6213 3280 162.27 85.68
< @F 6214 3279 162.30 85.66
< @F 6215 3278 162.33 85.63
< @F 6216 3277 162.35 85.60
< @F 6217 3276 162.38 85.58
< @F 6218 3275 162.40 85.55
< @F 6219 3274 162.43 85.52
< @F 6220 3273 162.46 85.50
< @F 6221 3272 162.48 85.47
< @F 6222 3271 162.51 85.45
< @F 6223 3270 162.53 85.42
< @F 6224 3269 162.56 85.39
< @F 6225 3268 162.59 85.37
< @F 6226 3267 162.61 85.34
< @F 6227 3266 162.64 85.32
< @F 6228 3265 162.67 85.29
< @F 6229 3264 162.69 85.26
< @F 6230 3263 162.72 85.24
< @F 6231 3262 162.74 85.21
< @F 6232 3261 162.77 85.19
< @F 6233 3260 162.80 85.16
< @F 6234 3259 162.82 85.13
< @F 6235 3258 162.85 85.11
< @F 6236 3257 162.87 85.08
< @F 6237 3256 162.90 85.05
< @F 6238 3255 162.93 85.03
< @F 6239 3254 162.95 85.00
< @F 6240 3253 162.98 84.98
< @F 6241 3252 163.01 84.95
< @F 6242 3251 163.03 84.92
< @F 6243 3250 163.06 84.90
< @F 6244 3249 163.08 84.87
< @F 6245 3248 163.11 84.85
< @F 6246 3247 163.14 84.82
< @F 6247 3246 163.16 84.79
< @F 6248 3245 163.19 84.77
< @F 6249 3244 163.21 84.74
< @F 6250 3243 163.24 84.72
< @F 6251 3242 163.27 84.69
< @F 6252 3241 163.29 84.66
< @F 6253 3240 163.32 84.64
< @F 6254 3239 163.34 84.61
< @F 6255 3238 163.37 84.58
< @F 6256 3237 163.40 84.56
< @F 6257 3236 163.42 84.53
< @F 6258 3235 163.45 84.51
< @F 6259 3234 163.48 84.48
< @F 6260 3233 163.50 84.45
< @F 6261 3232 163.53 84.43
< @F 6262 3231 163.55 84.40
< @F 6263 3230 163.58 84.38
< @F 6264 3229 163.61 84.35
< @F 6265 3228 163.63 84.32
< @F 6266 3227 163.66 84.30
< @F 6267 3226 163.68 84.27
< @F 6268 3225 163.71 84.24
< @F 6269 3224 163.74 84.22
< @F 6270 3223 163.76 84.19
< @F 6271 3222 163.79 84.17
< @F 6272 3221 163.81 84.14
< @F 6273 3220 163.84 84.11
< @F 6274 3219 163.87 84.09
< @F 6275 3218 163.89 84.06
< @F 6276 3217 163.92 84.04
< @F 6277 3216 163.95 84.01
< @F 6278 3215 163.97 83.98
< @F 6279 3214 164.00 83.96
< @F 6280 3213 164.02 83.93
< @F 6281 3212 164.05 83.91
< @F 6282 3211 164.08 83.88
< @F 6283 3210 164.10 83.85
< @F 6284 3209 164.13 83.83
< @F 6285 3208 164.15 83.80
< @F 6286 3207 164.18 83.77
< @F 6287 3206 164.21 83.75
< @F 6288 3205 164.23 83.72
< @F 6289 3204 164.26 83.70
< @F 6290 3203 164.29 83.67
< @F 6291 3202 164.31 83.64
< @F 6292 3201 164.34 83.62
< @F 6293 3200 164.36 83.59
< @F 6294 3199 164.39 83.57
< @F 6295 3198 164.42 83.54
< @F 6296 3197 164.44 83.51
< @F 6297 3196 164.47 83.49
< @F 6298 3195 164.49 83.46
< @F 6299 3194 164.52 83.44
< @F 6300 3193 164.55 83.41
< @F 6301 3192 164.57 83.38
< @F 6302 3191 164.60 83.36
< @F 6303 3190 164.62 83.33
< @F 6304 3189 164.65 83.30
< @F 6305 3188 164.68 83.28
< @F 6306 3187 164.70 83.25
< @F 6307 3186 164.73 83.23
< @F 6308 3185 164.76 83.20
< @F 6309 3184 164.78 83.17
< @F 6310 3183 164.81 83.15
< @F 6311 3182 164.83 83.12
< @F 6312 3181 164.86 83.10
< @F 6313 3180 164.89 83.07
< @F 6314 3179 164.91 83.04
< @F 6315 3178 164.94 83.02
< @F 6316 3177 164.96 82.99
< @F 6317 3176 164.99 82.96
< @F 6318 3175 165.02 82.94
< @F 6319 3174 165.04 82.91
< @F 6320 3173 165.07 82.89
< @F 6321 3172 165.09 82.86
< @F 6322 3171 165.12 82.83
< @F 6323 3170 165.15 82.81
< @F 6324 3169 165.17 82.78
< @F 6325 3168 165.20 82.76
< @F 6326 3167 165.23 82.73
< @F 6327 3166 165.25 82.70
< @F 6328 3165 165.28 82.68
< @F 6329 3164 165.30 82.65
< @F 6330 3163 165.33 82.63
< @F 6331 3162 165.36 82.60
< @F 6332 3161 165.38 82.57
< @F 6333 3160 165.41 82.55
< @F 6334 3159 165.43 82.52
< @F 6335 3158 165.46 82.49
< @F 6336 3157 165.49 82.47
< @F 6337 3156 165.51 82.44
< @F 6338 3155 165.54 82.42
< @F 6339 3154 165.57 82.39
< @F 6340 3153 165.59 82.36
< @F 6341 3152 165.62 82.34
< @F 6342 3151 165.64 82.31
< @F 6343 3150 165.67 82.29
< @F 6344 3149 165.70 82.26
< @F 6345 3148 165.72 82.23
< @F 6346 3147 165.75 82.21
< @F 6347 3146 165.77 82.18
< @F 6348 3145 165.80 82.16
< @F 6349 3144 165.83 82.13
< @F 6350 3143 165.85 82.10
< @F 6351 3142 165.88 82.08
< @F 6352 3141 165.90 82.05
< @F 6353 3140 165.93 82.02
< @F 6354 3139 165.96 82.00
< @F 6355 3138 165.98 81.97
< @F 6356 3137 166.01 81.95
< @F 6357 3136 166.04 81.92
< @F 6358 3135 166.06 81.89
< @F 6359 3134 166.09 81.87
< @F 6360 3133 166.11 81.84
< @F 6361 3132 166.14 81.82
< @F 6362 3131 166.17 81.79
< @F 6363 3130 166.19 81.76
< @F 6364 3129 166.22 81.74
< @F 6365 3128 166.24 81.71
< @F 6366 3127 166.27 81.68
< @F 6367 3126 166.30 81.66
< @F 6368 3125 166.32 81.63
< @F 6369 3124 166.35 81.61
< @F 6370 3123 166.37 81.58
< @F 6371 3122 166.40 81.55
< @F 6372 3121 166.43 81.53
< @F 6373 3120 166.45 81.50
< @F 6374 3119 166.48 81.48
< @F 6375 3118 166.51 81.45
< @F 6376 3117 166.53 81.42
< @F 6377 3116 166.56 81.40
< @F 6378 3115 166.58 81.37
< @F 6379 3114 166.61 81.35
< @F 6380 3113 166.64 81.32
< @F 6381 3112 166.66 81.29
< @F 6382 3111 166.69 81.27
< @F 6383 3110 166.71 81.24
< @F 6384 3109 166.74 81.21
< @F 6385 3108 166.77 81.19
< @F 6386 3107 166.79 81.16
< @F 6387 3106 166.82 81.14
< @F 6388 3105 166.85 81.11
< @F 6389 3104 166.87 81.08
< @F 6390 3103 166.90 81.06
< @F 6391 3102 166.92 81.03
< @F 6392 3101 166.95 81.01
< @F 6393 3100 166.98 80.98
< @F 6394 3099 167.00 80.95
< @F 6395 3098 167.03 80.93
< @F 6396 3097 167.05 80.90
< @F 6397 3096 167.08 80.88
< @F 6398 3095 167.11 80.85
< @F 6399 3094 167.13 80.82
< @F 6400 3093 167.16 80.80
< @F 6401 3092 167.18 80.77
< @F 6402 3091 167.21 80.74
< @F 6403 3090 167.24 80.72
< @F 6404 3089 167.26 80.69
< @F 6405 3088 167.29 80.67
< @F 6406 3087 167.32 80.64
< @F 6407 3086 167.34 80.61
< @F 6408 3085 167.37 80.59
< @F 6409 3084 167.39 80.56
< @F 6410 3083 167.42 80.54
< @F 6411 3082 167.45 80.51
< @F 6412 3081 167.47 80.48
< @F 6413 3080 167.50 80.46
< @F 6414 3079 167.52 80.43
< @F 6415 3078 167.55 80.40
< @F 6416 3077 167.58 80.38
< @F 6417 3076 167.60 80.35
< @F 6418 3075 167.63 80.33
< @F 6419 3074 167.65 80.30
< @F 6420 3073 167.68 80.27
< @F 6421 3072 167.71 80.25
< @F 6422 3071 167.73 80.22
< @F 6423 3070 167.76 80.20
< @F 6424 3069 167.79 80.17
< @F 6425 3068 167.81 80.14
< @F 6426 3067 167.84 80.12
< @F 6427 3066 167.86 80.09
< @F 6428 3065 167.89 80.07
< @F 6429 3064 167.92 80.04
< @F 6430 3063 167.94 80.01
< @F 6431 3062 167.97 79.99
< @F 6432 3061 167.99 79.96
< @F 6433 3060 168.02 79.93
< @F 6434 3059 168.05 79.91
< @F 6435 3058 168.07 79.88
< @F 6436 3057 168.10 79.86
< @F 6437 3056 168.13 79.83
< @F 6438 3055 168.15 79.80
< @F 6439 3054 168.18 79.78
< @F 6440 3053 168.20 79.75
< @F 6441 3052 168.23 79.73
< @F 6442 3051 168.26 79.70
< @F 6443 3050 168.28 79.67
< @F 6444 3049 168.31 79.65
< @F 6445 3048 168.33 79.62
< @F 6446 3047 168.36 79.60
< @F 6447 3046 168.39 79.57
< @F 6448 3045 168.41 79.54
< @F 6449 3044 168.44 79.52
< @F 6450 3043 168.46 79.49
< @F 6451 3042 168.49 79.46
< @F 6452 3041 168.52 79.44
< @F 6453 3040 168.54 79.41
< @F 6454 3039 168.57 79.39
< @F 6455 3038 168.60 79.36
< @F 6456 3037 168.62 79.33
< @F 6457 3036 168.65 79.31
< @F 6458 3035 168.67 79.28
< @F 6459 3034 168.70 79.26
< @F 6460 3033 168.73 79.23
< @F 6461 3032 168.75 79.20
< @F 6462 3031 168.78 79.18
< @F 6463 3030 168.80 79.15
< @F 6464 3029 168.83 79.12
< @F 6465 3028 168.86 79.10
< @F 6466 3027 168.88 79.07
< @F 6467 3026 168.91 79.05
< @F 6468 3025 168.93 79.02
< @F 6469 3024 168.96 78.99
< @F 6470 3023 168.99 78.97
< @F 6471 3022 169.01 78.94
< @F 6472 3021 169.04 78.92
< @F 6473 3020 169.07 78.89
< @F 6474 3019 169.09 78.86
< @F 6475 3018 169.12 78.84
< @F 6476 3017 169.14 78.81
< @F 6477 3016 169.17 78.79
< @F 6478 3015 169.20 78.76
< @F 6479 3014 169.22 78.73
< @F 6480 3013 169.25 78.71
< @F 6481 3012 169.27 78.68
< @F 6482 3011 169.30 78.65
< @F 6483 3010 169.33 78.63
< @F 6484 3009 169.35 78.60
< @F 6485 3008 169.38 78.58
< @F 6486 3007 169.41 78.55
< @F 6487 3006 169.43 78.52
< @F 6488 3005 169.46 78.50
< @F 6489 3004 169.48 78.47
< @F 6490 3003 169.51 78.45
< @F 6491 3002 169.54 78.42
< @F 6492 3001 169.56 78.39
< @F 6493 3000 169.59 78.37
< @F 6494 2999 169.61 78.34
< @F 6495 2998 169.64 78.32
< @F 6496 2997 169.67 78.29
< @F 6497 2996 169.69 78.26
< @F 6498 2995 169.72 78.24
< @F 6499 2994 169.74 78.21
< @F 6500 2993 169.77 78.18
< @F 6501 2992 169.80 78.16
< @F 6502 2991 169.82 78.13
< @F 6503 2990 169.85 78.11
< @F 6504 2989 169.88 78.08
< @F 6505 2988 169.90 78.05
< @F 6506 2987 169.93 78.03
< @F 6507 2986 169.95 78.00
< @F 6508 2985 169.98 77.98
< @F 6509 2984 170.01 77.95
< @F 6510 2983 170.03 77.92
< @F 6511 2982 170.06 77.90
< @F 6512 2981 170.08 77.87
< @F 6513 2980 170.11 77.84
< @F 6514 2979 170.14 77.82
< @F 6515 2978 170.16 77.79
< @F 6516 2977 170.19 77.77
< @F 6517 2976 170.21 77.74
< @F 6518 2975 170.24 77.71
< @F 6519 2974 170.27 77.69
< @F 6520 2973 170.29 77.66
< @F 6521 2972 170.32 77.64
< @F 6522 2971 170.35 77.61
< @F 6523 2970 170.37 77.58
< @F 6524 2969 170.40 77.56
< @F 6525 2968 170.42 77.53
< @F 6526 2967 170.45 77.51
< @F 6527 2966 170.48 77.48
< @F 6528 2965 170.50 77.45
< @F 6529 2964 170.53 77.43
< @F 6530 2963 170.55 77.40
< @F 6531 2962 170.58 77.37
< @F 6532 2961 170.61 77.35
< @F 6533 2960 170.63 77.32
< @F 6534 2959 170.66 77.30
< @F 6535 2958 170.69 77.27
< @F 6536 2957 170.71 77.24
< @F 6537 2956 170.74 77.22
< @F 6538 2955 170.76 77.19
< @F 6539 2954 170.79 77.17
< @F 6540 2953 170.82 77.14
< @F 6541 2952 170.84 77.11
< @F 6542 2951 170.87 77.09
< @F 6543 2950 170.89 77.06
< @F 6544 2949 170.92 77.04
< @F 6545 2948 170.95 77.01
< @F 6546 2947 170.97 76.98
< @F 6547 2946 171.00 76.96
< @F 6548 2945 171.02 76.93
< @F 6549 2944 171.05 76.90
< @F 6550 2943 171.08 76.88
< @F 6551 2942 171.10 76.85
< @F 6552 2941 171.13 76.83
< @F 6553 2940 171.16 76.80
< @F 6554 2939 171.18 76.77
< @F 6555 2938 171.21 76.75
< @F 6556 2937 171.23 76.72
< @F 6557 2936 171.26 76.70
< @F 6558 2935 171.29 76.67
< @F 6559 2934 171.31 76.64
< @F 6560 2933 171.34 76.62
< @F 6561 2932 171.36 76.59
< @F 6562 2931 171.39 76.56
< @F 6563 2930 171.42 76.54
< @F 6564 2929 171.44 76.51
< @F 6565 2928 171.47 76.49
< @F 6566 2927 171.49 76.46
< @F 6567 2926 171.52 76.43
< @F 6568 2925 171.55 76.41
< @F 6569 2924 171.57 76.38
< @F 6570 2923 171.60 76.36
< @F 6571 2922 171.63 76.33
< @F 6572 2921 171.65 76.30
< @F 6573 2920 171.68 76.28
< @F 6574 2919 171.70 76.25
< @F 6575 2918 171.73 76.23
< @F 6576 2917 171.76 76.20
< @F 6577 2916 171.78 76.17
< @F 6578 2915 171.81 76.15
< @F 6579 2914 171.83 76.12
< @F 6580 2913 171.86 76.09
< @F 6581 2912 171.89 76.07
< @F 6582 2911 171.91 76.04
< @F 6583 2910 171.94 76.02
< @F 6584 2909 171.97 75.99
< @F 6585 2908 171.99 75.96
< @F 6586 2907 172.02 75.94
< @F 6587 2906 172.04 75.91
< @F 6588 2905 172.07 75.89
< @F 6589 2904 172.10 75.86
< @F 6590 2903 172.12 75.83
< @F 6591 2902 172.15 75.81
< @F 6592 2901 172.17 75.78
< @F 6593 2900 172.20 75.76
< @F 6594 2899 172.23 75.73
< @F 6595 2898 172.25 75.70
< @F 6596 2897 172.28 75.68
< @F 6597 2896 172.30 75.65
< @F 6598 2895 172.33 75.62
< @F 6599 2894 172.36 75.60
< @F 6600 2893 172.38 75.57
< @F 6601 2892 172.41 75.55
< @F 6602 2891 172.44 75.52
< @F 6603 2890 172.46 75.49
< @F 6604 2889 172.49 75.47
< @F 6605 2888 172.51 75.44
< @F 6606 2887 172.54 75.42
< @F 6607 2886 172.57 75.39
< @F 6608 2885 172.59 75.36
< @F 6609 2884 172.62 75.34
< @F 6610 2883 172.64 75.31
< @F 6611 2882 172.67 75.28
< @F 6612 2881 172.70 75.26
< @F 6613 2880 172.72 75.23
< @F 6614 2879 172.75 75.21
< @F 6615 2878 172.77 75.18
< @F 6616 2877 172.80 75.15
< @F 6617 2876 172.83 75.13
< @F 6618 2875 172.85 75.10
< @F 6619 2874 172.88 75.08
< @F 6620 2873 172.91 75.05
< @F 6621 2872 172.93 75.02
< @F 6622 2871 172.96 75.00
< @F 6623 2870 172.98 74.97
< @F 6624 2869 173.01 74.95
< @F 6625 2868 173.04 74.92
< @F 6626 2867 173.06 74.89
< @F 6627 2866 173.09 74.87
< @F 6628 2865 173.11 74.84
< @F 6629 2864 173.14 74.81
< @F 6630 2863 173.17 74.79
< @F 6631 2862 173.19 74.76
< @F 6632 2861 173.22 74.74
< @F 6633 2860 173.25 74.71
< @F 6634 2859 173.27 74.68
< @F 6635 2858 173.30 74.66
< @F 6636 2857 173.32 74.63
< @F 6637 2856 173.35 74.61
< @F 6638 2855 173.38 74.58
< @F 6639 2854 173.40 74.55
< @F 6640 2853 173.43 74.53
< @F 6641 2852 173.45 74.50
< @F 6642 2851 173.48 74.48
< @F 6643 2850 173.51 74.45
< @F 6644 2849 173.53 74.42
< @F 6645 2848 173.56 74.40
< @F 6646 2847 173.58 74.37
< @F 6647 2846 173.61 74.34
< @F 6648 2845 173.64 74.32
< @F 6649 2844 173.66 74.29
< @F 6650 2843 173.69 74.27
< @F 6651 2842 173.72 74.24
< @F 6652 2841 173.74 74.21
< @F 6653 2840 173.77 74.19
< @F 6654 2839 173.79 74.16
< @F 6655 2838 173.82 74.14
< @F 6656 2837 173.85 74.11
< @F 6657 2836 173.87 74.08
< @F 6658 2835 173.90 74.06
< @F 6659 2834 173.92 74.03
< @F 6660 2833 173.95 74.00
< @F 6661 2832 173.98 73.98
< @F 6662 2831 174.00 73.95
< @F 6663 2830 174.03 73.93
< @F 6664 2829 174.05 73.90
< @F 6665 2828 174.08 73.87
< @F 6666 2827 174.11 73.85
< @F 6667 2826 174.13 73.82
< @F 6668 2825 174.16 73.80
< @F 6669 2824 174.19 73.77
< @F 6670 2823 174.21 73.74
< @F 6671 2822 174.24 73.72
< @F 6672 2821 174.26 73.69
< @F 6673 2820 174.29 73.67
< @F 6674 2819 174.32 73.64
< @F 6675 2818 174.34 73.61
< @F 6676 2817 174.37 73.59
< @F 6677 2816 174.39 73.56
< @F 6678 2815 174.42 73.53
< @F 6679 2814 174.45 73.51
< @F 6680 2813 174.47 73.48
< @F 6681 2812 174.50 73.46
< @F 6682 2811 174.53 73.43
< @F 6683 2810 174.55 73.40
< @F 6684 2809 174.58 73.38
< @F 6685 2808 174.60 73.35
< @F 6686 2807 174.63 73.33
< @F 6687 2806 174.66 73.30
< @F 6688 2805 174.68 73.27
< @F 6689 2804 174.71 73.25
< @F 6690 2803 174.73 73.22
< @F 6691 2802 174.76 73.20
< @F 6692 2801 174.79 73.17
< @F 6693 2800 174.81 73.14
< @F 6694 2799 174.84 73.12
< @F 6695 2798 174.86 73.09
< @F 6696 2797 174.89 73.06
< @F 6697 2796 174.92 73.04
< @F 6698 2795 174.94 73.01
< @F 6699 2794 174.97 72.99
< @F 6700 2793 175.00 72.96
< @F 6701 2792 175.02 72.93
< @F 6702 2791 175.05 72.91
< @F 6703 2790 175.07 72.88
< @F 6704 2789 175.10 72.86
< @F 6705 2788 175.13 72.83
< @F 6706 2787 175.15 72.80
< @F 6707 2786 175.18 72.78
< @F 6708 2785 175.20 72.75
< @F 6709 2784 175.23 72.72
< @F 6710 2783 175.26 72.70
< @F 6711 2782 175.28 72.67
< @F 6712 2781 175.31 72.65
< @F 6713 2780 175.33 72.62
< @F 6714 2779 175.36 72.59
< @F 6715 2778 175.39 72.57
< @F 6716 2777 175.41 72.54
< @F 6717 2776 175.44 72.52
< @F 6718 2775 175.47 72.49
< @F 6719 2774 175.49 72.46
< @F 6720 2773 175.52 72.44
< @F 6721 2772 175.54 72.41
< @F 6722 2771 175.57 72.39
< @F 6723 2770 175.60 72.36
< @F 6724 2769 175.62 72.33
< @F 6725 2768 175.65 72.31
< @F 6726 2767 175.67 72.28
< @F 6727 2766 175.70 72.25
< @F 6728 2765 175.73 72.23
< @F 6729 2764 175.75 72.20
< @F 6730 2763 175.78 72.18
< @F 6731 2762 175.81 72.15
< @F 6732 2761 175.83 72.12
< @F 6733 2760 175.86 72.10
< @F 6734 2759 175.88 72.07
< @F 6735 2758 175.91 72.05
< @F 6736 2757 175.94 72.02
< @F 6737 2756 175.96 71.99
< @F 6738 2755 175.99 71.97
< @F 6739 2754 176.01 71.94
< @F 6740 2753 176.04 71.92
< @F 6741 2752 176.07 71.89
< @F 6742 2751 176.09 71.86
< @F 6743 2750 176.12 71.84
< @F 6744 2749 176.14 71.81
< @F 6745 2748 176.17 71.78
< @F 6746 2747 176.20 71.76
< @F 6747 2746 176.22 71.73
< @F 6748 2745 176.25 71.71
< @F 6749 2744 176.28 71.68
< @F 6750 2743 176.30 71.65
< @F 6751 2742 176.33 71.63
< @F 6752 2741 176.35 71.60
< @F 6753 2740 176.38 71.58
< @F 6754 2739 176.41 71.55
< @F 6755 2738 176.43 71.52
< @F 6756 2737 176.46 71.50
< @F 6757 2736 176.48 71.47
< @F 6758 2735 176.51 71.44
< @F 6759 2734 176.54 71.42
< @F 6760 2733 176.56 71.39
< @F 6761 2732 176.59 71.37
< @F 6762 2731 176.61 71.34
< @F 6763 2730 176.64 71.31
< @F 6764 2729 176.67 71.29
< @F 6765 2728 176.69 71.26
< @F 6766 2727 176.72 71.24
< @F 6767 2726 176.75 71.21
< @F 6768 2725 176.77 71.18
< @F 6769 2724 176.80 71.16
< @F 6770 2723 176.82 71.13
< @F 6771 2722 176.85 71.11
< @F 6772 2721 176.88 71.08
< @F 6773 2720 176.90 71.05
< @F 6774 2719 176.93 71.03
< @F 6775 2718 176.95 71.00
< @F 6776 2717 176.98 70.97
< @F 6777 2716 177.01 70.95
< @F 6778 2715 177.03 70.92
< @F 6779 2714 177.06 70.90
< @F 6780 2713 177.09 70.87
< @F 6781 2712 177.11 70.84
< @F 6782 2711 177.14 70.82
< @F 6783 2710 177.16 70.79
< @F 6784 2709 177.19 70.77
< @F 6785 2708 177.22 70.74
< @F 6786 2707 177.24 70.71
< @F 6787 2706 177.27 70.69
< @F 6788 2705 177.29 70.66
< @F 6789 2704 177.32 70.64
< @F 6790 2703 177.35 70.61
< @F 6791 2702 177.37 70.58
< @F 6792 2701 177.40 70.56
< @F 6793 2700 177.42 70.53
< @F 6794 2699 177.45 70.50
< @F 6795 2698 177.48 70.48
< @F 6796 2697 177.50 70.45
< @F 6797 2696 177.53 70.43
< @F 6798 2695 177.56 70.40
< @F 6799 2694 177.58 70.37
< @F 6800 2693 177.61 70.35
< @F 6801 2692 177.63 70.32
< @F 6802 2691 177.66 70.30
< @F 6803 2690 177.69 70.27
< @F 6804 2689 177.71 70.24
< @F 6805 2688 177.74 70.22
< @F 6806 2687 177.76 70.19
< @F 6807 2686 177.79 70.16
< @F 6808 2685 177.82 70.14
< @F 6809 2684 177.84 70.11
< @F 6810 2683 177.87 70.09
< @F 6811 2682 177.89 70.06
< @F 6812 2681 177.92 70.03
< @F 6813 2680 177.95 70.01
< @F 6814 2679 177.97 69.98
< @F 6815 2678 178.00 69.96
< @F 6816 2677 178.03 69.93
< @F 6817 2676 178.05 69.90
< @F 6818 2675 178.08 69.88
< @F 6819 2674 178.10 69.85
< @F 6820 2673 178.13 69.83
< @F 6821 2672 178.16 69.80
< @F 6822 2671 178.18 69.77
< @F 6823 2670 178.21 69.75
< @F 6824 2669 178.23 69.72
< @F 6825 2668 178.26 69.69
< @F 6826 2667 178.29 69.67
< @F 6827 2666 178.31 69.64
< @F 6828 2665 178.34 69.62
< @F 6829 2664 178.37 69.59
< @F 6830 2663 178.39 69.56
< @F 6831 2662 178.42 69.54
< @F 6832 2661 178.44 69.51
< @F 6833 2660 178.47 69.49
< @F 6834 2659 178.50 69.46
< @F 6835 2658 178.52 69.43
< @F 6836 2657 178.55 69.41
< @F 6837 2656 178.57 69.38
< @F 6838 2655 178.60 69.36
< @F 6839 2654 178.63 69.33
< @F 6840 2653 178.65 69.30
< @F 6841 2652 178.68 69.28
< @F 6842 2651 178.70 69.25
< @F 6843 2650 178.73 69.22
< @F 6844 2649 178.76 69.20
< @F 6845 2648 178.78 69.17
< @F 6846 2647 178.81 69.15
< @F 6847 2646 178.84 69.12
< @F 6848 2645 178.86 69.09
< @F 6849 2644 178.89 69.07
< @F 6850 2643 178.91 69.04
< @F 6851 2642 178.94 69.02
< @F 6852 2641 178.97 68.99
< @F 6853 2640 178.99 68.96
< @F 6854 2639 179.02 68.94
< @F 6855 2638 179.04 68.91
< @F 6856 2637 179.07 68.88
< @F 6857 2636 179.10 68.86
< @F 6858 2635 179.12 68.83
< @F 6859 2634 179.15 68.81
< @F 6860 2633 179.17 68.78
< @F 6861 2632 179.20 68.75
< @F 6862 2631 179.23 68.73
< @F 6863 2630 179.25 68.70
< @F 6864 2629 179.28 68.68
< @F 6865 2628 179.31 68.65
< @F 6866 2627 179.33 68.62
< @F 6867 2626 179.36 68.60
< @F 6868 2625 179.38 68.57
< @F 6869 2624 179.41 68.55
< @F 6870 2623 179.44 68.52
< @F 6871 2622 179.46 68.49
< @F 6872 2621 179.49 68.47
< @F 6873 2620 179.51 68.44
< @F 6874 2619 179.54 68.41
< @F 6875 2618 179.57 68.39
< @F 6876 2617 179.59 68.36
< @F 6877 2616 179.62 68.34
< @F 6878 2615 179.65 68.31
< @F 6879 2614 179.67 68.28
< @F 6880 2613 179.70 68.26
< @F 6881 2612 179.72 68.23
< @F 6882 2611 179.75 68.21
< @F 6883 2610 179.78 68.18
< @F 6884 2609 179.80 68.15
< @F 6885 2608 179.83 68.13
< @F 6886 2607 179.85 68.10
< @F 6887 2606 179.88 68.08
< @F 6888 2605 179.91 68.05
< @F 6889 2604 179.93 68.02
< @F 6890 2603 179.96 68.00
< @F 6891 2602 179.98 67.97
< @F 6892 2601 180.01 67.94
< @F 6893 2600 180.04 67.92
< @F 6894 2599 180.06 67.89
< @F 6895 2598 180.09 67.87
< @F 6896 2597 180.12 67.84
< @F 6897 2596 180.14 67.81
< @F 6898 2595 180.17 67.79
< @F 6899 2594 180.19 67.76
< @F 6900 2593 180.22 67.74
< @F 6901 2592 180.25 67.71
< @F 6902 2591 180.27 67.68
< @F 6903 2590 180.30 67.66
< @F 6904 2589 180.32 67.63
< @F 6905 2588 180.35 67.60
< @F 6906 2587 180.38 67.58
< @F 6907 2586 180.40 67.55
< @F 6908 2585 180.43 67.53
< @F 6909 2584 180.45 67.50
< @F 6910 2583 180.48 67.47
< @F 6911 2582 180.51 67.45
< @F 6912 2581 180.53 67.42
< @F 6913 2580 180.56 67.40
< @F 6914 2579 180.59 67.37
< @F 6915 2578 180.61 67.34
< @F 6916 2577 180.64 67.32
< @F 6917 2576 180.66 67.29
< @F 6918 2575 180.69 67.27
< @F 6919 2574 180.72 67.24
< @F 6920 2573 180.74 67.21
< @F 6921 2572 180.77 67.19
< @F 6922 2571 180.79 67.16
< @F 6923 2570 180.82 67.13
< @F 6924 2569 180.85 67.11
< @F 6925 2568 180.87 67.08
< @F 6926 2567 180.90 67.06
< @F 6927 2566 180.93 67.03
< @F 6928 2565 180.95 67.00
< @F 6929 2564 180.98 66.98
< @F 6930 2563 181.00 66.95
< @F 6931 2562 181.03 66.93
< @F 6932 2561 181.06 66.90
< @F 6933 2560 181.08 66.87
< @F 6934 2559 181.11 66.85
< @F 6935 2558 181.13 66.82
< @F 6936 2557 181.16 66.80
< @F 6937 2556 181.19 66.77
< @F 6938 2555 181.21 66.74
< @F 6939 2554 181.24 66.72
< @F 6940 2553 181.26 66.69
< @F 6941 2552 181.29 66.66
< @F 6942 2551 181.32 66.64
< @F 6943 2550 181.34 66.61
< @F 6944 2549 181.37 66.59
< @F 6945 2548 181.40 66.56
< @F 6946 2547 181.42 66.53
< @F 6947 2546 181.45 66.51
< @F 6948 2545 181.47 66.48
< @F 6949 2544 181.50 66.46
< @F 6950 2543 181.53 66.43
< @F 6951 2542 181.55 66.40
< @F 6952 2541 181.58 66.38
< @F 6953 2540 181.60 66.35
< @F 6954 2539 181.63 66.32
< @F 6955 2538 181.66 66.30
< @F 6956 2537 181.68 66.27
< @F 6957 2536 181.71 66.25
< @F 6958 2535 181.73 66.22
< @F 6959 2534 181.76 66.19
< @F 6960 2533 181.79 66.17
< @F 6961 2532 181.81 66.14
< @F 6962 2531 181.84 66.12
< @F 6963 2530 181.87 66.09
< @F 6964 2529 181.89 66.06
< @F 6965 2528 181.92 66.04
< @F 6966 2527 181.94 66.01
< @F 6967 2526 181.97 65.99
< @F 6968 2525 182.00 65.96
< @F 6969 2524 182.02 65.93
< @F 6970 2523 182.05 65.91
< @F 6971 2522 182.07 65.88
< @F 6972 2521 182.10 65.85
< @F 6973 2520 182.13 65.83
< @F 6974 2519 182.15 65.80
< @F 6975 2518 182.18 65.78
< @F 6976 2517 182.21 65.75
< @F 6977 2516 182.23 65.72
< @F 6978 2515 182.26 65.70
< @F 6979 2514 182.28 65.67
< @F 6980 2513 182.31 65.65
< @F 6981 2512 182.34 65.62
< @F 6982 2511 182.36 65.59
< @F 6983 2510 182.39 65.57
< @F 6984 2509 182.41 65.54
< @F 6985 2508 182.44 65.52
< @F 6986 2507 182.47 65.49
< @F 6987 2506 182.49 65.46
< @F 6988 2505 182.52 65.44
< @F 6989 2504 182.54 65.41
< @F 6990 2503 182.57 65.38
< @F 6991 2502 182.60 65.36
< @F 6992 2501 182.62 65.33
< @F 6993 2500 182.65 65.31
< @F 6994 2499 182.68 65.28
< @F 6995 2498 182.70 65.25
< @F 6996 2497 182.73 65.23
< @F 6997 2496 182.75 65.20
< @F 6998 2495 182.78 65.18
< @F 6999 2494 182.81 65.15
< @F 7000 2493 182.83 65.12
< @F 7001 2492 182.86 65.10
< @F 7002 2491 182.88 65.07
< @F 7003 2490 182.91 65.04
< @F 7004 2489 182.94 65.02
< @F 7005 2488 182.96 64.99
< @F 7006 2487 182.99 64.97
< @F 7007 2486 183.01 64.94
< @F 7008 2485 183.04 64.91
< @F 7009 2484 183.07 64.89
< @F 7010 2483 183.09 64.86
< @F 7011 2482 183.12 64.84
< @F 7012 2481 183.15 64.81
< @F 7013 2480 183.17 64.78
< @F 7014 2479 183.20 64.76
< @F 7015 2478 183.22 64.73
< @F 7016 2477 183.25 64.71
< @F 7017 2476 183.28 64.68
< @F 7018 2475 183.30 64.65
< @F 7019 2474 183.33 64.63
< @F 7020 2473 183.35 64.60
< @F 7021 2472 183.38 64.57
< @F 7022 2471 183.41 64.55
< @F 7023 2470 183.43 64.52
< @F 7024 2469 183.46 64.50
< @F 7025 2468 183.49 64.47
< @F 7026 2467 183.51 64.44
< @F 7027 2466 183.54 64.42
< @F 7028 2465 183.56 64.39
< @F 7029 2464 183.59 64.37
< @F 7030 2463 183.62 64.34
< @F 7031 2462 183.64 64.31
< @F 7032 2461 183.67 64.29
< @F 7033 2460 183.69 64.26
< @F 7034 2459 183.72 64.24
< @F 7035 2458 183.75 64.21
< @F 7036 2457 183.77 64.18
< @F 7037 2456 183.80 64.16
< @F 7038 2455 183.82 64.13
< @F 7039 2454 183.85 64.10
< @F 7040 2453 183.88 64.08
< @F 7041 2452 183.90 64.05
< @F 7042 2451 183.93 64.03
< @F 7043 2450 183.96 64.00
< @F 7044 2449 183.98 63.97
< @F 7045 2448 184.01 63.95
< @F 7046 2447 184.03 63.92
< @F 7047 2446 184.06 63.90
< @F 7048 2445 184.09 63.87
< @F 7049 2444 184.11 63.84
< @F 7050 2443 184.14 63.82
< @F 7051 2442 184.16 63.79
< @F 7052 2441 184.19 63.76
< @F 7053 2440 184.22 63.74
< @F 7054 2439 184.24 63.71
< @F 7055 2438 184.27 63.69
< @F 7056 2437 184.29 63.66
< @F 7057 2436 184.32 63.63
< @F 7058 2435 184.35 63.61
< @F 7059 2434 184.37 63.58
< @F 7060 2433 184.40 63.56
< @F 7061 2432 184.43 63.53
< @F 7062 2431 184.45 63.50
< @F 7063 2430 184.48 63.48
< @F 7064 2429 184.50 63.45
< @F 7065 2428 184.53 63.43
< @F 7066 2427 184.56 63.40
< @F 7067 2426 184.58 63.37
< @F 7068 2425 184.61 63.35
< @F 7069 2424 184.63 63.32
< @F 7070 2423 184.66 63.29
< @F 7071 2422 184.69 63.27
< @F 7072 2421 184.71 63.24
< @F 7073 2420 184.74 63.22
< @F 7074 2419 184.77 63.19
< @F 7075 2418 184.79 63.16
< @F 7076 2417 184.82 63.14
< @F 7077 2416 184.84 63.11
< @F 7078 2415 184.87 63.09
< @F 7079 2414 184.90 63.06
< @F 7080 2413 184.92 63.03
< @F 7081 2412 184.95 63.01
< @F 7082 2411 184.97 62.98
< @F 7083 2410 185.00 62.96
< @F 7084 2409 185.03 62.93
< @F 7085 2408 185.05 62.90
< @F 7086 2407 185.08 62.88
< @F 7087 2406 185.10 62.85
< @F 7088 2405 185.13 62.82
< @F 7089 2404 185.16 62.80
< @F 7090 2403 185.18 62.77
< @F 7091 2402 185.21 62.75
< @F 7092 2401 185.24 62.72
< @F 7093 2400 185.26 62.69
< @F 7094 2399 185.29 62.67
< @F 7095 2398 185.31 62.64
< @F 7096 2397 185.34 62.62
< @F 7097 2396 185.37 62.59
< @F 7098 2395 185.39 62.56
< @F 7099 2394 185.42 62.54
< @F 7100 2393 185.44 62.51
< @F 7101 2392 185.47 62.48
< @F 7102 2391 185.50 62.46
< @F 7103 2390 185.52 62.43
< @F 7104 2389 185.55 62.41
< @F 7105 2388 185.57 62.38
< @F 7106 2387 185.60 62.35
< @F 7107 2386 185.63 62.33
< @F 7108 2385 185.65 62.30
< @F 7109 2384 185.68 62.28
< @F 7110 2383 185.71 62.25
< @F 7111 2382 185.73 62.22
< @F 7112 2381 185.76 62.20
< @F 7113 2380 185.78 62.17
< @F 7114 2379 185.81 62.15
< @F 7115 2378 185.84 62.12
< @F 7116 2377 185.86 62.09
< @F 7117 2376 185.89 62.07
< @F 7118 2375 185.91 62.04
< @F 7119 2374 185.94 62.01
< @F 7120 2373 185.97 61.99
< @F 7121 2372 185.99 61.96
< @F 7122 2371 186.02 61.94
< @F 7123 2370 186.05 61.91
< @F 7124 2369 186.07 61.88
< @F 7125 2368 186.10 61.86
< @F 7126 2367 186.12 61.83
< @F 7127 2366 186.15 61.81
< @F 7128 2365 186.18 61.78
< @F 7129 2364 186.20 61.75
< @F 7130 2363 186.23 61.73
< @F 7131 2362 186.25 61.70
< @F 7132 2361 186.28 61.68
< @F 7133 2360 186.31 61.65
< @F 7134 2359 186.33 61.62
< @F 7135 2358 186.36 61.60
< @F 7136 2357 186.38 61.57
< @F 7137 2356 186.41 61.54
< @F 7138 2355 186.44 61.52
< @F 7139 2354 186.46 61.49
< @F 7140 2353 186.49 61.47
< @F 7141 2352 186.52 61.44
< @F 7142 2351 186.54 61.41
< @F 7143 2350 186.57 61.39
< @F 7144 2349 186.59 61.36
< @F 7145 2348 186.62 61.34
< @F 7146 2347 186.65 61.31
< @F 7147 2346 186.67 61.28
< @F 7148 2345 186.70 61.26
< @F 7149 2344 186.72 61.23
< @F 7150 2343 186.75 61.20
< @F 7151 2342 186.78 61.18
< @F 7152 2341 186.80 61.15
< @F 7153 2340 186.83 61.13
< @F 7154 2339 186.85 61.10
< @F 7155 2338 186.88 61.07
< @F 7156 2337 186.91 61.05
< @F 7157 2336 186.93 61.02
< @F 7158 2335 186.96 61.00
< @F 7159 2334 186.99 60.97
< @F 7160 2333 187.01 60.94
< @F 7161 2332 187.04 60.92
< @F 7162 2331 187.06 60.89
< @F 7163 2330 187.09 60.87
< @F 7164 2329 187.12 60.84
< @F 7165 2328 187.14 60.81
< @F 7166 2327 187.17 60.79
< @F 7167 2326 187.19 60.76
< @F 7168 2325 187.22 60.73
< @F 7169 2324 187.25 60.71
< @F 7170 2323 187.27 60.68
< @F 7171 2322 187.30 60.66
< @F 7172 2321 187.33 60.63
< @F 7173 2320 187.35 60.60
< @F 7174 2319 187.38 60.58
< @F 7175 2318 187.40 60.55
< @F 7176 2317 187.43 60.53
< @F 7177 2316 187.46 60.50
< @F 7178 2315 187.48 60.47
< @F 7179 2314 187.51 60.45
< @F 7180 2313 187.53 60.42
< @F 7181 2312 187.56 60.40
< @F 7182 2311 187.59 60.37
< @F 7183 2310 187.61 60.34
< @F 7184 2309 187.64 60.32
< @F 7185 2308 187.66 60.29
< @F 7186 2307 187.69 60.26
< @F 7187 2306 187.72 60.24
< @F 7188 2305 187.74 60.21
< @F 7189 2304 187.77 60.19
< @F 7190 2303 187.80 60.16
< @F 7191 2302 187.82 60.13
< @F 7192 2301 187.85 60.11
< @F 7193 2300 187.87 60.08
< @F 7194 2299 187.90 60.06
< @F 7195 2298 187.93 60.03
< @F 7196 2297 187.95 60.00
< @F 7197 2296 187.98 59.98
< @F 7198 2295 188.00 59.95
< @F 7199 2294 188.03 59.92
< @F 7200 2293 188.06 59.90
< @F 7201 2292 188.08 59.87
< @F 7202 2291 188.11 59.85
< @F 7203 2290 188.13 59.82
< @F 7204 2289 188.16 59.79
< @F 7205 2288 188.19 59.77
< @F 7206 2287 188.21 59.74
< @F 7207 2286 188.24 59.72
< @F 7208 2285 188.27 59.69
< @F 7209 2284 188.29 59.66
< @F 7210 2283 188.32 59.64
< @F 7211 2282 188.34 59.61
< @F 7212 2281 188.37 59.59
< @F 7213 2280 188.40 59.56
< @F 7214 2279 188.42 59.53
< @F 7215 2278 188.45 59.51
< @F 7216 2277 188.47 59.48
< @F 7217 2276 188.50 59.45
< @F 7218 2275 188.53 59.43
< @F 7219 2274 188.55 59.40
< @F 7220 2273 188.58 59.38
< @F 7221 2272 188.61 59.35
< @F 7222 2271 188.63 59.32
< @F 7223 2270 188.66 59.30
< @F 7224 2269 188.68 59.27
< @F 7225 2268 188.71 59.25
< @F 7226 2267 188.74 59.22
< @F 7227 2266 188.76 59.19
< @F 7228 2265 188.79 59.17
< @F 7229 2264 188.81 59.14
< @F 7230 2263 188.84 59.12
< @F 7231 2262 188.87 59.09
< @F 7232 2261 188.89 59.06
< @F 7233 2260 188.92 59.04
< @F 7234 2259 188.94 59.01
< @F 7235 2258 188.97 58.98
< @F 7236 2257 189.00 58.96
< @F 7237 2256 189.02 58.93
< @F 7238 2255 189.05 58.91
< @F 7239 2254 189.08 58.88
< @F 7240 2253 189.10 58.85
< @F 7241 2252 189.13 58.83
< @F 7242 2251 189.15 58.80
< @F 7243 2250 189.18 58.78
< @F 7244 2249 189.21 58.75
< @F 7245 2248 189.23 58.72
< @F 7246 2247 189.26 58.70
< @F 7247 2246 189.28 58.67
< @F 7248 2245 189.31 58.64
< @F 7249 2244 189.34 58.62
< @F 7250 2243 189.36 58.59
< @F 7251 2242 189.39 58.57
< @F 7252 2241 189.41 58.54
< @F 7253 2240 189.44 58.51
< @F 7254 2239 189.47 58.49
< @F 7255 2238 189.49 58.46
< @F 7256 2237 189.52 58.44
< @F 7257 2236 189.55 58.41
< @F 7258 2235 189.57 58.38
< @F 7259 2234 189.60 58.36
< @F 7260 2233 189.62 58.33
< @F 7261 2232 189.65 58.31
< @F 7262 2231 189.68 58.28
< @F 7263 2230 189.70 58.25
< @F 7264 2229 189.73 58.23
< @F 7265 2228 189.75 58.20
< @F 7266 2227 189.78 58.17
< @F 7267 2226 189.81 58.15
< @F 7268 2225 189.83 58.12
< @F 7269 2224 189.86 58.10
< @F 7270 2223 189.89 58.07
< @F 7271 2222 189.91 58.04
< @F 7272 2221 189.94 58.02
< @F 7273 2220 189.96 57.99
< @F 7274 2219 189.99 57.97
< @F 7275 2218 190.02 57.94
< @F 7276 2217 190.04 57.91
< @F 7277 2216 190.07 57.89
< @F 7278 2215 190.09 57.86
< @F 7279 2214 190.12 57.84
< @F 7280 2213 190.15 57.81
< @F 7281 2212 190.17 57.78
< @F 7282 2211 190.20 57.76
< @F 7283 2210 190.22 57.73
< @F 7284 2209 190.25 57.70
< @F 7285 2208 190.28 57.68
< @F 7286 2207 190.30 57.65
< @F 7287 2206 190.33 57.63
< @F 7288 2205 190.36 57.60
< @F 7289 2204 190.38 57.57
< @F 7290 2203 190.41 57.55
< @F 7291 2202 190.43 57.52
< @F 7292 2201 190.46 57.50
< @F 7293 2200 190.49 57.47
< @F 7294 2199 190.51 57.44
< @F 7295 2198 190.54 57.42
< @F 7296 2197 190.56 57.39
< @F 7297 2196 190.59 57.36
< @F 7298 2195 190.62 57.34
< @F 7299 2194 190.64 57.31
< @F 7300 2193 190.67 57.29
< @F 7301 2192 190.69 57.26
< @F 7302 2191 190.72 57.23
< @F 7303 2190 190.75 57.21
< @F 7304 2189 190.77 57.18
< @F 7305 2188 190.80 57.16
< @F 7306 2187 190.83 57.13
< @F 7307 2186 190.85 57.10
< @F 7308 2185 190.88 57.08
< @F 7309 2184 190.90 57.05
< @F 7310 2183 190.93 57.03
< @F 7311 2182 190.96 57.00
< @F 7312 2181 190.98 56.97
< @F 7313 2180 191.01 56.95
< @F 7314 2179 191.03 56.92
< @F 7315 2178 191.06 56.89
< @F 7316 2177 191.09 56.87
< @F 7317 2176 191.11 56.84
< @F 7318 2175 191.14 56.82
< @F 7319 2174 191.17 56.79
< @F 7320 2173 191.19 56.76
< @F 7321 2172 191.22 56.74
< @F 7322 2171 191.24 56.71
< @F 7323 2170 191.27 56.69
< @F 7324 2169 191.30 56.66
< @F 7325 2168 191.32 56.63
< @F 7326 2167 191.35 56.61
< @F 7327 2166 191.37 56.58
< @F 7328 2165 191.40 56.56
< @F 7329 2164 191.43 56.53
< @F 7330 2163 191.45 56.50
< @F 7331 2162 191.48 56.48
< @F 7332 2161 191.50 56.45
< @F 7333 2160 191.53 56.42
< @F 7334 2159 191.56 56.40
< @F 7335 2158 191.58 56.37
< @F 7336 2157 191.61 56.35
< @F 7337 2156 191.64 56.32
< @F 7338 2155 191.66 56.29
< @F 7339 2154 191.69 56.27
< @F 7340 2153 191.71 56.24
< @F 7341 2152 191.74 56.22
< @F 7342 2151 191.77 56.19
< @F 7343 2150 191.79 56.16
< @F 7344 2149 191.82 56.14
< @F 7345 2148 191.84 56.11
< @F 7346 2147 191.87 56.08
< @F 7347 2146 191.90 56.06
< @F 7348 2145 191.92 56.03
< @F 7349 2144 191.95 56.01
< @F 7350 2143 191.97 55.98
< @F 7351 2142 192.00 55.95
< @F 7352 2141 192.03 55.93
< @F 7353 2140 192.05 55.90
< @F 7354 2139 192.08 55.88
< @F 7355 2138 192.11 55.85
< @F 7356 2137 192.13 55.82
< @F 7357 2136 192.16 55.80
< @F 7358 2135 192.18 55.77
< @F 7359 2134 192.21 55.75
< @F 7360 2133 192.24 55.72
< @F 7361 2132 192.26 55.69
< @F 7362 2131 192.29 55.67
< @F 7363 2130 192.31 55.64
< @F 7364 2129 192.34 55.61
< @F 7365 2128 192.37 55.59
< @F 7366 2127 192.39 55.56
< @F 7367 2126 192.42 55.54
< @F 7368 2125 192.45 55.51
< @F 7369 2124 192.47 55.48
< @F 7370 2123 192.50 55.46
< @F 7371 2122 192.52 55.43
< @F 7372 2121 192.55 55.41
< @F 7373 2120 192.58 55.38
< @F 7374 2119 192.60 55.35
< @F 7375 2118 192.63 55.33
< @F 7376 2117 192.65 55.30
< @F 7377 2116 192.68 55.28
< @F 7378 2115 192.71 55.25
< @F 7379 2114 192.73 55.22
< @F 7380 2113 192.76 55.20
< @F 7381 2112 192.78 55.17
< @F 7382 2111 192.81 55.14
< @F 7383 2110 192.84 55.12
< @F 7384 2109 192.86 55.09
< @F 7385 2108 192.89 55.07
< @F 7386 2107 192.92 55.04
< @F 7387 2106 192.94 55.01
< @F 7388 2105 192.97 54.99
< @F 7389 2104 192.99 54.96
< @F 7390 2103 193.02 54.94
< @F 7391 2102 193.05 54.91
< @F 7392 2101 193.07 54.88
< @F 7393 2100 193.10 54.86
< @F 7394 2099 193.12 54.83
< @F 7395 2098 193.15 54.80
< @F 7396 2097 193.18 54.78
< @F 7397 2096 193.20 54.75
< @F 7398 2095 193.23 54.73
< @F 7399 2094 193.25 54.70
< @F 7400 2093 193.28 54.67
< @F 7401 2092 193.31 54.65
< @F 7402 2091 193.33 54.62
< @F 7403 2090 193.36 54.60
< @F 7404 2089 193.39 54.57
< @F 7405 2088 193.41 54.54
< @F 7406 2087 193.44 54.52
< @F 7407 2086 193.46 54.49
< @F 7408 2085 193.49 54.47
< @F 7409 2084 193.52 54.44
< @F 7410 2083 193.54 54.41
< @F 7411 2082 193.57 54.39
< @F 7412 2081 193.59 54.36
< @F 7413 2080 193.62 54.33
< @F 7414 2079 193.65 54.31
< @F 7415 2078 193.67 54.28
< @F 7416 2077 193.70 54.26
< @F 7417 2076 193.73 54.23
< @F 7418 2075 193.75 54.20
< @F 7419 2074 193.78 54.18
< @F 7420 2073 193.80 54.15
< @F 7421 2072 193.83 54.13
< @F 7422 2071 193.86 54.10
< @F 7423 2070 193.88 54.07
< @F 7424 2069 193.91 54.05
< @F 7425 2068 193.93 54.02
< @F 7426 2067 193.96 54.00
< @F 7427 2066 193.99 53.97
< @F 7428 2065 194.01 53.94
< @F 7429 2064 194.04 53.92
< @F 7430 2063 194.06 53.89
< @F 7431 2062 194.09 53.86
< @F 7432 2061 194.12 53.84
< @F 7433 2060 194.14 53.81
< @F 7434 2059 194.17 53.79
< @F 7435 2058 194.20 53.76
< @F 7436 2057 194.22 53.73
< @F 7437 2056 194.25 53.71
< @F 7438 2055 194.27 53.68
< @F 7439 2054 194.30 53.66
< @F 7440 2053 194.33 53.63
< @F 7441 2052 194.35 53.60
< @F 7442 2051 194.38 53.58
< @F 7443 2050 194.40 53.55
< @F 7444 2049 194.43 53.52
< @F 7445 2048 194.46 53.50
< @F 7446 2047 194.48 53.47
< @F 7447 2046 194.51 53.45
< @F 7448 2045 194.53 53.42
< @F 7449 2044 194.56 53.39
< @F 7450 2043 194.59 53.37
< @F 7451 2042 194.61 53.34
< @F 7452 2041 194.64 53.32
< @F 7453 2040 194.67 53.29
< @F 7454 2039 194.69 53.26
< @F 7455 2038 194.72 53.24
< @F 7456 2037 194.74 53.21
< @F 7457 2036 194.77 53.19
< @F 7458 2035 194.80 53.16
< @F 7459 2034 194.82 53.13
< @F 7460 2033 194.85 53.11
< @F 7461 2032 194.87 53.08
< @F 7462 2031 194.90 53.05
< @F 7463 2030 194.93 53.03
< @F 7464 2029 194.95 53.00
< @F 7465 2028 194.98 52.98
< @F 7466 2027 195.01 52.95
< @F 7467 2026 195.03 52.92
< @F 7468 2025 195.06 52.90
< @F 7469 2024 195.08 52.87
< @F 7470 2023 195.11 52.85
< @F 7471 2022 195.14 52.82
< @F 7472 2021 195.16 52.79
< @F 7473 2020 195.19 52.77
< @F 7474 2019 195.21 52.74
< @F 7475 2018 195.24 52.72
< @F 7476 2017 195.27 52.69
< @F 7477 2016 195.29 52.66
< @F 7478 2015 195.32 52.64
< @F 7479 2014 195.34 52.61
< @F 7480 2013 195.37 52.58
< @F 7481 2012 195.40 52.56
< @F 7482 2011 195.42 52.53
< @F 7483 2010 195.45 52.51
< @F 7484 2009 195.48 52.48
< @F 7485 2008 195.50 52.45
< @F 7486 2007 195.53 52.43
< @F 7487 2006 195.55 52.40
< @F 7488 2005 195.58 52.38
< @F 7489 2004 195.61 52.35
< @F 7490 2003 195.63 52.32
< @F 7491 2002 195.66 52.30
< @F 7492 2001 195.68 52.27
< @F 7493 2000 195.71 52.24
< @F 7494 1999 195.74 52.22
< @F 7495 1998 195.76 52.19
< @F 7496 1997 195.79 52.17
< @F 7497 1996 195.81 52.14
< @F 7498 1995 195.84 52.11
< @F 7499 1994 195.87 52.09
< @F 7500 1993 195.89 52.06
< @F 7501 1992 195.92 52.04
< @F 7502 1991 195.95 52.01
< @F 7503 1990 195.97 51.98
< @F 7504 1989 196.00 51.96
< @F 7505 1988 196.02 51.93
< @F 7506 1987 196.05 51.91
< @F 7507 1986 196.08 51.88
< @F 7508 1985 196.10 51.85
< @F 7509 1984 196.13 51.83
< @F 7510 1983 196.15 51.80
< @F 7511 1982 196.18 51.77
< @F 7512 1981 196.21 51.75
< @F 7513 1980 196.23 51.72
< @F 7514 1979 196.26 51.70
< @F 7515 1978 196.29 51.67
< @F 7516 1977 196.31 51.64
< @F 7517 1976 196.34 51.62
< @F 7518 1975 196.36 51.59
< @F 7519 1974 196.39 51.57
< @F 7520 1973 196.42 51.54
< @F 7521 1972 196.44 51.51
< @F 7522 1971 196.47 51.49
< @F 7523 1970 196.49 51.46
< @F 7524 1969 196.52 51.44
< @F 7525 1968 196.55 51.41
< @F 7526 1967 196.57 51.38
< @F 7527 1966 196.60 51.36
< @F 7528 1965 196.62 51.33
< @F 7529 1964 196.65 51.30
< @F 7530 1963 196.68 51.28
< @F 7531 1962 196.70 51.25
< @F 7532 1961 196.73 51.23
< @F 7533 1960 196.76 51.20
< @F 7534 1959 196.78 51.17
< @F 7535 1958 196.81 51.15
< @F 7536 1957 196.83 51.12
< @F 7537 1956 196.86 51.10
< @F 7538 1955 196.89 51.07
< @F 7539 1954 196.91 51.04
< @F 7540 1953 196.94 51.02
< @F 7541 1952 196.96 50.99
< @F 7542 1951 196.99 50.96
< @F 7543 1950 197.02 50.94
< @F 7544 1949 197.04 50.91
< @F 7545 1948 197.07 50.89
< @F 7546 1947 197.09 50.86
< @F 7547 1946 197.12 50.83
< @F 7548 1945 197.15 50.81
< @F 7549 1944 197.17 50.78
< @F 7550 1943 197.20 50.76
< @F 7551 1942 197.23 50.73
< @F 7552 1941 197.25 50.70
< @F 7553 1940 197.28 50.68
< @F 7554 1939 197.30 50.65
< @F 7555 1938 197.33 50.63
< @F 7556 1937 197.36 50.60
< @F 7557 1936 197.38 50.57
< @F 7558 1935 197.41 50.55
< @F 7559 1934 197.43 50.52
< @F 7560 1933 197.46 50.49
< @F 7561 1932 197.49 50.47
< @F 7562 1931 197.51 50.44
< @F 7563 1930 197.54 50.42
< @F 7564 1929 197.57 50.39
< @F 7565 1928 197.59 50.36
< @F 7566 1927 197.62 50.34
< @F 7567 1926 197.64 50.31
< @F 7568 1925 197.67 50.29
< @F 7569 1924 197.70 50.26
< @F 7570 1923 197.72 50.23
< @F 7571 1922 197.75 50.21
< @F 7572 1921 197.77 50.18
< @F 7573 1920 197.80 50.16
< @F 7574 1919 197.83 50.13
< @F 7575 1918 197.85 50.10
< @F 7576 1917 197.88 50.08
< @F 7577 1916 197.90 50.05
< @F 7578 1915 197.93 50.02
< @F 7579 1914 197.96 50.00
< @F 7580 1913 197.98 49.97
< @F 7581 1912 198.01 49.95
< @F 7582 1911 198.04 49.92
< @F 7583 1910 198.06 49.89
< @F 7584 1909 198.09 49.87
< @F 7585 1908 198.11 49.84
< @F 7586 1907 198.14 49.82
< @F 7587 1906 198.17 49.79
< @F 7588 1905 198.19 49.76
< @F 7589 1904 198.22 49.74
< @F 7590 1903 198.24 49.71
< @F 7591 1902 198.27 49.68
< @F 7592 1901 198.30 49.66
< @F 7593 1900 198.32 49.63
< @F 7594 1899 198.35 49.61
< @F 7595 1898 198.37 49.58
< @F 7596 1897 198.40 49.55
< @F 7597 1896 198.43 49.53
< @F 7598 1895 198.45 49.50
< @F 7599 1894 198.48 49.48
< @F 7600 1893 198.51 49.45
< @F 7601 1892 198.53 49.42
< @F 7602 1891 198.56 49.40
< @F 7603 1890 198.58 49.37
< @F 7604 1889 198.61 49.35
< @F 7605 1888 198.64 49.32
< @F 7606 1887 198.66 49.29
< @F 7607 1886 198.69 49.27
< @F 7608 1885 198.71 49.24
< @F 7609 1884 198.74 49.21
< @F 7610 1883 198.77 49.19
< @F 7611 1882 198.79 49.16
< @F 7612 1881 198.82 49.14
< @F 7613 1880 198.85 49.11
< @F 7614 1879 198.87 49.08
< @F 7615 1878 198.90 49.06
< @F 7616 1877 198.92 49.03
< @F 7617 1876 198.95 49.01
< @F 7618 1875 198.98 48.98
< @F 7619 1874 199.00 48.95
< @F 7620 1873 199.03 48.93
< @F 7621 1872 199.05 48.90
< @F 7622 1871 199.08 48.88
< @F 7623 1870 199.11 48.85
< @F 7624 1869 199.13 48.82
< @F 7625 1868 199.16 48.80
< @F 7626 1867 199.18 48.77
< @F 7627 1866 199.21 48.74
< @F 7628 1865 199.24 48.72
< @F 7629 1864 199.26 48.69
< @F 7630 1863 199.29 48.67
< @F 7631 1862 199.32 48.64
< @F 7632 1861 199.34 48.61
< @F 7633 1860 199.37 48.59
< @F 7634 1859 199.39 48.56
< @F 7635 1858 199.42 48.54
< @F 7636 1857 199.45 48.51
< @F 7637 1856 199.47 48.48
< @F 7638 1855 199.50 48.46
< @F 7639 1854 199.52 48.43
< @F 7640 1853 199.55 48.40
< @F 7641 1852 199.58 48.38
< @F 7642 1851 199.60 48.35
< @F 7643 1850 199.63 48.33
< @F 7644 1849 199.65 48.30
< @F 7645 1848 199.68 48.27
< @F 7646 1847 199.71 48.25
< @F 7647 1846 199.73 48.22
< @F 7648 1845 199.76 48.20
< @F 7649 1844 199.79 48.17
< @F 7650 1843 199.81 48.14
< @F 7651 1842 199.84 48.12
< @F 7652 1841 199.86 48.09
< @F 7653 1840 199.89 48.07
< @F 7654 1839 199.92 48.04
< @F 7655 1838 199.94 48.01
< @F 7656 1837 199.97 47.99
< @F 7657 1836 199.99 47.96
< @F 7658 1835 200.02 47.93
< @F 7659 1834 200.05 47.91
< @F 7660 1833 200.07 47.88
< @F 7661 1832 200.10 47.86
< @F 7662 1831 200.13 47.83
< @F 7663 1830 200.15 47.80
< @F 7664 1829 200.18 47.78
< @F 7665 1828 200.20 47.75
< @F 7666 1827 200.23 47.73
< @F 7667 1826 200.26 47.70
< @F 7668 1825 200.28 47.67
< @F 7669 1824 200.31 47.65
< @F 7670 1823 200.33 47.62
< @F 7671 1822 200.36 47.60
< @F 7672 1821 200.39 47.57
< @F 7673 1820 200.41 47.54
< @F 7674 1819 200.44 47.52
< @F 7675 1818 200.46 47.49
< @F 7676 1817 200.49 47.46
< @F 7677 1816 200.52 47.44
< @F 7678 1815 200.54 47.41
< @F 7679 1814 200.57 47.39
< @F 7680 1813 200.60 47.36
< @F 7681 1812 200.62 47.33
< @F 7682 1811 200.65 47.31
< @F 7683 1810 200.67 47.28
< @F 7684 1809 200.70 47.26
< @F 7685 1808 200.73 47.23
< @F 7686 1807 200.75 47.20
< @F 7687 1806 200.78 47.18
< @F 7688 1805 200.80 47.15
< @F 7689 1804 200.83 47.12
< @F 7690 1803 200.86 47.10
< @F 7691 1802 200.88 47.07
< @F 7692 1801 200.91 47.05
< @F 7693 1800 200.93 47.02
< @F 7694 1799 200.96 46.99
< @F 7695 1798 200.99 46.97
< @F 7696 1797 201.01 46.94
< @F 7697 1796 201.04 46.92
< @F 7698 1795 201.07 46.89
< @F 7699 1794 201.09 46.86
< @F 7700 1793 201.12 46.84
< @F 7701 1792 201.14 46.81
< @F 7702 1791 201.17 46.79
< @F 7703 1790 201.20 46.76
< @F 7704 1789 201.22 46.73
< @F 7705 1788 201.25 46.71
< @F 7706 1787 201.27 46.68
< @F 7707 1786 201.30 46.65
< @F 7708 1785 201.33 46.63
< @F 7709 1784 201.35 46.60
< @F 7710 1783 201.38 46.58
< @F 7711 1782 201.41 46.55
< @F 7712 1781 201.43 46.52
< @F 7713 1780 201.46 46.50
< @F 7714 1779 201.48 46.47
< @F 7715 1778 201.51 46.45
< @F 7716 1777 201.54 46.42
< @F 7717 1776 201.56 46.39
< @F 7718 1775 201.59 46.37
< @F 7719 1774 201.61 46.34
< @F 7720 1773 201.64 46.32
< @F 7721 1772 201.67 46.29
< @F 7722 1771 201.69 46.26
< @F 7723 1770 201.72 46.24
< @F 7724 1769 201.74 46.21
< @F 7725 1768 201.77 46.18
< @F 7726 1767 201.80 46.16
< @F 7727 1766 201.82 46.13
< @F 7728 1765 201.85 46.11
< @F 7729 1764 201.88 46.08
< @F 7730 1763 201.90 46.05
< @F 7731 1762 201.93 46.03
< @F 7732 1761 201.95 46.00
< @F 7733 1760 201.98 45.98
< @F 7734 1759 202.01 45.95
< @F 7735 1758 202.03 45.92
< @F 7736 1757 202.06 45.90
< @F 7737 1756 202.08 45.87
< @F 7738 1755 202.11 45.84
< @F 7739 1754 202.14 45.82
< @F 7740 1753 202.16 45.79
< @F 7741 1752 202.19 45.77
< @F 7742 1751 202.21 45.74
< @F 7743 1750 202.24 45.71
< @F 7744 1749 202.27 45.69
< @F 7745 1748 202.29 45.66
< @F 7746 1747 202.32 45.64
< @F 7747 1746 202.35 45.61
< @F 7748 1745 202.37 45.58
< @F 7749 1744 202.40 45.56
< @F 7750 1743 202.42 45.53
< @F 7751 1742 202.45 45.51
< @F 7752 1741 202.48 45.48
< @F 7753 1740 202.50 45.45
< @F 7754 1739 202.53 45.43
< @F 7755 1738 202.55 45.40
< @F 7756 1737 202.58 45.37
< @F 7757 1736 202.61 45.35
< @F 7758 1735 202.63 45.32
< @F 7759 1734 202.66 45.30
< @F 7760 1733 202.69 45.27
< @F 7761 1732 202.71 45.24
< @F 7762 1731 202.74 45.22
< @F 7763 1730 202.76 45.19
< @F 7764 1729 202.79 45.17
< @F 7765 1728 202.82 45.14
< @F 7766 1727 202.84 45.11
< @F 7767 1726 202.87 45.09
< @F 7768 1725 202.89 45.06
< @F 7769 1724 202.92 45.04
< @F 7770 1723 202.95 45.01
< @F 7771 1722 202.97 44.98
< @F 7772 1721 203.00 44.96
< @F 7773 1720 203.02 44.93
< @F 7774 1719 203.05 44.90
< @F 7775 1718 203.08 44.88
< @F 7776 1717 203.10 44.85
< @F 7777 1716 203.13 44.83
< @F 7778 1715 203.16 44.80
< @F 7779 1714 203.18 44.77
< @F 7780 1713 203.21 44.75
< @F 7781 1712 203.23 44.72
< @F 7782 1711 203.26 44.70
< @F 7783 1710 203.29 44.67
< @F 7784 1709 203.31 44.64
< @F 7785 1708 203.34 44.62
< @F 7786 1707 203.36 44.59
< @F 7787 1706 203.39 44.56
< @F 7788 1705 203.42 44.54
< @F 7789 1704 203.44 44.51
< @F 7790 1703 203.47 44.49
< @F 7791 1702 203.49 44.46
< @F 7792 1701 203.52 44.43
< @F 7793 1700 203.55 44.41
< @F 7794 1699 203.57 44.38
< @F 7795 1698 203.60 44.36
< @F 7796 1697 203.63 44.33
< @F 7797 1696 203.65 44.30
< @F 7798 1695 203.68 44.28
< @F 7799 1694 203.70 44.25
< @F 7800 1693 203.73 44.23
< @F 7801 1692 203.76 44.20
< @F 7802 1691 203.78 44.17
< @F 7803 1690 203.81 44.15
< @F 7804 1689 203.83 44.12
< @F 7805 1688 203.86 44.09
< @F 7806 1687 203.89 44.07
< @F 7807 1686 203.91 44.04
< @F 7808 1685 203.94 44.02
< @F 7809 1684 203.97 43.99
< @F 7810 1683 203.99 43.96
< @F 7811 1682 204.02 43.94
< @F 7812 1681 204.04 43.91
< @F 7813 1680 204.07 43.89
< @F 7814 1679 204.10 43.86
< @F 7815 1678 204.12 43.83
< @F 7816 1677 204.15 43.81
< @F 7817 1676 204.17 43.78
< @F 7818 1675 204.20 43.76
< @F 7819 1674 204.23 43.73
< @F 7820 1673 204.25 43.70
< @F 7821 1672 204.28 43.68
< @F 7822 1671 204.30 43.65
< @F 7823 1670 204.33 43.62
< @F 7824 1669 204.36 43.60
< @F 7825 1668 204.38 43.57
< @F 7826 1667 204.41 43.55
< @F 7827 1666 204.44 43.52
< @F 7828 1665 204.46 43.49
< @F 7829 1664 204.49 43.47
< @F 7830 1663 204.51 43.44
< @F 7831 1662 204.54 43.42
< @F 7832 1661 204.57 43.39
< @F 7833 1660 204.59 43.36
< @F 7834 1659 204.62 43.34
< @F 7835 1658 204.64 43.31
< @F 7836 1657 204.67 43.28
< @F 7837 1656 204.70 43.26
< @F 7838 1655 204.72 43.23
< @F 7839 1654 204.75 43.21
< @F 7840 1653 204.77 43.18
< @F 7841 1652 204.80 43.15
< @F 7842 1651 204.83 43.13
< @F 7843 1650 204.85 43.10
< @F 7844 1649 204.88 43.08
< @F 7845 1648 204.91 43.05
< @F 7846 1647 204.93 43.02
< @F 7847 1646 204.96 43.00
< @F 7848 1645 204.98 42.97
< @F 7849 1644 205.01 42.95
< @F 7850 1643 205.04 42.92
< @F 7851 1642 205.06 42.89
< @F 7852 1641 205.09 42.87
< @F 7853 1640 205.11 42.84
< @F 7854 1639 205.14 42.81
< @F 7855 1638 205.17 42.79
< @F 7856 1637 205.19 42.76
< @F 7857 1636 205.22 42.74
< @F 7858 1635 205.25 42.71
< @F 7859 1634 205.27 42.68
< @F 7860 1633 205.30 42.66
< @F 7861 1632 205.32 42.63
< @F 7862 1631 205.35 42.61
< @F 7863 1630 205.38 42.58
< @F 7864 1629 205.40 42.55
< @F 7865 1628 205.43 42.53
< @F 7866 1627 205.45 42.50
< @F 7867 1626 205.48 42.48
< @F 7868 1625 205.51 42.45
< @F 7869 1624 205.53 42.42
< @F 7870 1623 205.56 42.40
< @F 7871 1622 205.58 42.37
< @F 7872 1621 205.61 42.34
< @F 7873 1620 205.64 42.32
< @F 7874 1619 205.66 42.29
< @F 7875 1618 205.69 42.27
< @F 7876 1617 205.72 42.24
< @F 7877 1616 205.74 42.21
< @F 7878 1615 205.77 42.19
< @F 7879 1614 205.79 42.16
< @F 7880 1613 205.82 42.14
< @F 7881 1612 205.85 42.11
< @F 7882 1611 205.87 42.08
< @F 7883 1610 205.90 42.06
< @F 7884 1609 205.92 42.03
< @F 7885 1608 205.95 42.00
< @F 7886 1607 205.98 41.98
< @F 7887 1606 206.00 41.95
< @F 7888 1605 206.03 41.93
< @F 7889 1604 206.05 41.90
< @F 7890 1603 206.08 41.87
< @F 7891 1602 206.11 41.85
< @F 7892 1601 206.13 41.82
< @F 7893 1600 206.16 41.80
< @F 7894 1599 206.19 41.77
< @F 7895 1598 206.21 41.74
< @F 7896 1597 206.24 41.72
< @F 7897 1596 206.26 41.69
< @F 7898 1595 206.29 41.67
< @F 7899 1594 206.32 41.64
< @F 7900 1593 206.34 41.61
< @F 7901 1592 206.37 41.59
< @F 7902 1591 206.39 41.56
< @F 7903 1590 206.42 41.53
< @F 7904 1589 206.45 41.51
< @F 7905 1588 206.47 41.48
< @F 7906 1587 206.50 41.46
< @F 7907 1586 206.53 41.43
< @F 7908 1585 206.55 41.40
< @F 7909 1584 206.58 41.38
< @F 7910 1583 206.60 41.35
< @F 7911 1582 206.63 41.33
< @F 7912 1581 206.66 41.30
< @F 7913 1580 206.68 41.27
< @F 7914 1579 206.71 41.25
< @F 7915 1578 206.73 41.22
< @F 7916 1577 206.76 41.20
< @F 7917 1576 206.79 41.17
< @F 7918 1575 206.81 41.14
< @F 7919 1574 206.84 41.12
< @F 7920 1573 206.86 41.09
< @F 7921 1572 206.89 41.06
< @F 7922 1571 206.92 41.04
< @F 7923 1570 206.94 41.01
< @F 7924 1569 206.97 40.99
< @F 7925 1568 207.00 40.96
< @F 7926 1567 207.02 40.93
< @F 7927 1566 207.05 40.91
< @F 7928 1565 207.07 40.88
< @F 7929 1564 207.10 40.86
< @F 7930 1563 207.13 40.83
< @F 7931 1562 207.15 40.80
< @F 7932 1561 207.18 40.78
< @F 7933 1560 207.20 40.75
< @F 7934 1559 207.23 40.72
< @F 7935 1558 207.26 40.70
< @F 7936 1557 207.28 40.67
< @F 7937 1556 207.31 40.65
< @F 7938 1555 207.33 40.62
< @F 7939 1554 207.36 40.59
< @F 7940 1553 207.39 40.57
< @F 7941 1552 207.41 40.54
< @F 7942 1551 207.44 40.52
< @F 7943 1550 207.47 40.49
< @F 7944 1549 207.49 40.46
< @F 7945 1548 207.52 40.44
< @F 7946 1547 207.54 40.41
< @F 7947 1546 207.57 40.39
< @F 7948 1545 207.60 40.36
< @F 7949 1544 207.62 40.33
< @F 7950 1543 207.65 40.31
< @F 7951 1542 207.67 40.28
< @F 7952 1541 207.70 40.25
< @F 7953 1540 207.73 40.23
< @F 7954 1539 207.75 40.20
< @F 7955 1538 207.78 40.18
< @F 7956 1537 207.81 40.15
< @F 7957 1536 207.83 40.12
< @F 7958 1535 207.86 40.10
< @F 7959 1534 207.88 40.07
< @F 7960 1533 207.91 40.05
< @F 7961 1532 207.94 40.02
< @F 7962 1531 207.96 39.99
< @F 7963 1530 207.99 39.97
< @F 7964 1529 208.01 39.94
< @F 7965 1528 208.04 39.92
< @F 7966 1527 208.07 39.89
< @F 7967 1526 208.09 39.86
< @F 7968 1525 208.12 39.84
< @F 7969 1524 208.14 39.81
< @F 7970 1523 208.17 39.78
< @F 7971 1522 208.20 39.76
< @F 7972 1521 208.22 39.73
< @F 7973 1520 208.25 39.71
< @F 7974 1519 208.28 39.68
< @F 7975 1518 208.30 39.65
< @F 7976 1517 208.33 39.63
< @F 7977 1516 208.35 39.60
< @F 7978 1515 208.38 39.58
< @F 7979 1514 208.41 39.55
< @F 7980 1513 208.43 39.52
< @F 7981 1512 208.46 39.50
< @F 7982 1511 208.48 39.47
< @F 7983 1510 208.51 39.44
< @F 7984 1509 208.54 39.42
< @F 7985 1508 208.56 39.39
< @F 7986 1507 208.59 39.37
< @F 7987 1506 208.61 39.34
< @F 7988 1505 208.64 39.31
< @F 7989 1504 208.67 39.29
< @F 7990 1503 208.69 39.26
< @F 7991 1502 208.72 39.24
< @F 7992 1501 208.75 39.21
< @F 7993 1500 208.77 39.18
< @F 7994 1499 208.80 39.16
< @F 7995 1498 208.82 39.13
< @F 7996 1497 208.85 39.11
< @F 7997 1496 208.88 39.08
< @F 7998 1495 208.90 39.05
< @F 7999 1494 208.93 39.03
< @F 8000 1493 208.95 39.00
< @F 8001 1492 208.98 38.97
< @F 8002 1491 209.01 38.95
< @F 8003 1490 209.03 38.92
< @F 8004 1489 209.06 38.90
< @F 8005 1488 209.09 38.87
< @F 8006 1487 209.11 38.84
< @F 8007 1486 209.14 38.82
< @F 8008 1485 209.16 38.79
< @F 8009 1484 209.19 38.77
< @F 8010 1483 209.22 38.74
< @F 8011 1482 209.24 38.71
< @F 8012 1481 209.27 38.69
< @F 8013 1480 209.29 38.66
< @F 8014 1479 209.32 38.64
< @F 8015 1478 209.35 38.61
< @F 8016 1477 209.37 38.58
< @F 8017 1476 209.40 38.56
< @F 8018 1475 209.42 38.53
< @F 8019 1474 209.45 38.50
< @F 8020 1473 209.48 38.48
< @F 8021 1472 209.50 38.45
< @F 8022 1471 209.53 38.43
< @F 8023 1470 209.56 38.40
< @F 8024 1469 209.58 38.37
< @F 8025 1468 209.61 38.35
< @F 8026 1467 209.63 38.32
< @F 8027 1466 209.66 38.30
< @F 8028 1465 209.69 38.27
< @F 8029 1464 209.71 38.24
< @F 8030 1463 209.74 38.22
< @F 8031 1462 209.76 38.19
< @F 8032 1461 209.79 38.16
< @F 8033 1460 209.82 38.14
< @F 8034 1459 209.84 38.11
< @F 8035 1458 209.87 38.09
< @F 8036 1457 209.89 38.06
< @F 8037 1456 209.92 38.03
< @F 8038 1455 209.95 38.01
< @F 8039 1454 209.97 37.98
< @F 8040 1453 210.00 37.96
< @F 8041 1452 210.03 37.93
< @F 8042 1451 210.05 37.90
< @F 8043 1450 210.08 37.88
< @F 8044 1449 210.10 37.85
< @F 8045 1448 210.13 37.83
< @F 8046 1447 210.16 37.80
< @F 8047 1446 210.18 37.77
< @F 8048 1445 210.21 37.75
< @F 8049 1444 210.23 37.72
< @F 8050 1443 210.26 37.69
< @F 8051 1442 210.29 37.67
< @F 8052 1441 210.31 37.64
< @F 8053 1440 210.34 37.62
< @F 8054 1439 210.37 37.59
< @F 8055 1438 210.39 37.56
< @F 8056 1437 210.42 37.54
< @F 8057 1436 210.44 37.51
< @F 8058 1435 210.47 37.49
< @F 8059 1434 210.50 37.46
< @F 8060 1433 210.52 37.43
< @F 8061 1432 210.55 37.41
< @F 8062 1431 210.57 37.38
< @F 8063 1430 210.60 37.36
< @F 8064 1429 210.63 37.33
< @F 8065 1428 210.65 37.30
< @F 8066 1427 210.68 37.28
< @F 8067 1426 210.70 37.25
< @F 8068 1425 210.73 37.22
< @F 8069 1424 210.76 37.20
< @F 8070 1423 210.78 37.17
< @F 8071 1422 210.81 37.15
< @F 8072 1421 210.84 37.12
< @F 8073 1420 210.86 37.09
< @F 8074 1419 210.89 37.07
< @F 8075 1418 210.91 37.04
< @F 8076 1417 210.94 37.02
< @F 8077 1416 210.97 36.99
< @F 8078 1415 210.99 36.96
< @F 8079 1414 211.02 36.94
< @F 8080 1413 211.04 36.91
< @F 8081 1412 211.07 36.88
< @F 8082 1411 211.10 36.86
< @F 8083 1410 211.12 36.83
< @F 8084 1409 211.15 36.81
< @F 8085 1408 211.17 36.78
< @F 8086 1407 211.20 36.75
< @F 8087 1406 211.23 36.73
< @F 8088 1405 211.25 36.70
< @F 8089 1404 211.28 36.68
< @F 8090 1403 211.31 36.65
< @F 8091 1402 211.33 36.62
< @F 8092 1401 211.36 36.60
< @F 8093 1400 211.38 36.57
< @F 8094 1399 211.41 36.55
< @F 8095 1398 211.44 36.52
< @F 8096 1397 211.46 36.49
< @F 8097 1396 211.49 36.47
< @F 8098 1395 211.51 36.44
< @F 8099 1394 211.54 36.41
< @F 8100 1393 211.57 36.39
< @F 8101 1392 211.59 36.36
< @F 8102 1391 211.62 36.34
< @F 8103 1390 211.65 36.31
< @F 8104 1389 211.67 36.28
< @F 8105 1388 211.70 36.26
< @F 8106 1387 211.72 36.23
< @F 8107 1386 211.75 36.21
< @F 8108 1385 211.78 36.18
< @F 8109 1384 211.80 36.15
< @F 8110 1383 211.83 36.13
< @F 8111 1382 211.85 36.10
< @F 8112 1381 211.88 36.08
< @F 8113 1380 211.91 36.05
< @F 8114 1379 211.93 36.02
< @F 8115 1378 211.96 36.00
< @F 8116 1377 211.98 35.97
< @F 8117 1376 212.01 35.94
< @F 8118 1375 212.04 35.92
< @F 8119 1374 212.06 35.89
< @F 8120 1373 212.09 35.87
< @F 8121 1372 212.12 35.84
< @F 8122 1371 212.14 35.81
< @F 8123 1370 212.17 35.79
< @F 8124 1369 212.19 35.76
< @F 8125 1368 212.22 35.74
< @F 8126 1367 212.25 35.71
< @F 8127 1366 212.27 35.68
< @F 8128 1365 212.30 35.66
< @F 8129 1364 212.32 35.63
< @F 8130 1363 212.35 35.60
< @F 8131 1362 212.38 35.58
< @F 8132 1361 212.40 35.55
< @F 8133 1360 212.43 35.53
< @F 8134 1359 212.45 35.50
< @F 8135 1358 212.48 35.47
< @F 8136 1357 212.51 35.45
< @F 8137 1356 212.53 35.42
< @F 8138 1355 212.56 35.40
< @F 8139 1354 212.59 35.37
< @F 8140 1353 212.61 35.34
< @F 8141 1352 212.64 35.32
< @F 8142 1351 212.66 35.29
< @F 8143 1350 212.69 35.27
< @F 8144 1349 212.72 35.24
< @F 8145 1348 212.74 35.21
< @F 8146 1347 212.77 35.19
< @F 8147 1346 212.79 35.16
< @F 8148 1345 212.82 35.13
< @F 8149 1344 212.85 35.11
< @F 8150 1343 212.87 35.08
< @F 8151 1342 212.90 35.06
< @F 8152 1341 212.93 35.03
< @F 8153 1340 212.95 35.00
< @F 8154 1339 212.98 34.98
< @F 8155 1338 213.00 34.95
< @F 8156 1337 213.03 34.93
< @F 8157 1336 213.06 34.90
< @F 8158 1335 213.08 34.87
< @F 8159 1334 213.11 34.85
< @F 8160 1333 213.13 34.82
< @F 8161 1332 213.16 34.80
< @F 8162 1331 213.19 34.77
< @F 8163 1330 213.21 34.74
< @F 8164 1329 213.24 34.72
< @F 8165 1328 213.26 34.69
< @F 8166 1327 213.29 34.66
< @F 8167 1326 213.32 34.64
< @F 8168 1325 213.34 34.61
< @F 8169 1324 213.37 34.59
< @F 8170 1323 213.40 34.56
< @F 8171 1322 213.42 34.53
< @F 8172 1321 213.45 34.51
< @F 8173 1320 213.47 34.48
< @F 8174 1319 213.50 34.46
< @F 8175 1318 213.53 34.43
< @F 8176 1317 213.55 34.40
< @F 8177 1316 213.58 34.38
< @F 8178 1315 213.60 34.35
< @F 8179 1314 213.63 34.32
< @F 8180 1313 213.66 34.30
< @F 8181 1312 213.68 34.27
< @F 8182 1311 213.71 34.25
< @F 8183 1310 213.73 34.22
< @F 8184 1309 213.76 34.19
< @F 8185 1308 213.79 34.17
< @F 8186 1307 213.81 34.14
< @F 8187 1306 213.84 34.12
< @F 8188 1305 213.87 34.09
< @F 8189 1304 213.89 34.06
< @F 8190 1303 213.92 34.04
< @F 8191 1302 213.94 34.01
< @F 8192 1301 213.97 33.99
< @F 8193 1300 214.00 33.96
< @F 8194 1299 214.02 33.93
< @F 8195 1298 214.05 33.91
< @F 8196 1297 214.07 33.88
< @F 8197 1296 214.10 33.85
< @F 8198 1295 214.13 33.83
< @F 8199 1294 214.15 33.80
< @F 8200 1293 214.18 33.78
< @F 8201 1292 214.21 33.75
< @F 8202 1291 214.23 33.72
< @F 8203 1290 214.26 33.70
< @F 8204 1289 214.28 33.67
< @F 8205 1288 214.31 33.65
< @F 8206 1287 214.34 33.62
< @F 8207 1286 214.36 33.59
< @F 8208 1285 214.39 33.57
< @F 8209 1284 214.41 33.54
< @F 8210 1283 214.44 33.52
< @F 8211 1282 214.47 33.49
< @F 8212 1281 214.49 33.46
< @F 8213 1280 214.52 33.44
< @F 8214 1279 214.54 33.41
< @F 8215 1278 214.57 33.38
< @F 8216 1277 214.60 33.36
< @F 8217 1276 214.62 33.33
< @F 8218 1275 214.65 33.31
< @F 8219 1274 214.68 33.28
< @F 8220 1273 214.70 33.25
< @F 8221 1272 214.73 33.23
< @F 8222 1271 214.75 33.20
< @F 8223 1270 214.78 33.18
< @F 8224 1269 214.81 33.15
< @F 8225 1268 214.83 33.12
< @F 8226 1267 214.86 33.10
< @F 8227 1266 214.88 33.07
< @F 8228 1265 214.91 33.04
< @F 8229 1264 214.94 33.02
< @F 8230 1263 214.96 32.99
< @F 8231 1262 214.99 32.97
< @F 8232 1261 215.01 32.94
< @F 8233 1260 215.04 32.91
< @F 8234 1259 215.07 32.89
< @F 8235 1258 215.09 32.86
< @F 8236 1257 215.12 32.84
< @F 8237 1256 215.15 32.81
< @F 8238 1255 215.17 32.78
< @F 8239 1254 215.20 32.76
< @F 8240 1253 215.22 32.73
< @F 8241 1252 215.25 32.71
< @F 8242 1251 215.28 32.68
< @F 8243 1250 215.30 32.65
< @F 8244 1249 215.33 32.63
< @F 8245 1248 215.35 32.60
< @F 8246 1247 215.38 32.57
< @F 8247 1246 215.41 32.55
< @F 8248 1245 215.43 32.52
< @F 8249 1244 215.46 32.50
< @F 8250 1243 215.49 32.47
< @F 8251 1242 215.51 32.44
< @F 8252 1241 215.54 32.42
< @F 8253 1240 215.56 32.39
< @F 8254 1239 215.59 32.37
< @F 8255 1238 215.62 32.34
< @F 8256 1237 215.64 32.31
< @F 8257 1236 215.67 32.29
< @F 8258 1235 215.69 32.26
< @F 8259 1234 215.72 32.24
< @F 8260 1233 215.75 32.21
< @F 8261 1232 215.77 32.18
< @F 8262 1231 215.80 32.16
< @F 8263 1230 215.82 32.13
< @F 8264 1229 215.85 32.10
< @F 8265 1228 215.88 32.08
< @F 8266 1227 215.90 32.05
< @F 8267 1226 215.93 32.03
< @F 8268 1225 215.96 32.00
< @F 8269 1224 215.98 31.97
< @F 8270 1223 216.01 31.95
< @F 8271 1222 216.03 31.92
< @F 8272 1221 216.06 31.90
< @F 8273 1220 216.09 31.87
< @F 8274 1219 216.11 31.84
< @F 8275 1218 216.14 31.82
< @F 8276 1217 216.16 31.79
< @F 8277 1216 216.19 31.76
< @F 8278 1215 216.22 31.74
< @F 8279 1214 216.24 31.71
< @F 8280 1213 216.27 31.69
< @F 8281 1212 216.29 31.66
< @F 8282 1211 216.32 31.63
< @F 8283 1210 216.35 31.61
< @F 8284 1209 216.37 31.58
< @F 8285 1208 216.40 31.56
< @F 8286 1207 216.43 31.53
< @F 8287 1206 216.45 31.50
< @F 8288 1205 216.48 31.48
< @F 8289 1204 216.50 31.45
< @F 8290 1203 216.53 31.43
< @F 8291 1202 216.56 31.40
< @F 8292 1201 216.58 31.37
< @F 8293 1200 216.61 31.35
< @F 8294 1199 216.63 31.32
< @F 8295 1198 216.66 31.29
< @F 8296 1197 216.69 31.27
< @F 8297 1196 216.71 31.24
< @F 8298 1195 216.74 31.22
< @F 8299 1194 216.77 31.19
< @F 8300 1193 216.79 31.16
< @F 8301 1192 216.82 31.14
< @F 8302 1191 216.84 31.11
< @F 8303 1190 216.87 31.09
< @F 8304 1189 216.90 31.06
< @F 8305 1188 216.92 31.03
< @F 8306 1187 216.95 31.01
< @F 8307 1186 216.97 30.98
< @F 8308 1185 217.00 30.96
< @F 8309 1184 217.03 30.93
< @F 8310 1183 217.05 30.90
< @F 8311 1182 217.08 30.88
< @F 8312 1181 217.10 30.85
< @F 8313 1180 217.13 30.82
< @F 8314 1179 217.16 30.80
< @F 8315 1178 217.18 30.77
< @F 8316 1177 217.21 30.75
< @F 8317 1176 217.24 30.72
< @F 8318 1175 217.26 30.69
< @F 8319 1174 217.29 30.67
< @F 8320 1173 217.31 30.64
< @F 8321 1172 217.34 30.62
< @F 8322 1171 217.37 30.59
< @F 8323 1170 217.39 30.56
< @F 8324 1169 217.42 30.54
< @F 8325 1168 217.44 30.51
< @F 8326 1167 217.47 30.48
< @F 8327 1166 217.50 30.46
< @F 8328 1165 217.52 30.43
< @F 8329 1164 217.55 30.41
< @F 8330 1163 217.57 30.38
< @F 8331 1162 217.60 30.35
< @F 8332 1161 217.63 30.33
< @F 8333 1160 217.65 30.30
< @F 8334 1159 217.68 30.28
< @F 8335 1158 217.71 30.25
< @F 8336 1157 217.73 30.22
< @F 8337 1156 217.76 30.20
< @F 8338 1155 217.78 30.17
< @F 8339 1154 217.81 30.15
< @F 8340 1153 217.84 30.12
< @F 8341 1152 217.86 30.09
< @F 8342 1151 217.89 30.07
< @F 8343 1150 217.91 30.04
< @F 8344 1149 217.94 30.01
< @F 8345 1148 217.97 29.99
< @F 8346 1147 217.99 29.96
< @F 8347 1146 218.02 29.94
< @F 8348 1145 218.05 29.91
< @F 8349 1144 218.07 29.88
< @F 8350 1143 218.10 29.86
< @F 8351 1142 218.12 29.83
< @F 8352 1141 218.15 29.81
< @F 8353 1140 218.18 29.78
< @F 8354 1139 218.20 29.75
< @F 8355 1138 218.23 29.73
< @F 8356 1137 218.25 29.70
< @F 8357 1136 218.28 29.68
< @F 8358 1135 218.31 29.65
< @F 8359 1134 218.33 29.62
< @F 8360 1133 218.36 29.60
< @F 8361 1132 218.38 29.57
< @F 8362 1131 218.41 29.54
< @F 8363 1130 218.44 29.52
< @F 8364 1129 218.46 29.49
< @F 8365 1128 218.49 29.47
< @F 8366 1127 218.52 29.44
< @F 8367 1126 218.54 29.41
< @F 8368 1125 218.57 29.39
< @F 8369 1124 218.59 29.36
< @F 8370 1123 218.62 29.34
< @F 8371 1122 218.65 29.31
< @F 8372 1121 218.67 29.28
< @F 8373 1120 218.70 29.26
< @F 8374 1119 218.72 29.23
< @F 8375 1118 218.75 29.20
< @F 8376 1117 218.78 29.18
< @F 8377 1116 218.80 29.15
< @F 8378 1115 218.83 29.13
< @F 8379 1114 218.85 29.10
< @F 8380 1113 218.88 29.07
< @F 8381 1112 218.91 29.05
< @F 8382 1111 218.93 29.02
< @F 8383 1110 218.96 29.00
< @F 8384 1109 218.99 28.97
< @F 8385 1108 219.01 28.94
< @F 8386 1107 219.04 28.92
< @F 8387 1106 219.06 28.89
< @F 8388 1105 219.09 28.87
< @F 8389 1104 219.12 28.84
< @F 8390 1103 219.14 28.81
< @F 8391 1102 219.17 28.79
< @F 8392 1101 219.19 28.76
< @F 8393 1100 219.22 28.73
< @F 8394 1099 219.25 28.71
< @F 8395 1098 219.27 28.68
< @F 8396 1097 219.30 28.66
< @F 8397 1096 219.33 28.63
< @F 8398 1095 219.35 28.60
< @F 8399 1094 219.38 28.58
< @F 8400 1093 219.40 28.55
< @F 8401 1092 219.43 28.53
< @F 8402 1091 219.46 28.50
< @F 8403 1090 219.48 28.47
< @F 8404 1089 219.51 28.45
< @F 8405 1088 219.53 28.42
< @F 8406 1087 219.56 28.40
< @F 8407 1086 219.59 28.37
< @F 8408 1085 219.61 28.34
< @F 8409 1084 219.64 28.32
< @F 8410 1083 219.66 28.29
< @F 8411 1082 219.69 28.26
< @F 8412 1081 219.72 28.24
< @F 8413 1080 219.74 28.21
< @F 8414 1079 219.77 28.19
< @F 8415 1078 219.80 28.16
< @F 8416 1077 219.82 28.13
< @F 8417 1076 219.85 28.11
< @F 8418 1075 219.87 28.08
< @F 8419 1074 219.90 28.06
< @F 8420 1073 219.93 28.03
< @F 8421 1072 219.95 28.00
< @F 8422 1071 219.98 27.98
< @F 8423 1070 220.00 27.95
< @F 8424 1069 220.03 27.92
< @F 8425 1068 220.06 27.90
< @F 8426 1067 220.08 27.87
< @F 8427 1066 220.11 27.85
< @F 8428 1065 220.13 27.82
< @F 8429 1064 220.16 27.79
< @F 8430 1063 220.19 27.77
< @F 8431 1062 220.21 27.74
< @F 8432 1061 220.24 27.72
< @F 8433 1060 220.27 27.69
< @F 8434 1059 220.29 27.66
< @F 8435 1058 220.32 27.64
< @F 8436 1057 220.34 27.61
< @F 8437 1056 220.37 27.59
< @F 8438 1055 220.40 27.56
< @F 8439 1054 220.42 27.53
< @F 8440 1053 220.45 27.51
< @F 8441 1052 220.47 27.48
< @F 8442 1051 220.50 27.45
< @F 8443 1050 220.53 27.43
< @F 8444 1049 220.55 27.40
< @F 8445 1048 220.58 27.38
< @F 8446 1047 220.61 27.35
< @F 8447 1046 220.63 27.32
< @F 8448 1045 220.66 27.30
< @F 8449 1044 220.68 27.27
< @F 8450 1043 220.71 27.25
< @F 8451 1042 220.74 27.22
< @F 8452 1041 220.76 27.19
< @F 8453 1040 220.79 27.17
< @F 8454 1039 220.81 27.14
< @F 8455 1038 220.84 27.12
< @F 8456 1037 220.87 27.09
< @F 8457 1036 220.89 27.06
< @F 8458 1035 220.92 27.04
< @F 8459 1034 220.94 27.01
< @F 8460 1033 220.97 26.98
< @F 8461 1032 221.00 26.96
< @F 8462 1031 221.02 26.93
< @F 8463 1030 221.05 26.91
< @F 8464 1029 221.08 26.88
< @F 8465 1028 221.10 26.85
< @F 8466 1027 221.13 26.83
< @F 8467 1026 221.15 26.80
< @F 8468 1025 221.18 26.78
< @F 8469 1024 221.21 26.75
< @F 8470 1023 221.23 26.72
< @F 8471 1022 221.26 26.70
< @F 8472 1021 221.28 26.67
< @F 8473 1020 221.31 26.64
< @F 8474 1019 221.34 26.62
< @F 8475 1018 221.36 26.59
< @F 8476 1017 221.39 26.57
< @F 8477 1016 221.41 26.54
< @F 8478 1015 221.44 26.51
< @F 8479 1014 221.47 26.49
< @F 8480 1013 221.49 26.46
< @F 8481 1012 221.52 26.44
< @F 8482 1011 221.55 26.41
< @F 8483 1010 221.57 26.38
< @F 8484 1009 221.60 26.36
< @F 8485 1008 221.62 26.33
< @F 8486 1007 221.65 26.31
< @F 8487 1006 221.68 26.28
< @F 8488 1005 221.70 26.25
< @F 8489 1004 221.73 26.23
< @F 8490 1003 221.75 26.20
< @F 8491 1002 221.78 26.17
< @F 8492 1001 221.81 26.15
< @F 8493 1000 221.83 26.12
< @F 8494 999 221.86 26.10
< @F 8495 998 221.89 26.07
< @F 8496 997 221.91 26.04
< @F 8497 996 221.94 26.02
< @F 8498 995 221.96 25.99
< @F 8499 994 221.99 25.97
< @F 8500 993 222.02 25.94
< @F 8501 992 222.04 25.91
< @F 8502 991 222.07 25.89
< @F 8503 990 222.09 25.86
< @F 8504 989 222.12 25.84
< @F 8505 988 222.15 25.81
< @F 8506 987 222.17 25.78
< @F 8507 986 222.20 25.76
< @F 8508 985 222.22 25.73
< @F 8509 984 222.25 25.70
< @F 8510 983 222.28 25.68
< @F 8511 982 222.30 25.65
< @F 8512 981 222.33 25.63
< @F 8513 980 222.36 25.60
< @F 8514 979 222.38 25.57
< @F 8515 978 222.41 25.55
< @F 8516 977 222.43 25.52
< @F 8517 976 222.46 25.50
< @F 8518 975 222.49 25.47
< @F 8519 974 222.51 25.44
< @F 8520 973 222.54 25.42
< @F 8521 972 222.56 25.39
< @F 8522 971 222.59 25.36
< @F 8523 970 222.62 25.34
< @F 8524 969 222.64 25.31
< @F 8525 968 222.67 25.29
< @F 8526 967 222.69 25.26
< @F 8527 966 222.72 25.23
< @F 8528 965 222.75 25.21
< @F 8529 964 222.77 25.18
< @F 8530 963 222.80 25.16
< @F 8531 962 222.83 25.13
< @F 8532 961 222.85 25.10
< @F 8533 960 222.88 25.08
< @F 8534 959 222.90 25.05
< @F 8535 958 222.93 25.03
< @F 8536 957 222.96 25.00
< @F 8537 956 222.98 24.97
< @F 8538 955 223.01 24.95
< @F 8539 954 223.03 24.92
< @F 8540 953 223.06 24.89
< @F 8541 952 223.09 24.87
< @F 8542 951 223.11 24.84
< @F 8543 950 223.14 24.82
< @F 8544 949 223.17 24.79
< @F 8545 948 223.19 24.76
< @F 8546 947 223.22 24.74
< @F 8547 946 223.24 24.71
< @F 8548 945 223.27 24.69
< @F 8549 944 223.30 24.66
< @F 8550 943 223.32 24.63
< @F 8551 942 223.35 24.61
< @F 8552 941 223.37 24.58
< @F 8553 940 223.40 24.56
< @F 8554 939 223.43 24.53
< @F 8555 938 223.45 24.50
< @F 8556 937 223.48 24.48
< @F 8557 936 223.50 24.45
< @F 8558 935 223.53 24.42
< @F 8559 934 223.56 24.40
< @F 8560 933 223.58 24.37
< @F 8561 932 223.61 24.35
< @F 8562 931 223.64 24.32
< @F 8563 930 223.66 24.29
< @F 8564 929 223.69 24.27
< @F 8565 928 223.71 24.24
< @F 8566 927 223.74 24.22
< @F 8567 926 223.77 24.19
< @F 8568 925 223.79 24.16
< @F 8569 924 223.82 24.14
< @F 8570 923 223.84 24.11
< @F 8571 922 223.87 24.08
< @F 8572 921 223.90 24.06
< @F 8573 920 223.92 24.03
< @F 8574 919 223.95 24.01
< @F 8575 918 223.97 23.98
< @F 8576 917 224.00 23.95
< @F 8577 916 224.03 23.93
< @F 8578 915 224.05 23.90
< @F 8579 914 224.08 23.88
< @F 8580 913 224.11 23.85
< @F 8581 912 224.13 23.82
< @F 8582 911 224.16 23.80
< @F 8583 910 224.18 23.77
< @F 8584 909 224.21 23.75
< @F 8585 908 224.24 23.72
< @F 8586 907 224.26 23.69
< @F 8587 906 224.29 23.67
< @F 8588 905 224.31 23.64
< @F 8589 904 224.34 23.61
< @F 8590 903 224.37 23.59
< @F 8591 902 224.39 23.56
< @F 8592 901 224.42 23.54
< @F 8593 900 224.45 23.51
< @F 8594 899 224.47 23.48
< @F 8595 898 224.50 23.46
< @F 8596 897 224.52 23.43
< @F 8597 896 224.55 23.41
< @F 8598 895 224.58 23.38
< @F 8599 894 224.60 23.35
< @F 8600 893 224.63 23.33
< @F 8601 892 224.65 23.30
< @F 8602 891 224.68 23.28
< @F 8603 890 224.71 23.25
< @F 8604 889 224.73 23.22
< @F 8605 888 224.76 23.20
< @F 8606 887 224.78 23.17
< @F 8607 886 224.81 23.14
< @F 8608 885 224.84 23.12
< @F 8609 884 224.86 23.09
< @F 8610 883 224.89 23.07
< @F 8611 882 224.92 23.04
< @F 8612 881 224.94 23.01
< @F 8613 880 224.97 22.99
< @F 8614 879 224.99 22.96
< @F 8615 878 225.02 22.94
< @F 8616 877 225.05 22.91
< @F 8617 876 225.07 22.88
< @F 8618 875 225.10 22.86
< @F 8619 874 225.12 22.83
< @F 8620 873 225.15 22.80
< @F 8621 872 225.18 22.78
< @F 8622 871 225.20 22.75
< @F 8623 870 225.23 22.73
< @F 8624 869 225.25 22.70
< @F 8625 868 225.28 22.67
< @F 8626 867 225.31 22.65
< @F 8627 866 225.33 22.62
< @F 8628 865 225.36 22.60
< @F 8629 864 225.39 22.57
< @F 8630 863 225.41 22.54
< @F 8631 862 225.44 22.52
< @F 8632 861 225.46 22.49
< @F 8633 860 225.49 22.47
< @F 8634 859 225.52 22.44
< @F 8635 858 225.54 22.41
< @F 8636 857 225.57 22.39
< @F 8637 856 225.59 22.36
< @F 8638 855 225.62 22.33
< @F 8639 854 225.65 22.31
< @F 8640 853 225.67 22.28
< @F 8641 852 225.70 22.26
< @F 8642 851 225.73 22.23
< @F 8643 850 225.75 22.20
< @F 8644 849 225.78 22.18
< @F 8645 848 225.80 22.15
< @F 8646 847 225.83 22.13
< @F 8647 846 225.86 22.10
< @F 8648 845 225.88 22.07
< @F 8649 844 225.91 22.05
< @F 8650 843 225.93 22.02
< @F 8651 842 225.96 22.00
< @F 8652 841 225.99 21.97
< @F 8653 840 226.01 21.94
< @F 8654 839 226.04 21.92
< @F 8655 838 226.06 21.89
< @F 8656 837 226.09 21.86
< @F 8657 836 226.12 21.84
< @F 8658 835 226.14 21.81
< @F 8659 834 226.17 21.79
< @F 8660 833 226.20 21.76
< @F 8661 832 226.22 21.73
< @F 8662 831 226.25 21.71
< @F 8663 830 226.27 21.68
< @F 8664 829 226.30 21.66
< @F 8665 828 226.33 21.63
< @F 8666 827 226.35 21.60
< @F 8667 826 226.38 21.58
< @F 8668 825 226.40 21.55
< @F 8669 824 226.43 21.52
< @F 8670 823 226.46 21.50
< @F 8671 822 226.48 21.47
< @F 8672 821 226.51 21.45
< @F 8673 820 226.53 21.42
< @F 8674 819 226.56 21.39
< @F 8675 818 226.59 21.37
< @F 8676 817 226.61 21.34
< @F 8677 816 226.64 21.32
< @F 8678 815 226.67 21.29
< @F 8679 814 226.69 21.26
< @F 8680 813 226.72 21.24
< @F 8681 812 226.74 21.21
< @F 8682 811 226.77 21.19
< @F 8683 810 226.80 21.16
< @F 8684 809 226.82 21.13
< @F 8685 808 226.85 21.11
< @F 8686 807 226.87 21.08
< @F 8687 806 226.90 21.05
< @F 8688 805 226.93 21.03
< @F 8689 804 226.95 21.00
< @F 8690 803 226.98 20.98
< @F 8691 802 227.01 20.95
< @F 8692 801 227.03 20.92
< @F 8693 800 227.06 20.90
< @F 8694 799 227.08 20.87
< @F 8695 798 227.11 20.85
< @F 8696 797 227.14 20.82
< @F 8697 796 227.16 20.79
< @F 8698 795 227.19 20.77
< @F 8699 794 227.21 20.74
< @F 8700 793 227.24 20.72
< @F 8701 792 227.27 20.69
< @F 8702 791 227.29 20.66
< @F 8703 790 227.32 20.64
< @F 8704 789 227.34 20.61
< @F 8705 788 227.37 20.58
< @F 8706 787 227.40 20.56
< @F 8707 786 227.42 20.53
< @F 8708 785 227.45 20.51
< @F 8709 784 227.48 20.48
< @F 8710 783 227.50 20.45
< @F 8711 782 227.53 20.43
< @F 8712 781 227.55 20.40
< @F 8713 780 227.58 20.38
< @F 8714 779 227.61 20.35
< @F 8715 778 227.63 20.32
< @F 8716 777 227.66 20.30
< @F 8717 776 227.68 20.27
< @F 8718 775 227.71 20.24
< @F 8719 774 227.74 20.22
< @F 8720 773 227.76 20.19
< @F 8721 772 227.79 20.17
< @F 8722 771 227.81 20.14
< @F 8723 770 227.84 20.11
< @F 8724 769 227.87 20.09
< @F 8725 768 227.89 20.06
< @F 8726 767 227.92 20.04
< @F 8727 766 227.95 20.01
< @F 8728 765 227.97 19.98
< @F 8729 764 228.00 19.96
< @F 8730 763 228.02 19.93
< @F 8731 762 228.05 19.91
< @F 8732 761 228.08 19.88
< @F 8733 760 228.10 19.85
< @F 8734 759 228.13 19.83
< @F 8735 758 228.15 19.80
< @F 8736 757 228.18 19.77
< @F 8737 756 228.21 19.75
< @F 8738 755 228.23 19.72
< @F 8739 754 228.26 19.70
< @F 8740 753 228.29 19.67
< @F 8741 752 228.31 19.64
< @F 8742 751 228.34 19.62
< @F 8743 750 228.36 19.59
< @F 8744 749 228.39 19.57
< @F 8745 748 228.42 19.54
< @F 8746 747 228.44 19.51
< @F 8747 746 228.47 19.49
< @F 8748 745 228.49 19.46
< @F 8749 744 228.52 19.44
< @F 8750 743 228.55 19.41
< @F 8751 742 228.57 19.38
< @F 8752 741 228.60 19.36
< @F 8753 740 228.62 19.33
< @F 8754 739 228.65 19.30
< @F 8755 738 228.68 19.28
< @F 8756 737 228.70 19.25
< @F 8757 736 228.73 19.23
< @F 8758 735 228.76 19.20
< @F 8759 734 228.78 19.17
< @F 8760 733 228.81 19.15
< @F 8761 732 228.83 19.12
< @F 8762 731 228.86 19.10
< @F 8763 730 228.89 19.07
< @F 8764 729 228.91 19.04
< @F 8765 728 228.94 19.02
< @F 8766 727 228.96 18.99
< @F 8767 726 228.99 18.96
< @F 8768 725 229.02 18.94
< @F 8769 724 229.04 18.91
< @F 8770 723 229.07 18.89
< @F 8771 722 229.09 18.86
< @F 8772 721 229.12 18.83
< @F 8773 720 229.15 18.81
< @F 8774 719 229.17 18.78
< @F 8775 718 229.20 18.76
< @F 8776 717 229.23 18.73
< @F 8777 716 229.25 18.70
< @F 8778 715 229.28 18.68
< @F 8779 714 229.30 18.65
< @F 8780 713 229.33 18.63
< @F 8781 712 229.36 18.60
< @F 8782 711 229.38 18.57
< @F 8783 710 229.41 18.55
< @F 8784 709 229.43 18.52
< @F 8785 708 229.46 18.49
< @F 8786 707 229.49 18.47
< @F 8787 706 229.51 18.44
< @F 8788 705 229.54 18.42
< @F 8789 704 229.57 18.39
< @F 8790 703 229.59 18.36
< @F 8791 702 229.62 18.34
< @F 8792 701 229.64 18.31
< @F 8793 700 229.67 18.29
< @F 8794 699 229.70 18.26
< @F 8795 698 229.72 18.23
< @F 8796 697 229.75 18.21
< @F 8797 696 229.77 18.18
< @F 8798 695 229.80 18.16
< @F 8799 694 229.83 18.13
< @F 8800 693 229.85 18.10
< @F 8801 692 229.88 18.08
< @F 8802 691 229.90 18.05
< @F 8803 690 229.93 18.02
< @F 8804 689 229.96 18.00
< @F 8805 688 229.98 17.97
< @F 8806 687 230.01 17.95
< @F 8807 686 230.04 17.92
< @F 8808 685 230.06 17.89
< @F 8809 684 230.09 17.87
< @F 8810 683 230.11 17.84
< @F 8811 682 230.14 17.82
< @F 8812 681 230.17 17.79
< @F 8813 680 230.19 17.76
< @F 8814 679 230.22 17.74
< @F 8815 678 230.24 17.71
< @F 8816 677 230.27 17.68
< @F 8817 676 230.30 17.66
< @F 8818 675 230.32 17.63
< @F 8819 674 230.35 17.61
< @F 8820 673 230.37 17.58
< @F 8821 672 230.40 17.55
< @F 8822 671 230.43 17.53
< @F 8823 670 230.45 17.50
< @F 8824 669 230.48 17.48
< @F 8825 668 230.51 17.45
< @F 8826 667 230.53 17.42
< @F 8827 666 230.56 17.40
< @F 8828 665 230.58 17.37
< @F 8829 664 230.61 17.35
< @F 8830 663 230.64 17.32
< @F 8831 662 230.66 17.29
< @F 8832 661 230.69 17.27
< @F 8833 660 230.71 17.24
< @F 8834 659 230.74 17.21
< @F 8835 658 230.77 17.19
< @F 8836 657 230.79 17.16
< @F 8837 656 230.82 17.14
< @F 8838 655 230.85 17.11
< @F 8839 654 230.87 17.08
< @F 8840 653 230.90 17.06
< @F 8841 652 230.92 17.03
< @F 8842 651 230.95 17.01
< @F 8843 650 230.98 16.98
< @F 8844 649 231.00 16.95
< @F 8845 648 231.03 16.93
< @F 8846 647 231.05 16.90
< @F 8847 646 231.08 16.88
< @F 8848 645 231.11 16.85
< @F 8849 644 231.13 16.82
< @F 8850 643 231.16 16.80
< @F 8851 642 231.18 16.77
< @F 8852 641 231.21 16.74
< @F 8853 640 231.24 16.72
< @F 8854 639 231.26 16.69
< @F 8855 638 231.29 16.67
< @F 8856 637 231.32 16.64
< @F 8857 636 231.34 16.61
< @F 8858 635 231.37 16.59
< @F 8859 634 231.39 16.56
< @F 8860 633 231.42 16.54
< @F 8861 632 231.45 16.51
< @F 8862 631 231.47 16.48
< @F 8863 630 231.50 16.46
< @F 8864 629 231.52 16.43
< @F 8865 628 231.55 16.40
< @F 8866 627 231.58 16.38
< @F 8867 626 231.60 16.35
< @F 8868 625 231.63 16.33
< @F 8869 624 231.65 16.30
< @F 8870 623 231.68 16.27
< @F 8871 622 231.71 16.25
< @F 8872 621 231.73 16.22
< @F 8873 620 231.76 16.20
< @F 8874 619 231.79 16.17
< @F 8875 618 231.81 16.14
< @F 8876 617 231.84 16.12
< @F 8877 616 231.86 16.09
< @F 8878 615 231.89 16.07
< @F 8879 614 231.92 16.04
< @F 8880 613 231.94 16.01
< @F 8881 612 231.97 15.99
< @F 8882 611 231.99 15.96
< @F 8883 610 232.02 15.93
< @F 8884 609 232.05 15.91
< @F 8885 608 232.07 15.88
< @F 8886 607 232.10 15.86
< @F 8887 606 232.13 15.83
< @F 8888 605 232.15 15.80
< @F 8889 604 232.18 15.78
< @F 8890 603 232.20 15.75
< @F 8891 602 232.23 15.73
< @F 8892 601 232.26 15.70
< @F 8893 600 232.28 15.67
< @F 8894 599 232.31 15.65
< @F 8895 598 232.33 15.62
< @F 8896 597 232.36 15.60
< @F 8897 596 232.39 15.57
< @F 8898 595 232.41 15.54
< @F 8899 594 232.44 15.52
< @F 8900 593 232.46 15.49
< @F 8901 592 232.49 15.46
< @F 8902 591 232.52 15.44
< @F 8903 590 232.54 15.41
< @F 8904 589 232.57 15.39
< @F 8905 588 232.60 15.36
< @F 8906 587 232.62 15.33
< @F 8907 586 232.65 15.31
< @F 8908 585 232.67 15.28
< @F 8909 584 232.70 15.26
< @F 8910 583 232.73 15.23
< @F 8911 582 232.75 15.20
< @F 8912 581 232.78 15.18
< @F 8913 580 232.80 15.15
< @F 8914 579 232.83 15.12
< @F 8915 578 232.86 15.10
< @F 8916 577 232.88 15.07
< @F 8917 576 232.91 15.05
< @F 8918 575 232.93 15.02
< @F 8919 574 232.96 14.99
< @F 8920 573 232.99 14.97
< @F 8921 572 233.01 14.94
< @F 8922 571 233.04 14.92
< @F 8923 570 233.07 14.89
< @F 8924 569 233.09 14.86
< @F 8925 568 233.12 14.84
< @F 8926 567 233.14 14.81
< @F 8927 566 233.17 14.79
< @F 8928 565 233.20 14.76
< @F 8929 564 233.22 14.73
< @F 8930 563 233.25 14.71
< @F 8931 562 233.27 14.68
< @F 8932 561 233.30 14.65
< @F 8933 560 233.33 14.63
< @F 8934 559 233.35 14.60
< @F 8935 558 233.38 14.58
< @F 8936 557 233.41 14.55
< @F 8937 556 233.43 14.52
< @F 8938 555 233.46 14.50
< @F 8939 554 233.48 14.47
< @F 8940 553 233.51 14.45
< @F 8941 552 233.54 14.42
< @F 8942 551 233.56 14.39
< @F 8943 550 233.59 14.37
< @F 8944 549 233.61 14.34
< @F 8945 548 233.64 14.32
< @F 8946 547 233.67 14.29
< @F 8947 546 233.69 14.26
< @F 8948 545 233.72 14.24
< @F 8949 544 233.74 14.21
< @F 8950 543 233.77 14.18
< @F 8951 542 233.80 14.16
< @F 8952 541 233.82 14.13
< @F 8953 540 233.85 14.11
< @F 8954 539 233.88 14.08
< @F 8955 538 233.90 14.05
< @F 8956 537 233.93 14.03
< @F 8957 536 233.95 14.00
< @F 8958 535 233.98 13.98
< @F 8959 534 234.01 13.95
< @F 8960 533 234.03 13.92
< @F 8961 532 234.06 13.90
< @F 8962 531 234.08 13.87
< @F 8963 530 234.11 13.84
< @F 8964 529 234.14 13.82
< @F 8965 528 234.16 13.79
< @F 8966 527 234.19 13.77
< @F 8967 526 234.21 13.74
< @F 8968 525 234.24 13.71
< @F 8969 524 234.27 13.69
< @F 8970 523 234.29 13.66
< @F 8971 522 234.32 13.64
< @F 8972 521 234.35 13.61
< @F 8973 520 234.37 13.58
< @F 8974 519 234.40 13.56
< @F 8975 518 234.42 13.53
< @F 8976 517 234.45 13.51
< @F 8977 516 234.48 13.48
< @F 8978 515 234.50 13.45
< @F 8979 514 234.53 13.43
< @F 8980 513 234.55 13.40
< @F 8981 512 234.58 13.37
< @F 8982 511 234.61 13.35
< @F 8983 510 234.63 13.32
< @F 8984 509 234.66 13.30
< @F 8985 508 234.69 13.27
< @F 8986 507 234.71 13.24
< @F 8987 506 234.74 13.22
< @F 8988 505 234.76 13.19
< @F 8989 504 234.79 13.17
< @F 8990 503 234.82 13.14
< @F 8991 502 234.84 13.11
< @F 8992 501 234.87 13.09
< @F 8993 500 234.89 13.06
< @F 8994 499 234.92 13.04
< @F 8995 498 234.95 13.01
< @F 8996 497 234.97 12.98
< @F 8997 496 235.00 12.96
< @F 8998 495 235.02 12.93
< @F 8999 494 235.05 12.90
< @F 9000 493 235.08 12.88
< @F 9001 492 235.10 12.85
< @F 9002 491 235.13 12.83
< @F 9003 490 235.16 12.80
< @F 9004 489 235.18 12.77
< @F 9005 488 235.21 12.75
< @F 9006 487 235.23 12.72
< @F 9007 486 235.26 12.70
< @F 9008 485 235.29 12.67
< @F 9009 484 235.31 12.64
< @F 9010 483 235.34 12.62
< @F 9011 482 235.36 12.59
< @F 9012 481 235.39 12.56
< @F 9013 480 235.42 12.54
< @F 9014 479 235.44 12.51
< @F 9015 478 235.47 12.49
< @F 9016 477 235.49 12.46
< @F 9017 476 235.52 12.43
< @F 9018 475 235.55 12.41
< @F 9019 474 235.57 12.38
< @F 9020 473 235.60 12.36
< @F 9021 472 235.63 12.33
< @F 9022 471 235.65 12.30
< @F 9023 470 235.68 12.28
< @F 9024 469 235.70 12.25
< @F 9025 468 235.73 12.23
< @F 9026 467 235.76 12.20
< @F 9027 466 235.78 12.17
< @F 9028 465 235.81 12.15
< @F 9029 464 235.83 12.12
< @F 9030 463 235.86 12.09
< @F 9031 462 235.89 12.07
< @F 9032 461 235.91 12.04
< @F 9033 460 235.94 12.02
< @F 9034 459 235.97 11.99
< @F 9035 458 235.99 11.96
< @F 9036 457 236.02 11.94
< @F 9037 456 236.04 11.91
< @F 9038 455 236.07 11.89
< @F 9039 454 236.10 11.86
< @F 9040 453 236.12 11.83
< @F 9041 452 236.15 11.81
< @F 9042 451 236.17 11.78
< @F 9043 450 236.20 11.76
< @F 9044 449 236.23 11.73
< @F 9045 448 236.25 11.70
< @F 9046 447 236.28 11.68
< @F 9047 446 236.30 11.65
< @F 9048 445 236.33 11.62
< @F 9049 444 236.36 11.60
< @F 9050 443 236.38 11.57
< @F 9051 442 236.41 11.55
< @F 9052 441 236.44 11.52
< @F 9053 440 236.46 11.49
< @F 9054 439 236.49 11.47
< @F 9055 438 236.51 11.44
< @F 9056 437 236.54 11.42
< @F 9057 436 236.57 11.39
< @F 9058 435 236.59 11.36
< @F 9059 434 236.62 11.34
< @F 9060 433 236.64 11.31
< @F 9061 432 236.67 11.28
< @F 9062 431 236.70 11.26
< @F 9063 430 236.72 11.23
< @F 9064 429 236.75 11.21
< @F 9065 428 236.77 11.18
< @F 9066 427 236.80 11.15
< @F 9067 426 236.83 11.13
< @F 9068 425 236.85 11.10
< @F 9069 424 236.88 11.08
< @F 9070 423 236.91 11.05
< @F 9071 422 236.93 11.02
< @F 9072 421 236.96 11.00
< @F 9073 420 236.98 10.97
< @F 9074 419 237.01 10.95
< @F 9075 418 237.04 10.92
< @F 9076 417 237.06 10.89
< @F 9077 416 237.09 10.87
< @F 9078 415 237.11 10.84
< @F 9079 414 237.14 10.81
< @F 9080 413 237.17 10.79
< @F 9081 412 237.19 10.76
< @F 9082 411 237.22 10.74
< @F 9083 410 237.25 10.71
< @F 9084 409 237.27 10.68
< @F 9085 408 237.30 10.66
< @F 9086 407 237.32 10.63
< @F 9087 406 237.35 10.61
< @F 9088 405 237.38 10.58
< @F 9089 404 237.40 10.55
< @F 9090 403 237.43 10.53
< @F 9091 402 237.45 10.50
< @F 9092 401 237.48 10.48
< @F 9093 400 237.51 10.45
< @F 9094 399 237.53 10.42
< @F 9095 398 237.56 10.40
< @F 9096 397 237.58 10.37
< @F 9097 396 237.61 10.34
< @F 9098 395 237.64 10.32
< @F 9099 394 237.66 10.29
< @F 9100 393 237.69 10.27
< @F 9101 392 237.72 10.24
< @F 9102 391 237.74 10.21
< @F 9103 390 237.77 10.19
< @F 9104 389 237.79 10.16
< @F 9105 388 237.82 10.14
< @F 9106 387 237.85 10.11
< @F 9107 386 237.87 10.08
< @F 9108 385 237.90 10.06
< @F 9109 384 237.92 10.03
< @F 9110 383 237.95 10.00
< @F 9111 382 237.98 9.98
< @F 9112 381 238.00 9.95
< @F 9113 380 238.03 9.93
< @F 9114 379 238.05 9.90
< @F 9115 378 238.08 9.87
< @F 9116 377 238.11 9.85
< @F 9117 376 238.13 9.82
< @F 9118 375 238.16 9.80
< @F 9119 374 238.19 9.77
< @F 9120 373 238.21 9.74
< @F 9121 372 238.24 9.72
< @F 9122 371 238.26 9.69
< @F 9123 370 238.29 9.67
< @F 9124 369 238.32 9.64
< @F 9125 368 238.34 9.61
< @F 9126 367 238.37 9.59
< @F 9127 366 238.39 9.56
< @F 9128 365 238.42 9.53
< @F 9129 364 238.45 9.51
< @F 9130 363 238.47 9.48
< @F 9131 362 238.50 9.46
< @F 9132 361 238.53 9.43
< @F 9133 360 238.55 9.40
< @F 9134 359 238.58 9.38
< @F 9135 358 238.60 9.35
< @F 9136 357 238.63 9.33
< @F 9137 356 238.66 9.30
< @F 9138 355 238.68 9.27
< @F 9139 354 238.71 9.25
< @F 9140 353 238.73 9.22
< @F 9141 352 238.76 9.20
< @F 9142 351 238.79 9.17
< @F 9143 350 238.81 9.14
< @F 9144 349 238.84 9.12
< @F 9145 348 238.86 9.09
< @F 9146 347 238.89 9.06
< @F 9147 346 238.92 9.04
< @F 9148 345 238.94 9.01
< @F 9149 344 238.97 8.99
< @F 9150 343 239.00 8.96
< @F 9151 342 239.02 8.93
< @F 9152 341 239.05 8.91
< @F 9153 340 239.07 8.88
< @F 9154 339 239.10 8.86
< @F 9155 338 239.13 8.83
< @F 9156 337 239.15 8.80
< @F 9157 336 239.18 8.78
< @F 9158 335 239.20 8.75
< @F 9159 334 239.23 8.72
< @F 9160 333 239.26 8.70
< @F 9161 332 239.28 8.67
< @F 9162 331 239.31 8.65
< @F 9163 330 239.33 8.62
< @F 9164 329 239.36 8.59
< @F 9165 328 239.39 8.57
< @F 9166 327 239.41 8.54
< @F 9167 326 239.44 8.52
< @F 9168 325 239.47 8.49
< @F 9169 324 239.49 8.46
< @F 9170 323 239.52 8.44
< @F 9171 322 239.54 8.41
< @F 9172 321 239.57 8.39
< @F 9173 320 239.60 8.36
< @F 9174 319 239.62 8.33
< @F 9175 318 239.65 8.31
< @F 9176 317 239.67 8.28
< @F 9177 316 239.70 8.25
< @F 9178 315 239.73 8.23
< @F 9179 314 239.75 8.20
< @F 9180 313 239.78 8.18
< @F 9181 312 239.81 8.15
< @F 9182 311 239.83 8.12
< @F 9183 310 239.86 8.10
< @F 9184 309 239.88 8.07
< @F 9185 308 239.91 8.05
< @F 9186 307 239.94 8.02
< @F 9187 306 239.96 7.99
< @F 9188 305 239.99 7.97
< @F 9189 304 240.01 7.94
< @F 9190 303 240.04 7.92
< @F 9191 302 240.07 7.89
< @F 9192 301 240.09 7.86
< @F 9193 300 240.12 7.84
< @F 9194 299 240.14 7.81
< @F 9195 298 240.17 7.78
< @F 9196 297 240.20 7.76
< @F 9197 296 240.22 7.73
< @F 9198 295 240.25 7.71
< @F 9199 294 240.28 7.68
< @F 9200 293 240.30 7.65
< @F 9201 292 240.33 7.63
< @F 9202 291 240.35 7.60
< @F 9203 290 240.38 7.58
< @F 9204 289 240.41 7.55
< @F 9205 288 240.43 7.52
< @F 9206 287 240.46 7.50
< @F 9207 286 240.48 7.47
< @F 9208 285 240.51 7.44
< @F 9209 284 240.54 7.42
< @F 9210 283 240.56 7.39
< @F 9211 282 240.59 7.37
< @F 9212 281 240.61 7.34
< @F 9213 280 240.64 7.31
< @F 9214 279 240.67 7.29
< @F 9215 278 240.69 7.26
< @F 9216 277 240.72 7.24
< @F 9217 276 240.75 7.21
< @F 9218 275 240.77 7.18
< @F 9219 274 240.80 7.16
< @F 9220 273 240.82 7.13
< @F 9221 272 240.85 7.11
< @F 9222 271 240.88 7.08
< @F 9223 270 240.90 7.05
< @F 9224 269 240.93 7.03
< @F 9225 268 240.95 7.00
< @F 9226 267 240.98 6.97
< @F 9227 266 241.01 6.95
< @F 9228 265 241.03 6.92
< @F 9229 264 241.06 6.90
< @F 9230 263 241.09 6.87
< @F 9231 262 241.11 6.84
< @F 9232 261 241.14 6.82
< @F 9233 260 241.16 6.79
< @F 9234 259 241.19 6.77
< @F 9235 258 241.22 6.74
< @F 9236 257 241.24 6.71
< @F 9237 256 241.27 6.69
< @F 9238 255 241.29 6.66
< @F 9239 254 241.32 6.64
< @F 9240 253 241.35 6.61
< @F 9241 252 241.37 6.58
< @F 9242 251 241.40 6.56
< @F 9243 250 241.42 6.53
< @F 9244 249 241.45 6.50
< @F 9245 248 241.48 6.48
< @F 9246 247 241.50 6.45
< @F 9247 246 241.53 6.43
< @F 9248 245 241.56 6.40
< @F 9249 244 241.58 6.37
< @F 9250 243 241.61 6.35
< @F 9251 242 241.63 6.32
< @F 9252 241 241.66 6.30
< @F 9253 240 241.69 6.27
< @F 9254 239 241.71 6.24
< @F 9255 238 241.74 6.22
< @F 9256 237 241.76 6.19
< @F 9257 236 241.79 6.16
< @F 9258 235 241.82 6.14
< @F 9259 234 241.84 6.11
< @F 9260 233 241.87 6.09
< @F 9261 232 241.89 6.06
< @F 9262 231 241.92 6.03
< @F 9263 230 241.95 6.01
< @F 9264 229 241.97 5.98
< @F 9265 228 242.00 5.96
< @F 9266 227 242.03 5.93
< @F 9267 226 242.05 5.90
< @F 9268 225 242.08 5.88
< @F 9269 224 242.10 5.85
< @F 9270 223 242.13 5.83
< @F 9271 222 242.16 5.80
< @F 9272 221 242.18 5.77
< @F 9273 220 242.21 5.75
< @F 9274 219 242.23 5.72
< @F 9275 218 242.26 5.69
< @F 9276 217 242.29 5.67
< @F 9277 216 242.31 5.64
< @F 9278 215 242.34 5.62
< @F 9279 214 242.37 5.59
< @F 9280 213 242.39 5.56
< @F 9281 212 242.42 5.54
< @F 9282 211 242.44 5.51
< @F 9283 210 242.47 5.49
< @F 9284 209 242.50 5.46
< @F 9285 208 242.52 5.43
< @F 9286 207 242.55 5.41
< @F 9287 206 242.57 5.38
< @F 9288 205 242.60 5.36
< @F 9289 204 242.63 5.33
< @F 9290 203 242.65 5.30
< @F 9291 202 242.68 5.28
< @F 9292 201 242.70 5.25
< @F 9293 200 242.73 5.22
< @F 9294 199 242.76 5.20
< @F 9295 198 242.78 5.17
< @F 9296 197 242.81 5.15
< @F 9297 196 242.84 5.12
< @F 9298 195 242.86 5.09
< @F 9299 194 242.89 5.07
< @F 9300 193 242.91 5.04
< @F 9301 192 242.94 5.02
< @F 9302 191 242.97 4.99
< @F 9303 190 242.99 4.96
< @F 9304 189 243.02 4.94
< @F 9305 188 243.04 4.91
< @F 9306 187 243.07 4.88
< @F 9307 186 243.10 4.86
< @F 9308 185 243.12 4.83
< @F 9309 184 243.15 4.81
< @F 9310 183 243.17 4.78
< @F 9311 182 243.20 4.75
< @F 9312 181 243.23 4.73
< @F 9313 180 243.25 4.70
< @F 9314 179 243.28 4.68
< @F 9315 178 243.31 4.65
< @F 9316 177 243.33 4.62
< @F 9317 176 243.36 4.60
< @F 9318 175 243.38 4.57
< @F 9319 174 243.41 4.55
< @F 9320 173 243.44 4.52
< @F 9321 172 243.46 4.49
< @F 9322 171 243.49 4.47
< @F 9323 170 243.51 4.44
< @F 9324 169 243.54 4.41
< @F 9325 168 243.57 4.39
< @F 9326 167 243.59 4.36
< @F 9327 166 243.62 4.34
< @F 9328 165 243.65 4.31
< @F 9329 164 243.67 4.28
< @F 9330 163 243.70 4.26
< @F 9331 162 243.72 4.23
< @F 9332 161 243.75 4.21
< @F 9333 160 243.78 4.18
< @F 9334 159 243.80 4.15
< @F 9335 158 243.83 4.13
< @F 9336 157 243.85 4.10
< @F 9337 156 243.88 4.08
< @F 9338 155 243.91 4.05
< @F 9339 154 243.93 4.02
< @F 9340 153 243.96 4.00
< @F 9341 152 243.98 3.97
< @F 9342 151 244.01 3.94
< @F 9343 150 244.04 3.92
< @F 9344 149 244.06 3.89
< @F 9345 148 244.09 3.87
< @F 9346 147 244.12 3.84
< @F 9347 146 244.14 3.81
< @F 9348 145 244.17 3.79
< @F 9349 144 244.19 3.76
< @F 9350 143 244.22 3.74
< @F 9351 142 244.25 3.71
< @F 9352 141 244.27 3.68
< @F 9353 140 244.30 3.66
< @F 9354 139 244.32 3.63
< @F 9355 138 244.35 3.60
< @F 9356 137 244.38 3.58
< @F 9357 136 244.40 3.55
< @F 9358 135 244.43 3.53
< @F 9359 134 244.45 3.50
< @F 9360 133 244.48 3.47
< @F 9361 132 244.51 3.45
< @F 9362 131 244.53 3.42
< @F 9363 130 244.56 3.40
< @F 9364 129 244.59 3.37
< @F 9365 128 244.61 3.34
< @F 9366 127 244.64 3.32
< @F 9367 126 244.66 3.29
< @F 9368 125 244.69 3.27
< @F 9369 124 244.72 3.24
< @F 9370 123 244.74 3.21
< @F 9371 122 244.77 3.19
< @F 9372 121 244.79 3.16
< @F 9373 120 244.82 3.13
< @F 9374 119 244.85 3.11
< @F 9375 118 244.87 3.08
< @F 9376 117 244.90 3.06
< @F 9377 116 244.93 3.03
< @F 9378 115 244.95 3.00
< @F 9379 114 244.98 2.98
< @F 9380 113 245.00 2.95
< @F 9381 112 245.03 2.93
< @F 9382 111 245.06 2.90
< @F 9383 110 245.08 2.87
< @F 9384 109 245.11 2.85
< @F 9385 108 245.13 2.82
< @F 9386 107 245.16 2.80
< @F 9387 106 245.19 2.77
< @F 9388 105 245.21 2.74
< @F 9389 104 245.24 2.72
< @F 9390 103 245.26 2.69
< @F 9391 102 245.29 2.66
< @F 9392 101 245.32 2.64
< @F 9393 100 245.34 2.61
< @F 9394 99 245.37 2.59
< @F 9395 98 245.40 2.56
< @F 9396 97 245.42 2.53
< @F 9397 96 245.45 2.51
< @F 9398 95 245.47 2.48
< @F 9399 94 245.50 2.46
< @F 9400 93 245.53 2.43
< @F 9401 92 245.55 2.40
< @F 9402 91 245.58 2.38
< @F 9403 90 245.60 2.35
< @F 9404 89 245.63 2.32
< @F 9405 88 245.66 2.30
< @F 9406 87 245.68 2.27
< @F 9407 86 245.71 2.25
< @F 9408 85 245.73 2.22
< @F 9409 84 245.76 2.19
< @F 9410 83 245.79 2.17
< @F 9411 82 245.81 2.14
< @F 9412 81 245.84 2.12
< @F 9413 80 245.87 2.09
< @F 9414 79 245.89 2.06
< @F 9415 78 245.92 2.04
< @F 9416 77 245.94 2.01
< @F 9417 76 245.97 1.99
< @F 9418 75 246.00 1.96
< @F 9419 74 246.02 1.93
< @F 9420 73 246.05 1.91
< @F 9421 72 246.07 1.88
< @F 9422 71 246.10 1.85
< @F 9423 70 246.13 1.83
< @F 9424 69 246.15 1.80
< @F 9425 68 246.18 1.78
< @F 9426 67 246.21 1.75
< @F 9427 66 246.23 1.72
< @F 9428 65 246.26 1.70
< @F 9429 64 246.28 1.67
< @F 9430 63 246.31 1.65
< @F 9431 62 246.34 1.62
< @F 9432 61 246.36 1.59
< @F 9433 60 246.39 1.57
< @F 9434 59 246.41 1.54
< @F 9435 58 246.44 1.52
< @F 9436 57 246.47 1.49
< @F 9437 56 246.49 1.46
< @F 9438 55 246.52 1.44
< @F 9439 54 246.54 1.41
< @F 9440 53 246.57 1.38
< @F 9441 52 246.60 1.36
< @F 9442 51 246.62 1.33
< @F 9443 50 246.65 1.31
< @F 9444 49 246.68 1.28
< @F 9445 48 246.70 1.25
< @F 9446 47 246.73 1.23
< @F 9447 46 246.75 1.20
< @F 9448 45 246.78 1.18
< @F 9449 44 246.81 1.15
< @F 9450 43 246.83 1.12
< @F 9451 42 246.86 1.10
< @F 9452 41 246.88 1.07
< @F 9453 40 246.91 1.04
< @F 9454 39 246.94 1.02
< @F 9455 38 246.96 0.99
< @F 9456 37 246.99 0.97
< @F 9457 36 247.01 0.94
< @F 9458 35 247.04 0.91
< @F 9459 34 247.07 0.89
< @F 9460 33 247.09 0.86
< @F 9461 32 247.12 0.84
< @F 9462 31 247.15 0.81
< @F 9463 30 247.17 0.78
< @F 9464 29 247.20 0.76
< @F 9465 28 247.22 0.73
< @F 9466 27 247.25 0.71
< @F 9467 26 247.28 0.68
< @F 9468 25 247.30 0.65
< @F 9469 24 247.33 0.63
< @F 9470 23 247.35 0.60
< @F 9471 22 247.38 0.57
< @F 9472 21 247.41 0.55
< @F 9473 20 247.43 0.52
< @F 9474 19 247.46 0.50
< @F 9475 18 247.49 0.47
< @F 9476 17 247.51 0.44
< @F 9477 16 247.54 0.42
< @F 9478 15 247.56 0.39
< @F 9479 14 247.59 0.37
< @F 9480 13 247.62 0.34
< @F 9481 12 247.64 0.31
< @F 9482 11 247.67 0.29
< @F 9483 10 247.69 0.26
< @F 9484 9 247.72 0.24
< @F 9485 8 247.75 0.21
< @F 9486 7 247.77 0.18
< @F 9487 6 247.80 0.16
< @F 9488 5 247.82 0.13
< @F 9489 4 247.85 0.10
< @F 9490 3 247.88 0.08
< @F 9491 2 247.90 0.05
< @F 9492 1 247.93 0.03
< @P 3
< @P 0
> VOLUME 100
> QUIT
< @R MPG123 (ThOr) v11
< @V 100.000000%
